[2025-07-23 22:05:39,219] [semantic.py:269] [INFO] running sam!
[2025-07-23 22:05:46,944] [semantic.py:287] [INFO] Processing '/home/sweedal/FoodSAM/assets/realsense_overhead/img_dir/test/dish_1566934401.jpg'...
[2025-07-23 22:05:50,995] [semantic.py:287] [INFO] Processing '/home/sweedal/FoodSAM/assets/realsense_overhead/img_dir/test/dish_1563308323.png'...
[2025-07-23 22:05:54,666] [semantic.py:287] [INFO] Processing '/home/sweedal/FoodSAM/assets/realsense_overhead/img_dir/test/dish_1565640601.png'...
[2025-07-23 22:05:58,088] [semantic.py:287] [INFO] Processing '/home/sweedal/FoodSAM/assets/realsense_overhead/img_dir/test/dish_1563477659.jpg'...
[2025-07-23 22:06:02,041] [semantic.py:287] [INFO] Processing '/home/sweedal/FoodSAM/assets/realsense_overhead/img_dir/test/dish_1565987015.png'...
[2025-07-23 22:06:05,664] [semantic.py:287] [INFO] Processing '/home/sweedal/FoodSAM/assets/realsense_overhead/img_dir/test/dish_1565118067.png'...
[2025-07-23 22:06:09,107] [semantic.py:287] [INFO] Processing '/home/sweedal/FoodSAM/assets/realsense_overhead/img_dir/test/dish_1562617370.jpg'...
[2025-07-23 22:06:12,676] [semantic.py:287] [INFO] Processing '/home/sweedal/FoodSAM/assets/realsense_overhead/img_dir/test/dish_1567613057.png'...
[2025-07-23 22:06:16,227] [semantic.py:287] [INFO] Processing '/home/sweedal/FoodSAM/assets/realsense_overhead/img_dir/test/dish_1562172643.jpg'...
[2025-07-23 22:06:19,646] [semantic.py:287] [INFO] Processing '/home/sweedal/FoodSAM/assets/realsense_overhead/img_dir/test/dish_1563309315.png'...
[2025-07-23 22:06:23,081] [semantic.py:287] [INFO] Processing '/home/sweedal/FoodSAM/assets/realsense_overhead/img_dir/test/dish_1565987015.jpg'...
[2025-07-23 22:06:26,719] [semantic.py:287] [INFO] Processing '/home/sweedal/FoodSAM/assets/realsense_overhead/img_dir/test/dish_1567110783.png'...
[2025-07-23 22:06:30,437] [semantic.py:287] [INFO] Processing '/home/sweedal/FoodSAM/assets/realsense_overhead/img_dir/test/dish_1562872914.jpg'...
[2025-07-23 22:06:33,978] [semantic.py:287] [INFO] Processing '/home/sweedal/FoodSAM/assets/realsense_overhead/img_dir/test/dish_1572021506.jpg'...
[2025-07-23 22:06:37,202] [semantic.py:287] [INFO] Processing '/home/sweedal/FoodSAM/assets/realsense_overhead/img_dir/test/dish_1564589025.jpg'...
[2025-07-23 22:06:40,807] [semantic.py:287] [INFO] Processing '/home/sweedal/FoodSAM/assets/realsense_overhead/img_dir/test/dish_1558719401.jpg'...
[2025-07-23 22:06:44,328] [semantic.py:287] [INFO] Processing '/home/sweedal/FoodSAM/assets/realsense_overhead/img_dir/test/dish_1561661479.png'...
[2025-07-23 22:06:48,226] [semantic.py:287] [INFO] Processing '/home/sweedal/FoodSAM/assets/realsense_overhead/img_dir/test/dish_1566332085.png'...
[2025-07-23 22:06:51,841] [semantic.py:287] [INFO] Processing '/home/sweedal/FoodSAM/assets/realsense_overhead/img_dir/test/dish_1561661347.png'...
[2025-07-23 22:06:55,604] [semantic.py:287] [INFO] Processing '/home/sweedal/FoodSAM/assets/realsense_overhead/img_dir/test/dish_1559157919.jpg'...
[2025-07-23 22:06:59,129] [semantic.py:287] [INFO] Processing '/home/sweedal/FoodSAM/assets/realsense_overhead/img_dir/test/dish_1567613057.jpg'...
[2025-07-23 22:07:02,670] [semantic.py:287] [INFO] Processing '/home/sweedal/FoodSAM/assets/realsense_overhead/img_dir/test/dish_1567110783.jpg'...
[2025-07-23 22:07:06,395] [semantic.py:287] [INFO] Processing '/home/sweedal/FoodSAM/assets/realsense_overhead/img_dir/test/dish_1558637698.png'...
[2025-07-23 22:07:09,841] [semantic.py:287] [INFO] Processing '/home/sweedal/FoodSAM/assets/realsense_overhead/img_dir/test/dish_1561493975.png'...
[2025-07-23 22:07:13,878] [semantic.py:287] [INFO] Processing '/home/sweedal/FoodSAM/assets/realsense_overhead/img_dir/test/dish_1566328894.png'...
[2025-07-23 22:07:17,559] [semantic.py:287] [INFO] Processing '/home/sweedal/FoodSAM/assets/realsense_overhead/img_dir/test/dish_1563477659.png'...
[2025-07-23 22:07:21,693] [semantic.py:287] [INFO] Processing '/home/sweedal/FoodSAM/assets/realsense_overhead/img_dir/test/dish_1561492182.jpg'...
[2025-07-23 22:07:25,342] [semantic.py:287] [INFO] Processing '/home/sweedal/FoodSAM/assets/realsense_overhead/img_dir/test/dish_1562774159.jpg'...
[2025-07-23 22:07:29,119] [semantic.py:287] [INFO] Processing '/home/sweedal/FoodSAM/assets/realsense_overhead/img_dir/test/dish_1563465805.jpg'...
[2025-07-23 22:07:32,736] [semantic.py:287] [INFO] Processing '/home/sweedal/FoodSAM/assets/realsense_overhead/img_dir/test/dish_1566328894.jpg'...
[2025-07-23 22:07:36,485] [semantic.py:287] [INFO] Processing '/home/sweedal/FoodSAM/assets/realsense_overhead/img_dir/test/dish_1558637698.jpg'...
[2025-07-23 22:07:39,976] [semantic.py:287] [INFO] Processing '/home/sweedal/FoodSAM/assets/realsense_overhead/img_dir/test/dish_1558719401.png'...
[2025-07-23 22:07:43,543] [semantic.py:287] [INFO] Processing '/home/sweedal/FoodSAM/assets/realsense_overhead/img_dir/test/dish_1566934401.png'...
[2025-07-23 22:07:47,482] [semantic.py:287] [INFO] Processing '/home/sweedal/FoodSAM/assets/realsense_overhead/img_dir/test/dish_1565118067.jpg'...
[2025-07-23 22:07:50,975] [semantic.py:287] [INFO] Processing '/home/sweedal/FoodSAM/assets/realsense_overhead/img_dir/test/dish_1565725095.jpg'...
[2025-07-23 22:07:54,568] [semantic.py:287] [INFO] Processing '/home/sweedal/FoodSAM/assets/realsense_overhead/img_dir/test/dish_1566332085.jpg'...
[2025-07-23 22:07:58,160] [semantic.py:287] [INFO] Processing '/home/sweedal/FoodSAM/assets/realsense_overhead/img_dir/test/dish_1562872396.jpg'...
[2025-07-23 22:08:01,913] [semantic.py:287] [INFO] Processing '/home/sweedal/FoodSAM/assets/realsense_overhead/img_dir/test/dish_1563465805.png'...
[2025-07-23 22:08:05,484] [semantic.py:287] [INFO] Processing '/home/sweedal/FoodSAM/assets/realsense_overhead/img_dir/test/dish_1564589025.png'...
[2025-07-23 22:08:09,178] [semantic.py:287] [INFO] Processing '/home/sweedal/FoodSAM/assets/realsense_overhead/img_dir/test/dish_1561661479.jpg'...
[2025-07-23 22:08:13,107] [semantic.py:287] [INFO] Processing '/home/sweedal/FoodSAM/assets/realsense_overhead/img_dir/test/dish_1572021506.png'...
[2025-07-23 22:08:16,556] [semantic.py:287] [INFO] Processing '/home/sweedal/FoodSAM/assets/realsense_overhead/img_dir/test/dish_1562010315.jpg'...
[2025-07-23 22:08:19,993] [semantic.py:287] [INFO] Processing '/home/sweedal/FoodSAM/assets/realsense_overhead/img_dir/test/dish_1561661347.jpg'...
[2025-07-23 22:08:23,758] [semantic.py:287] [INFO] Processing '/home/sweedal/FoodSAM/assets/realsense_overhead/img_dir/test/dish_1559157919.png'...
[2025-07-23 22:08:27,307] [semantic.py:287] [INFO] Processing '/home/sweedal/FoodSAM/assets/realsense_overhead/img_dir/test/dish_1564432238.jpg'...
[2025-07-23 22:08:30,746] [semantic.py:287] [INFO] Processing '/home/sweedal/FoodSAM/assets/realsense_overhead/img_dir/test/dish_1561580659.jpg'...
[2025-07-23 22:08:34,185] [semantic.py:287] [INFO] Processing '/home/sweedal/FoodSAM/assets/realsense_overhead/img_dir/test/dish_1558549150.jpg'...
[2025-07-23 22:08:37,729] [semantic.py:287] [INFO] Processing '/home/sweedal/FoodSAM/assets/realsense_overhead/img_dir/test/dish_1558461792.jpg'...
[2025-07-23 22:08:41,278] [semantic.py:287] [INFO] Processing '/home/sweedal/FoodSAM/assets/realsense_overhead/img_dir/test/dish_1565725095.png'...
[2025-07-23 22:08:44,995] [semantic.py:287] [INFO] Processing '/home/sweedal/FoodSAM/assets/realsense_overhead/img_dir/test/dish_1561492182.png'...
[2025-07-23 22:08:48,665] [semantic.py:287] [INFO] Processing '/home/sweedal/FoodSAM/assets/realsense_overhead/img_dir/test/dish_1565640601.jpg'...
[2025-07-23 22:08:52,177] [semantic.py:287] [INFO] Processing '/home/sweedal/FoodSAM/assets/realsense_overhead/img_dir/test/dish_1561148481.jpg'...
[2025-07-23 22:08:55,567] [semantic.py:287] [INFO] Processing '/home/sweedal/FoodSAM/assets/realsense_overhead/img_dir/test/dish_1558461792.png'...
[2025-07-23 22:08:59,171] [semantic.py:287] [INFO] Processing '/home/sweedal/FoodSAM/assets/realsense_overhead/img_dir/test/dish_1564432238.png'...
[2025-07-23 22:09:02,665] [semantic.py:287] [INFO] Processing '/home/sweedal/FoodSAM/assets/realsense_overhead/img_dir/test/dish_1563308323.jpg'...
[2025-07-23 22:09:06,498] [semantic.py:287] [INFO] Processing '/home/sweedal/FoodSAM/assets/realsense_overhead/img_dir/test/dish_1562010315.png'...
[2025-07-23 22:09:09,971] [semantic.py:287] [INFO] Processing '/home/sweedal/FoodSAM/assets/realsense_overhead/img_dir/test/dish_1563309315.jpg'...
[2025-07-23 22:09:13,533] [semantic.py:287] [INFO] Processing '/home/sweedal/FoodSAM/assets/realsense_overhead/img_dir/test/dish_1565118729.jpg'...
[2025-07-23 22:09:17,308] [semantic.py:287] [INFO] Processing '/home/sweedal/FoodSAM/assets/realsense_overhead/img_dir/test/dish_1565118729.png'...
[2025-07-23 22:09:21,163] [semantic.py:287] [INFO] Processing '/home/sweedal/FoodSAM/assets/realsense_overhead/img_dir/test/dish_1558549150.png'...
[2025-07-23 22:09:24,979] [semantic.py:287] [INFO] Processing '/home/sweedal/FoodSAM/assets/realsense_overhead/img_dir/test/dish_1562172643.png'...
[2025-07-23 22:09:28,468] [semantic.py:287] [INFO] Processing '/home/sweedal/FoodSAM/assets/realsense_overhead/img_dir/test/dish_1566922978.jpg'...
[2025-07-23 22:09:32,207] [semantic.py:287] [INFO] Processing '/home/sweedal/FoodSAM/assets/realsense_overhead/img_dir/test/dish_1562872914.png'...
[2025-07-23 22:09:35,780] [semantic.py:287] [INFO] Processing '/home/sweedal/FoodSAM/assets/realsense_overhead/img_dir/test/dish_1562617370.png'...
[2025-07-23 22:09:39,531] [semantic.py:287] [INFO] Processing '/home/sweedal/FoodSAM/assets/realsense_overhead/img_dir/test/dish_1562872396.png'...
[2025-07-23 22:09:43,287] [semantic.py:287] [INFO] Processing '/home/sweedal/FoodSAM/assets/realsense_overhead/img_dir/test/dish_1561148481.png'...
[2025-07-23 22:09:46,699] [semantic.py:287] [INFO] Processing '/home/sweedal/FoodSAM/assets/realsense_overhead/img_dir/test/dish_1566922978.png'...
[2025-07-23 22:09:50,545] [semantic.py:287] [INFO] Processing '/home/sweedal/FoodSAM/assets/realsense_overhead/img_dir/test/dish_1558723926.png'...
[2025-07-23 22:09:54,013] [semantic.py:287] [INFO] Processing '/home/sweedal/FoodSAM/assets/realsense_overhead/img_dir/test/dish_1561493975.jpg'...
[2025-07-23 22:09:58,152] [semantic.py:287] [INFO] Processing '/home/sweedal/FoodSAM/assets/realsense_overhead/img_dir/test/dish_1562774159.png'...
[2025-07-23 22:10:01,960] [semantic.py:287] [INFO] Processing '/home/sweedal/FoodSAM/assets/realsense_overhead/img_dir/test/dish_1561580659.png'...
[2025-07-23 22:10:05,428] [semantic.py:287] [INFO] Processing '/home/sweedal/FoodSAM/assets/realsense_overhead/img_dir/test/dish_1558723926.jpg'...
[2025-07-23 22:10:08,893] [semantic.py:300] [INFO] sam done!

[2025-07-23 22:10:08,893] [semantic.py:303] [INFO] running semantic seg model!
[2025-07-23 22:10:10,206] [logging.py:89] [INFO] Loaded 36 images
[2025-07-23 22:10:39,012] [semantic.py:305] [INFO] semantic predict done!

[2025-07-23 22:10:39,013] [semantic.py:308] [INFO] enhance semantic masks
[2025-07-23 22:10:39,035] [enhance_semantic_masks.py:28] [INFO] /home/sweedal/FoodSAM/results/segmentations/dish_1561580659/sam_mask/0 assign label: [ 0, background, 1.00, 0.1025 ]
[2025-07-23 22:10:39,055] [enhance_semantic_masks.py:28] [INFO] /home/sweedal/FoodSAM/results/segmentations/dish_1561580659/sam_mask/1 assign label: [ 0, background, 0.99, 0.2400 ]
[2025-07-23 22:10:39,056] [enhance_semantic_masks.py:28] [INFO] /home/sweedal/FoodSAM/results/segmentations/dish_1561580659/sam_mask/2 assign label: [ 77, rape, 0.97, 0.0073 ]
[2025-07-23 22:10:39,056] [enhance_semantic_masks.py:28] [INFO] /home/sweedal/FoodSAM/results/segmentations/dish_1561580659/sam_mask/3 assign label: [ 0, background, 1.00, 0.0112 ]
[2025-07-23 22:10:39,057] [enhance_semantic_masks.py:28] [INFO] /home/sweedal/FoodSAM/results/segmentations/dish_1561580659/sam_mask/4 assign label: [ 70, potato, 0.96, 0.0028 ]
[2025-07-23 22:10:39,057] [enhance_semantic_masks.py:28] [INFO] /home/sweedal/FoodSAM/results/segmentations/dish_1561580659/sam_mask/5 assign label: [ 0, background, 1.00, 0.0012 ]
[2025-07-23 22:10:39,058] [enhance_semantic_masks.py:28] [INFO] /home/sweedal/FoodSAM/results/segmentations/dish_1561580659/sam_mask/6 assign label: [ 70, potato, 0.99, 0.0045 ]
[2025-07-23 22:10:39,058] [enhance_semantic_masks.py:28] [INFO] /home/sweedal/FoodSAM/results/segmentations/dish_1561580659/sam_mask/7 assign label: [ 72, cauliflower, 0.59, 0.0020 ]
[2025-07-23 22:10:39,059] [enhance_semantic_masks.py:28] [INFO] /home/sweedal/FoodSAM/results/segmentations/dish_1561580659/sam_mask/8 assign label: [ 47, pork, 1.00, 0.0154 ]
[2025-07-23 22:10:39,065] [enhance_semantic_masks.py:28] [INFO] /home/sweedal/FoodSAM/results/segmentations/dish_1561580659/sam_mask/9 assign label: [ 0, background, 1.00, 0.0821 ]
[2025-07-23 22:10:39,066] [enhance_semantic_masks.py:28] [INFO] /home/sweedal/FoodSAM/results/segmentations/dish_1561580659/sam_mask/10 assign label: [ 70, potato, 0.98, 0.0022 ]
[2025-07-23 22:10:39,067] [enhance_semantic_masks.py:28] [INFO] /home/sweedal/FoodSAM/results/segmentations/dish_1561580659/sam_mask/11 assign label: [ 47, pork, 0.98, 0.0153 ]
[2025-07-23 22:10:39,067] [enhance_semantic_masks.py:28] [INFO] /home/sweedal/FoodSAM/results/segmentations/dish_1561580659/sam_mask/12 assign label: [ 77, rape, 0.90, 0.0013 ]
[2025-07-23 22:10:39,067] [enhance_semantic_masks.py:28] [INFO] /home/sweedal/FoodSAM/results/segmentations/dish_1561580659/sam_mask/13 assign label: [ 0, background, 1.00, 0.0008 ]
[2025-07-23 22:10:39,068] [enhance_semantic_masks.py:28] [INFO] /home/sweedal/FoodSAM/results/segmentations/dish_1561580659/sam_mask/14 assign label: [ 66, rice, 0.92, 0.0025 ]
[2025-07-23 22:10:39,068] [enhance_semantic_masks.py:28] [INFO] /home/sweedal/FoodSAM/results/segmentations/dish_1561580659/sam_mask/15 assign label: [ 0, background, 1.00, 0.0033 ]
[2025-07-23 22:10:39,069] [enhance_semantic_masks.py:28] [INFO] /home/sweedal/FoodSAM/results/segmentations/dish_1561580659/sam_mask/16 assign label: [ 77, rape, 0.99, 0.0014 ]
[2025-07-23 22:10:39,075] [enhance_semantic_masks.py:28] [INFO] /home/sweedal/FoodSAM/results/segmentations/dish_1561580659/sam_mask/17 assign label: [ 0, background, 1.00, 0.0821 ]
[2025-07-23 22:10:39,076] [enhance_semantic_masks.py:28] [INFO] /home/sweedal/FoodSAM/results/segmentations/dish_1561580659/sam_mask/18 assign label: [ 77, rape, 1.00, 0.0115 ]
[2025-07-23 22:10:39,076] [enhance_semantic_masks.py:28] [INFO] /home/sweedal/FoodSAM/results/segmentations/dish_1561580659/sam_mask/19 assign label: [ 66, rice, 0.71, 0.0017 ]
[2025-07-23 22:10:39,077] [enhance_semantic_masks.py:28] [INFO] /home/sweedal/FoodSAM/results/segmentations/dish_1561580659/sam_mask/20 assign label: [ 77, rape, 1.00, 0.0115 ]
[2025-07-23 22:10:39,077] [enhance_semantic_masks.py:28] [INFO] /home/sweedal/FoodSAM/results/segmentations/dish_1561580659/sam_mask/21 assign label: [ 0, background, 0.53, 0.0011 ]
[2025-07-23 22:10:39,077] [enhance_semantic_masks.py:28] [INFO] /home/sweedal/FoodSAM/results/segmentations/dish_1561580659/sam_mask/22 assign label: [ 0, background, 1.00, 0.0025 ]
[2025-07-23 22:10:39,078] [enhance_semantic_masks.py:28] [INFO] /home/sweedal/FoodSAM/results/segmentations/dish_1561580659/sam_mask/23 assign label: [ 77, rape, 1.00, 0.0033 ]
[2025-07-23 22:10:39,080] [enhance_semantic_masks.py:28] [INFO] /home/sweedal/FoodSAM/results/segmentations/dish_1561580659/sam_mask/24 assign label: [ 0, background, 1.00, 0.0245 ]
[2025-07-23 22:10:39,080] [enhance_semantic_masks.py:28] [INFO] /home/sweedal/FoodSAM/results/segmentations/dish_1561580659/sam_mask/25 assign label: [ 70, potato, 0.90, 0.0021 ]
[2025-07-23 22:10:39,080] [enhance_semantic_masks.py:28] [INFO] /home/sweedal/FoodSAM/results/segmentations/dish_1561580659/sam_mask/26 assign label: [ 0, background, 1.00, 0.0041 ]
[2025-07-23 22:10:39,081] [enhance_semantic_masks.py:28] [INFO] /home/sweedal/FoodSAM/results/segmentations/dish_1561580659/sam_mask/27 assign label: [ 77, rape, 1.00, 0.0031 ]
[2025-07-23 22:10:39,081] [enhance_semantic_masks.py:28] [INFO] /home/sweedal/FoodSAM/results/segmentations/dish_1561580659/sam_mask/28 assign label: [ 0, background, 1.00, 0.0018 ]
[2025-07-23 22:10:39,082] [enhance_semantic_masks.py:28] [INFO] /home/sweedal/FoodSAM/results/segmentations/dish_1561580659/sam_mask/29 assign label: [ 77, rape, 1.00, 0.0031 ]
[2025-07-23 22:10:39,082] [enhance_semantic_masks.py:28] [INFO] /home/sweedal/FoodSAM/results/segmentations/dish_1561580659/sam_mask/30 assign label: [ 47, pork, 0.97, 0.0040 ]
[2025-07-23 22:10:39,082] [enhance_semantic_masks.py:28] [INFO] /home/sweedal/FoodSAM/results/segmentations/dish_1561580659/sam_mask/31 assign label: [ 70, potato, 0.86, 0.0015 ]
[2025-07-23 22:10:39,083] [enhance_semantic_masks.py:28] [INFO] /home/sweedal/FoodSAM/results/segmentations/dish_1561580659/sam_mask/32 assign label: [ 77, rape, 1.00, 0.0004 ]
[2025-07-23 22:10:39,083] [enhance_semantic_masks.py:28] [INFO] /home/sweedal/FoodSAM/results/segmentations/dish_1561580659/sam_mask/33 assign label: [ 77, rape, 0.41, 0.0008 ]
[2025-07-23 22:10:39,083] [enhance_semantic_masks.py:28] [INFO] /home/sweedal/FoodSAM/results/segmentations/dish_1561580659/sam_mask/34 assign label: [ 0, background, 1.00, 0.0020 ]
[2025-07-23 22:10:39,084] [enhance_semantic_masks.py:28] [INFO] /home/sweedal/FoodSAM/results/segmentations/dish_1561580659/sam_mask/35 assign label: [ 0, background, 1.00, 0.0004 ]
[2025-07-23 22:10:39,084] [enhance_semantic_masks.py:28] [INFO] /home/sweedal/FoodSAM/results/segmentations/dish_1561580659/sam_mask/36 assign label: [ 0, background, 1.00, 0.0035 ]
[2025-07-23 22:10:39,085] [enhance_semantic_masks.py:28] [INFO] /home/sweedal/FoodSAM/results/segmentations/dish_1561580659/sam_mask/37 assign label: [ 77, rape, 1.00, 0.0059 ]
[2025-07-23 22:10:39,085] [enhance_semantic_masks.py:28] [INFO] /home/sweedal/FoodSAM/results/segmentations/dish_1561580659/sam_mask/38 assign label: [ 0, background, 0.70, 0.0012 ]
[2025-07-23 22:10:39,085] [enhance_semantic_masks.py:28] [INFO] /home/sweedal/FoodSAM/results/segmentations/dish_1561580659/sam_mask/39 assign label: [ 77, rape, 0.86, 0.0021 ]
[2025-07-23 22:10:39,086] [enhance_semantic_masks.py:28] [INFO] /home/sweedal/FoodSAM/results/segmentations/dish_1561580659/sam_mask/40 assign label: [ 70, potato, 0.95, 0.0045 ]
[2025-07-23 22:10:39,086] [enhance_semantic_masks.py:28] [INFO] /home/sweedal/FoodSAM/results/segmentations/dish_1561580659/sam_mask/41 assign label: [ 77, rape, 1.00, 0.0013 ]
[2025-07-23 22:10:39,087] [enhance_semantic_masks.py:28] [INFO] /home/sweedal/FoodSAM/results/segmentations/dish_1561580659/sam_mask/42 assign label: [ 77, rape, 1.00, 0.0063 ]
[2025-07-23 22:10:39,087] [enhance_semantic_masks.py:28] [INFO] /home/sweedal/FoodSAM/results/segmentations/dish_1561580659/sam_mask/43 assign label: [ 103, other ingredients, 0.64, 0.0030 ]
[2025-07-23 22:10:39,087] [enhance_semantic_masks.py:28] [INFO] /home/sweedal/FoodSAM/results/segmentations/dish_1561580659/sam_mask/44 assign label: [ 0, background, 1.00, 0.0009 ]
[2025-07-23 22:10:39,088] [enhance_semantic_masks.py:28] [INFO] /home/sweedal/FoodSAM/results/segmentations/dish_1561580659/sam_mask/45 assign label: [ 70, potato, 0.97, 0.0151 ]
[2025-07-23 22:10:39,096] [enhance_semantic_masks.py:28] [INFO] /home/sweedal/FoodSAM/results/segmentations/dish_1561580659/sam_mask/46 assign label: [ 0, background, 1.00, 0.1036 ]
[2025-07-23 22:10:39,096] [enhance_semantic_masks.py:28] [INFO] /home/sweedal/FoodSAM/results/segmentations/dish_1561580659/sam_mask/47 assign label: [ 47, pork, 0.95, 0.0014 ]
[2025-07-23 22:10:39,097] [enhance_semantic_masks.py:28] [INFO] /home/sweedal/FoodSAM/results/segmentations/dish_1561580659/sam_mask/48 assign label: [ 77, rape, 0.38, 0.0056 ]
[2025-07-23 22:10:39,097] [enhance_semantic_masks.py:28] [INFO] /home/sweedal/FoodSAM/results/segmentations/dish_1561580659/sam_mask/49 assign label: [ 0, background, 1.00, 0.0048 ]
[2025-07-23 22:10:39,098] [enhance_semantic_masks.py:28] [INFO] /home/sweedal/FoodSAM/results/segmentations/dish_1561580659/sam_mask/50 assign label: [ 70, potato, 0.94, 0.0006 ]
[2025-07-23 22:10:39,098] [enhance_semantic_masks.py:28] [INFO] /home/sweedal/FoodSAM/results/segmentations/dish_1561580659/sam_mask/51 assign label: [ 103, other ingredients, 0.51, 0.0019 ]
[2025-07-23 22:10:39,098] [enhance_semantic_masks.py:28] [INFO] /home/sweedal/FoodSAM/results/segmentations/dish_1561580659/sam_mask/52 assign label: [ 103, other ingredients, 0.98, 0.0012 ]
[2025-07-23 22:10:39,099] [enhance_semantic_masks.py:28] [INFO] /home/sweedal/FoodSAM/results/segmentations/dish_1561580659/sam_mask/53 assign label: [ 0, background, 1.00, 0.0010 ]
[2025-07-23 22:10:39,099] [enhance_semantic_masks.py:28] [INFO] /home/sweedal/FoodSAM/results/segmentations/dish_1561580659/sam_mask/54 assign label: [ 0, background, 1.00, 0.0137 ]
[2025-07-23 22:10:39,101] [enhance_semantic_masks.py:28] [INFO] /home/sweedal/FoodSAM/results/segmentations/dish_1561580659/sam_mask/55 assign label: [ 77, rape, 1.00, 0.0150 ]
[2025-07-23 22:10:39,101] [enhance_semantic_masks.py:28] [INFO] /home/sweedal/FoodSAM/results/segmentations/dish_1561580659/sam_mask/56 assign label: [ 77, rape, 1.00, 0.0021 ]
[2025-07-23 22:10:39,102] [enhance_semantic_masks.py:28] [INFO] /home/sweedal/FoodSAM/results/segmentations/dish_1561580659/sam_mask/57 assign label: [ 0, background, 1.00, 0.0076 ]
[2025-07-23 22:10:39,102] [enhance_semantic_masks.py:28] [INFO] /home/sweedal/FoodSAM/results/segmentations/dish_1561580659/sam_mask/58 assign label: [ 77, rape, 1.00, 0.0007 ]
[2025-07-23 22:10:39,102] [enhance_semantic_masks.py:28] [INFO] /home/sweedal/FoodSAM/results/segmentations/dish_1561580659/sam_mask/59 assign label: [ 103, other ingredients, 0.63, 0.0003 ]
[2025-07-23 22:10:39,103] [enhance_semantic_masks.py:28] [INFO] /home/sweedal/FoodSAM/results/segmentations/dish_1561580659/sam_mask/60 assign label: [ 0, background, 1.00, 0.0009 ]
[2025-07-23 22:10:39,103] [enhance_semantic_masks.py:28] [INFO] /home/sweedal/FoodSAM/results/segmentations/dish_1561580659/sam_mask/61 assign label: [ 66, rice, 0.51, 0.0006 ]
[2025-07-23 22:10:39,103] [enhance_semantic_masks.py:28] [INFO] /home/sweedal/FoodSAM/results/segmentations/dish_1561580659/sam_mask/62 assign label: [ 77, rape, 1.00, 0.0014 ]
[2025-07-23 22:10:39,104] [enhance_semantic_masks.py:28] [INFO] /home/sweedal/FoodSAM/results/segmentations/dish_1561580659/sam_mask/63 assign label: [ 0, background, 1.00, 0.0048 ]
[2025-07-23 22:10:39,104] [enhance_semantic_masks.py:28] [INFO] /home/sweedal/FoodSAM/results/segmentations/dish_1561580659/sam_mask/64 assign label: [ 70, potato, 0.58, 0.0005 ]
[2025-07-23 22:10:39,104] [enhance_semantic_masks.py:28] [INFO] /home/sweedal/FoodSAM/results/segmentations/dish_1561580659/sam_mask/65 assign label: [ 103, other ingredients, 0.60, 0.0036 ]
[2025-07-23 22:10:39,105] [enhance_semantic_masks.py:28] [INFO] /home/sweedal/FoodSAM/results/segmentations/dish_1561580659/sam_mask/66 assign label: [ 70, potato, 0.84, 0.0019 ]
[2025-07-23 22:10:39,105] [enhance_semantic_masks.py:28] [INFO] /home/sweedal/FoodSAM/results/segmentations/dish_1561580659/sam_mask/67 assign label: [ 66, rice, 1.00, 0.0019 ]
[2025-07-23 22:10:39,105] [enhance_semantic_masks.py:28] [INFO] /home/sweedal/FoodSAM/results/segmentations/dish_1561580659/sam_mask/68 assign label: [ 77, rape, 0.39, 0.0056 ]
[2025-07-23 22:10:39,106] [enhance_semantic_masks.py:28] [INFO] /home/sweedal/FoodSAM/results/segmentations/dish_1561580659/sam_mask/69 assign label: [ 0, background, 1.00, 0.0005 ]
[2025-07-23 22:10:39,106] [enhance_semantic_masks.py:28] [INFO] /home/sweedal/FoodSAM/results/segmentations/dish_1561580659/sam_mask/70 assign label: [ 0, background, 1.00, 0.0046 ]
[2025-07-23 22:10:39,106] [enhance_semantic_masks.py:28] [INFO] /home/sweedal/FoodSAM/results/segmentations/dish_1561580659/sam_mask/71 assign label: [ 77, rape, 0.83, 0.0007 ]
[2025-07-23 22:10:39,107] [enhance_semantic_masks.py:28] [INFO] /home/sweedal/FoodSAM/results/segmentations/dish_1561580659/sam_mask/72 assign label: [ 70, potato, 0.93, 0.0032 ]
[2025-07-23 22:10:39,107] [enhance_semantic_masks.py:28] [INFO] /home/sweedal/FoodSAM/results/segmentations/dish_1561580659/sam_mask/73 assign label: [ 47, pork, 0.92, 0.0053 ]
[2025-07-23 22:10:39,108] [enhance_semantic_masks.py:28] [INFO] /home/sweedal/FoodSAM/results/segmentations/dish_1561580659/sam_mask/74 assign label: [ 77, rape, 1.00, 0.0032 ]
[2025-07-23 22:10:39,108] [enhance_semantic_masks.py:28] [INFO] /home/sweedal/FoodSAM/results/segmentations/dish_1561580659/sam_mask/75 assign label: [ 70, potato, 0.79, 0.0026 ]
[2025-07-23 22:10:39,109] [enhance_semantic_masks.py:28] [INFO] /home/sweedal/FoodSAM/results/segmentations/dish_1561580659/sam_mask/76 assign label: [ 66, rice, 1.00, 0.0152 ]
[2025-07-23 22:10:39,111] [enhance_semantic_masks.py:28] [INFO] /home/sweedal/FoodSAM/results/segmentations/dish_1561580659/sam_mask/77 assign label: [ 70, potato, 0.97, 0.0213 ]
[2025-07-23 22:10:39,112] [enhance_semantic_masks.py:28] [INFO] /home/sweedal/FoodSAM/results/segmentations/dish_1561580659/sam_mask/78 assign label: [ 47, pork, 1.00, 0.0131 ]
[2025-07-23 22:10:39,112] [enhance_semantic_masks.py:28] [INFO] /home/sweedal/FoodSAM/results/segmentations/dish_1561580659/sam_mask/79 assign label: [ 0, background, 1.00, 0.0017 ]
[2025-07-23 22:10:39,112] [enhance_semantic_masks.py:28] [INFO] /home/sweedal/FoodSAM/results/segmentations/dish_1561580659/sam_mask/80 assign label: [ 70, potato, 0.83, 0.0009 ]
[2025-07-23 22:10:39,113] [enhance_semantic_masks.py:28] [INFO] /home/sweedal/FoodSAM/results/segmentations/dish_1561580659/sam_mask/81 assign label: [ 77, rape, 1.00, 0.0003 ]
[2025-07-23 22:10:39,113] [enhance_semantic_masks.py:28] [INFO] /home/sweedal/FoodSAM/results/segmentations/dish_1561580659/sam_mask/82 assign label: [ 103, other ingredients, 0.61, 0.0008 ]
[2025-07-23 22:10:39,118] [enhance_semantic_masks.py:28] [INFO] /home/sweedal/FoodSAM/results/segmentations/dish_1561580659/sam_mask/83 assign label: [ 0, background, 1.00, 0.0599 ]
[2025-07-23 22:10:39,118] [enhance_semantic_masks.py:28] [INFO] /home/sweedal/FoodSAM/results/segmentations/dish_1561580659/sam_mask/84 assign label: [ 47, pork, 1.00, 0.0019 ]
[2025-07-23 22:10:39,118] [enhance_semantic_masks.py:28] [INFO] /home/sweedal/FoodSAM/results/segmentations/dish_1561580659/sam_mask/85 assign label: [ 0, background, 0.94, 0.0004 ]
[2025-07-23 22:10:39,118] [enhance_semantic_masks.py:28] [INFO] /home/sweedal/FoodSAM/results/segmentations/dish_1561580659/sam_mask/86 assign label: [ 77, rape, 0.83, 0.0024 ]
[2025-07-23 22:10:39,119] [enhance_semantic_masks.py:28] [INFO] /home/sweedal/FoodSAM/results/segmentations/dish_1561580659/sam_mask/87 assign label: [ 77, rape, 1.00, 0.0005 ]
[2025-07-23 22:10:39,119] [enhance_semantic_masks.py:28] [INFO] /home/sweedal/FoodSAM/results/segmentations/dish_1561580659/sam_mask/88 assign label: [ 66, rice, 0.76, 0.0016 ]
[2025-07-23 22:10:39,119] [enhance_semantic_masks.py:28] [INFO] /home/sweedal/FoodSAM/results/segmentations/dish_1561580659/sam_mask/89 assign label: [ 77, rape, 1.00, 0.0053 ]
[2025-07-23 22:10:39,120] [enhance_semantic_masks.py:28] [INFO] /home/sweedal/FoodSAM/results/segmentations/dish_1561580659/sam_mask/90 assign label: [ 77, rape, 1.00, 0.0013 ]
[2025-07-23 22:10:39,120] [enhance_semantic_masks.py:28] [INFO] /home/sweedal/FoodSAM/results/segmentations/dish_1561580659/sam_mask/91 assign label: [ 77, rape, 0.90, 0.0011 ]
[2025-07-23 22:10:39,120] [enhance_semantic_masks.py:28] [INFO] /home/sweedal/FoodSAM/results/segmentations/dish_1561580659/sam_mask/92 assign label: [ 77, rape, 1.00, 0.0046 ]
[2025-07-23 22:10:39,121] [enhance_semantic_masks.py:28] [INFO] /home/sweedal/FoodSAM/results/segmentations/dish_1561580659/sam_mask/93 assign label: [ 77, rape, 1.00, 0.0038 ]
[2025-07-23 22:10:39,121] [enhance_semantic_masks.py:28] [INFO] /home/sweedal/FoodSAM/results/segmentations/dish_1561580659/sam_mask/94 assign label: [ 66, rice, 1.00, 0.0069 ]
[2025-07-23 22:10:39,121] [enhance_semantic_masks.py:28] [INFO] /home/sweedal/FoodSAM/results/segmentations/dish_1561580659/sam_mask/95 assign label: [ 77, rape, 1.00, 0.0014 ]
[2025-07-23 22:10:39,122] [enhance_semantic_masks.py:28] [INFO] /home/sweedal/FoodSAM/results/segmentations/dish_1561580659/sam_mask/96 assign label: [ 66, rice, 1.00, 0.0006 ]
[2025-07-23 22:10:39,122] [enhance_semantic_masks.py:28] [INFO] /home/sweedal/FoodSAM/results/segmentations/dish_1561580659/sam_mask/97 assign label: [ 0, background, 0.87, 0.0003 ]
[2025-07-23 22:10:39,122] [enhance_semantic_masks.py:28] [INFO] /home/sweedal/FoodSAM/results/segmentations/dish_1561580659/sam_mask/98 assign label: [ 103, other ingredients, 0.93, 0.0005 ]
[2025-07-23 22:10:39,122] [enhance_semantic_masks.py:28] [INFO] /home/sweedal/FoodSAM/results/segmentations/dish_1561580659/sam_mask/99 assign label: [ 77, rape, 0.56, 0.0018 ]
[2025-07-23 22:10:39,123] [enhance_semantic_masks.py:28] [INFO] /home/sweedal/FoodSAM/results/segmentations/dish_1561580659/sam_mask/100 assign label: [ 77, rape, 0.96, 0.0021 ]
[2025-07-23 22:10:39,123] [enhance_semantic_masks.py:28] [INFO] /home/sweedal/FoodSAM/results/segmentations/dish_1561580659/sam_mask/101 assign label: [ 77, rape, 1.00, 0.0118 ]
[2025-07-23 22:10:39,124] [enhance_semantic_masks.py:28] [INFO] /home/sweedal/FoodSAM/results/segmentations/dish_1561580659/sam_mask/102 assign label: [ 77, rape, 0.57, 0.0014 ]
[2025-07-23 22:10:39,124] [enhance_semantic_masks.py:28] [INFO] /home/sweedal/FoodSAM/results/segmentations/dish_1561580659/sam_mask/103 assign label: [ 0, background, 1.00, 0.0030 ]
[2025-07-23 22:10:39,124] [enhance_semantic_masks.py:28] [INFO] /home/sweedal/FoodSAM/results/segmentations/dish_1561580659/sam_mask/104 assign label: [ 77, rape, 1.00, 0.0045 ]
[2025-07-23 22:10:39,127] [enhance_semantic_masks.py:28] [INFO] /home/sweedal/FoodSAM/results/segmentations/dish_1561580659/sam_mask/105 assign label: [ 0, background, 0.99, 0.0344 ]
[2025-07-23 22:10:39,127] [enhance_semantic_masks.py:28] [INFO] /home/sweedal/FoodSAM/results/segmentations/dish_1561580659/sam_mask/106 assign label: [ 66, rice, 0.78, 0.0003 ]
[2025-07-23 22:10:39,127] [enhance_semantic_masks.py:28] [INFO] /home/sweedal/FoodSAM/results/segmentations/dish_1561580659/sam_mask/107 assign label: [ 103, other ingredients, 0.85, 0.0011 ]
[2025-07-23 22:10:39,128] [enhance_semantic_masks.py:28] [INFO] /home/sweedal/FoodSAM/results/segmentations/dish_1561580659/sam_mask/108 assign label: [ 77, rape, 1.00, 0.0013 ]
[2025-07-23 22:10:39,128] [enhance_semantic_masks.py:28] [INFO] /home/sweedal/FoodSAM/results/segmentations/dish_1561580659/sam_mask/109 assign label: [ 70, potato, 0.95, 0.0074 ]
[2025-07-23 22:10:39,129] [enhance_semantic_masks.py:28] [INFO] /home/sweedal/FoodSAM/results/segmentations/dish_1561580659/sam_mask/110 assign label: [ 0, background, 1.00, 0.0078 ]
[2025-07-23 22:10:39,129] [enhance_semantic_masks.py:28] [INFO] /home/sweedal/FoodSAM/results/segmentations/dish_1561580659/sam_mask/111 assign label: [ 0, background, 1.00, 0.0013 ]
[2025-07-23 22:10:39,131] [enhance_semantic_masks.py:28] [INFO] /home/sweedal/FoodSAM/results/segmentations/dish_1561580659/sam_mask/112 assign label: [ 70, potato, 0.96, 0.0215 ]
[2025-07-23 22:10:39,132] [enhance_semantic_masks.py:28] [INFO] /home/sweedal/FoodSAM/results/segmentations/dish_1561580659/sam_mask/113 assign label: [ 47, pork, 1.00, 0.0133 ]
[2025-07-23 22:10:39,138] [enhance_semantic_masks.py:28] [INFO] /home/sweedal/FoodSAM/results/segmentations/dish_1558461792/sam_mask/0 assign label: [ 73, tomato, 1.00, 0.0067 ]
[2025-07-23 22:10:39,139] [enhance_semantic_masks.py:28] [INFO] /home/sweedal/FoodSAM/results/segmentations/dish_1558461792/sam_mask/1 assign label: [ 73, tomato, 0.99, 0.0075 ]
[2025-07-23 22:10:39,139] [enhance_semantic_masks.py:28] [INFO] /home/sweedal/FoodSAM/results/segmentations/dish_1558461792/sam_mask/2 assign label: [ 73, tomato, 0.99, 0.0073 ]
[2025-07-23 22:10:39,141] [enhance_semantic_masks.py:28] [INFO] /home/sweedal/FoodSAM/results/segmentations/dish_1558461792/sam_mask/3 assign label: [ 0, background, 1.00, 0.0254 ]
[2025-07-23 22:10:39,142] [enhance_semantic_masks.py:28] [INFO] /home/sweedal/FoodSAM/results/segmentations/dish_1558461792/sam_mask/4 assign label: [ 73, tomato, 0.93, 0.0049 ]
[2025-07-23 22:10:39,142] [enhance_semantic_masks.py:28] [INFO] /home/sweedal/FoodSAM/results/segmentations/dish_1558461792/sam_mask/5 assign label: [ 73, tomato, 0.99, 0.0070 ]
[2025-07-23 22:10:39,143] [enhance_semantic_masks.py:28] [INFO] /home/sweedal/FoodSAM/results/segmentations/dish_1558461792/sam_mask/6 assign label: [ 73, tomato, 1.00, 0.0074 ]
[2025-07-23 22:10:39,146] [enhance_semantic_masks.py:28] [INFO] /home/sweedal/FoodSAM/results/segmentations/dish_1558461792/sam_mask/7 assign label: [ 0, background, 1.00, 0.0455 ]
[2025-07-23 22:10:39,147] [enhance_semantic_masks.py:28] [INFO] /home/sweedal/FoodSAM/results/segmentations/dish_1558461792/sam_mask/8 assign label: [ 89, cilantro mint, 1.00, 0.0093 ]
[2025-07-23 22:10:39,147] [enhance_semantic_masks.py:28] [INFO] /home/sweedal/FoodSAM/results/segmentations/dish_1558461792/sam_mask/9 assign label: [ 73, tomato, 0.94, 0.0038 ]
[2025-07-23 22:10:39,148] [enhance_semantic_masks.py:28] [INFO] /home/sweedal/FoodSAM/results/segmentations/dish_1558461792/sam_mask/10 assign label: [ 41, grape, 0.98, 0.0042 ]
[2025-07-23 22:10:39,148] [enhance_semantic_masks.py:28] [INFO] /home/sweedal/FoodSAM/results/segmentations/dish_1558461792/sam_mask/11 assign label: [ 89, cilantro mint, 0.42, 0.0042 ]
[2025-07-23 22:10:39,169] [enhance_semantic_masks.py:28] [INFO] /home/sweedal/FoodSAM/results/segmentations/dish_1558461792/sam_mask/12 assign label: [ 0, background, 0.98, 0.2386 ]
[2025-07-23 22:10:39,169] [enhance_semantic_masks.py:28] [INFO] /home/sweedal/FoodSAM/results/segmentations/dish_1558461792/sam_mask/13 assign label: [ 73, tomato, 0.83, 0.0038 ]
[2025-07-23 22:10:39,178] [enhance_semantic_masks.py:28] [INFO] /home/sweedal/FoodSAM/results/segmentations/dish_1558461792/sam_mask/14 assign label: [ 0, background, 1.00, 0.1157 ]
[2025-07-23 22:10:39,179] [enhance_semantic_masks.py:28] [INFO] /home/sweedal/FoodSAM/results/segmentations/dish_1558461792/sam_mask/15 assign label: [ 41, grape, 0.97, 0.0026 ]
[2025-07-23 22:10:39,179] [enhance_semantic_masks.py:28] [INFO] /home/sweedal/FoodSAM/results/segmentations/dish_1558461792/sam_mask/16 assign label: [ 73, tomato, 0.93, 0.0042 ]
[2025-07-23 22:10:39,180] [enhance_semantic_masks.py:28] [INFO] /home/sweedal/FoodSAM/results/segmentations/dish_1558461792/sam_mask/17 assign label: [ 17, almond, 0.97, 0.0031 ]
[2025-07-23 22:10:39,180] [enhance_semantic_masks.py:28] [INFO] /home/sweedal/FoodSAM/results/segmentations/dish_1558461792/sam_mask/18 assign label: [ 41, grape, 0.92, 0.0038 ]
[2025-07-23 22:10:39,180] [enhance_semantic_masks.py:28] [INFO] /home/sweedal/FoodSAM/results/segmentations/dish_1558461792/sam_mask/19 assign label: [ 73, tomato, 0.56, 0.0034 ]
[2025-07-23 22:10:39,181] [enhance_semantic_masks.py:28] [INFO] /home/sweedal/FoodSAM/results/segmentations/dish_1558461792/sam_mask/20 assign label: [ 17, almond, 0.99, 0.0022 ]
[2025-07-23 22:10:39,189] [enhance_semantic_masks.py:28] [INFO] /home/sweedal/FoodSAM/results/segmentations/dish_1558461792/sam_mask/21 assign label: [ 0, background, 1.00, 0.1155 ]
[2025-07-23 22:10:39,190] [enhance_semantic_masks.py:28] [INFO] /home/sweedal/FoodSAM/results/segmentations/dish_1558461792/sam_mask/22 assign label: [ 17, almond, 0.96, 0.0022 ]
[2025-07-23 22:10:39,190] [enhance_semantic_masks.py:28] [INFO] /home/sweedal/FoodSAM/results/segmentations/dish_1558461792/sam_mask/23 assign label: [ 17, almond, 1.00, 0.0025 ]
[2025-07-23 22:10:39,190] [enhance_semantic_masks.py:28] [INFO] /home/sweedal/FoodSAM/results/segmentations/dish_1558461792/sam_mask/24 assign label: [ 41, grape, 0.99, 0.0047 ]
[2025-07-23 22:10:39,199] [enhance_semantic_masks.py:28] [INFO] /home/sweedal/FoodSAM/results/segmentations/dish_1558461792/sam_mask/25 assign label: [ 0, background, 1.00, 0.1152 ]
[2025-07-23 22:10:39,200] [enhance_semantic_masks.py:28] [INFO] /home/sweedal/FoodSAM/results/segmentations/dish_1558461792/sam_mask/26 assign label: [ 73, tomato, 0.54, 0.0035 ]
[2025-07-23 22:10:39,200] [enhance_semantic_masks.py:28] [INFO] /home/sweedal/FoodSAM/results/segmentations/dish_1558461792/sam_mask/27 assign label: [ 41, grape, 0.88, 0.0038 ]
[2025-07-23 22:10:39,200] [enhance_semantic_masks.py:28] [INFO] /home/sweedal/FoodSAM/results/segmentations/dish_1558461792/sam_mask/28 assign label: [ 17, almond, 0.97, 0.0022 ]
[2025-07-23 22:10:39,201] [enhance_semantic_masks.py:28] [INFO] /home/sweedal/FoodSAM/results/segmentations/dish_1558461792/sam_mask/29 assign label: [ 41, grape, 0.99, 0.0038 ]
[2025-07-23 22:10:39,201] [enhance_semantic_masks.py:28] [INFO] /home/sweedal/FoodSAM/results/segmentations/dish_1558461792/sam_mask/30 assign label: [ 17, almond, 0.79, 0.0017 ]
[2025-07-23 22:10:39,202] [enhance_semantic_masks.py:28] [INFO] /home/sweedal/FoodSAM/results/segmentations/dish_1558461792/sam_mask/31 assign label: [ 0, background, 1.00, 0.0107 ]
[2025-07-23 22:10:39,202] [enhance_semantic_masks.py:28] [INFO] /home/sweedal/FoodSAM/results/segmentations/dish_1558461792/sam_mask/32 assign label: [ 41, grape, 1.00, 0.0036 ]
[2025-07-23 22:10:39,203] [enhance_semantic_masks.py:28] [INFO] /home/sweedal/FoodSAM/results/segmentations/dish_1558461792/sam_mask/33 assign label: [ 41, grape, 0.94, 0.0025 ]
[2025-07-23 22:10:39,203] [enhance_semantic_masks.py:28] [INFO] /home/sweedal/FoodSAM/results/segmentations/dish_1558461792/sam_mask/34 assign label: [ 73, tomato, 0.81, 0.0032 ]
[2025-07-23 22:10:39,203] [enhance_semantic_masks.py:28] [INFO] /home/sweedal/FoodSAM/results/segmentations/dish_1558461792/sam_mask/35 assign label: [ 17, almond, 1.00, 0.0022 ]
[2025-07-23 22:10:39,214] [enhance_semantic_masks.py:28] [INFO] /home/sweedal/FoodSAM/results/segmentations/dish_1558461792/sam_mask/36 assign label: [ 0, background, 1.00, 0.1361 ]
[2025-07-23 22:10:39,214] [enhance_semantic_masks.py:28] [INFO] /home/sweedal/FoodSAM/results/segmentations/dish_1558461792/sam_mask/37 assign label: [ 41, grape, 0.86, 0.0022 ]
[2025-07-23 22:10:39,215] [enhance_semantic_masks.py:28] [INFO] /home/sweedal/FoodSAM/results/segmentations/dish_1558461792/sam_mask/38 assign label: [ 41, grape, 0.98, 0.0039 ]
[2025-07-23 22:10:39,215] [enhance_semantic_masks.py:28] [INFO] /home/sweedal/FoodSAM/results/segmentations/dish_1558461792/sam_mask/39 assign label: [ 17, almond, 1.00, 0.0018 ]
[2025-07-23 22:10:39,215] [enhance_semantic_masks.py:28] [INFO] /home/sweedal/FoodSAM/results/segmentations/dish_1558461792/sam_mask/40 assign label: [ 17, almond, 1.00, 0.0021 ]
[2025-07-23 22:10:39,216] [enhance_semantic_masks.py:28] [INFO] /home/sweedal/FoodSAM/results/segmentations/dish_1558461792/sam_mask/41 assign label: [ 17, almond, 0.96, 0.0022 ]
[2025-07-23 22:10:39,216] [enhance_semantic_masks.py:28] [INFO] /home/sweedal/FoodSAM/results/segmentations/dish_1558461792/sam_mask/42 assign label: [ 17, almond, 1.00, 0.0018 ]
[2025-07-23 22:10:39,216] [enhance_semantic_masks.py:28] [INFO] /home/sweedal/FoodSAM/results/segmentations/dish_1558461792/sam_mask/43 assign label: [ 41, grape, 0.87, 0.0039 ]
[2025-07-23 22:10:39,228] [enhance_semantic_masks.py:28] [INFO] /home/sweedal/FoodSAM/results/segmentations/dish_1558461792/sam_mask/44 assign label: [ 0, background, 1.00, 0.1424 ]
[2025-07-23 22:10:39,229] [enhance_semantic_masks.py:28] [INFO] /home/sweedal/FoodSAM/results/segmentations/dish_1558461792/sam_mask/45 assign label: [ 17, almond, 1.00, 0.0020 ]
[2025-07-23 22:10:39,239] [enhance_semantic_masks.py:28] [INFO] /home/sweedal/FoodSAM/results/segmentations/dish_1558461792/sam_mask/46 assign label: [ 0, background, 1.00, 0.1364 ]
[2025-07-23 22:10:39,240] [enhance_semantic_masks.py:28] [INFO] /home/sweedal/FoodSAM/results/segmentations/dish_1558461792/sam_mask/47 assign label: [ 17, almond, 1.00, 0.0026 ]
[2025-07-23 22:10:39,240] [enhance_semantic_masks.py:28] [INFO] /home/sweedal/FoodSAM/results/segmentations/dish_1558461792/sam_mask/48 assign label: [ 17, almond, 1.00, 0.0024 ]
[2025-07-23 22:10:39,242] [enhance_semantic_masks.py:28] [INFO] /home/sweedal/FoodSAM/results/segmentations/dish_1558461792/sam_mask/49 assign label: [ 0, background, 1.00, 0.0220 ]
[2025-07-23 22:10:39,242] [enhance_semantic_masks.py:28] [INFO] /home/sweedal/FoodSAM/results/segmentations/dish_1558461792/sam_mask/50 assign label: [ 41, grape, 0.98, 0.0024 ]
[2025-07-23 22:10:39,242] [enhance_semantic_masks.py:28] [INFO] /home/sweedal/FoodSAM/results/segmentations/dish_1558461792/sam_mask/51 assign label: [ 17, almond, 1.00, 0.0021 ]
[2025-07-23 22:10:39,242] [enhance_semantic_masks.py:28] [INFO] /home/sweedal/FoodSAM/results/segmentations/dish_1558461792/sam_mask/52 assign label: [ 17, almond, 0.99, 0.0020 ]
[2025-07-23 22:10:39,243] [enhance_semantic_masks.py:28] [INFO] /home/sweedal/FoodSAM/results/segmentations/dish_1558461792/sam_mask/53 assign label: [ 17, almond, 1.00, 0.0016 ]
[2025-07-23 22:10:39,244] [enhance_semantic_masks.py:28] [INFO] /home/sweedal/FoodSAM/results/segmentations/dish_1558461792/sam_mask/54 assign label: [ 0, background, 1.00, 0.0225 ]
[2025-07-23 22:10:39,245] [enhance_semantic_masks.py:28] [INFO] /home/sweedal/FoodSAM/results/segmentations/dish_1558461792/sam_mask/55 assign label: [ 89, cilantro mint, 1.00, 0.0024 ]
[2025-07-23 22:10:39,245] [enhance_semantic_masks.py:28] [INFO] /home/sweedal/FoodSAM/results/segmentations/dish_1558461792/sam_mask/56 assign label: [ 41, grape, 1.00, 0.0028 ]
[2025-07-23 22:10:39,245] [enhance_semantic_masks.py:28] [INFO] /home/sweedal/FoodSAM/results/segmentations/dish_1558461792/sam_mask/57 assign label: [ 17, almond, 0.99, 0.0018 ]
[2025-07-23 22:10:39,245] [enhance_semantic_masks.py:28] [INFO] /home/sweedal/FoodSAM/results/segmentations/dish_1558461792/sam_mask/58 assign label: [ 17, almond, 1.00, 0.0020 ]
[2025-07-23 22:10:39,246] [enhance_semantic_masks.py:28] [INFO] /home/sweedal/FoodSAM/results/segmentations/dish_1558461792/sam_mask/59 assign label: [ 41, grape, 1.00, 0.0024 ]
[2025-07-23 22:10:39,246] [enhance_semantic_masks.py:28] [INFO] /home/sweedal/FoodSAM/results/segmentations/dish_1558461792/sam_mask/60 assign label: [ 89, cilantro mint, 1.00, 0.0040 ]
[2025-07-23 22:10:39,246] [enhance_semantic_masks.py:28] [INFO] /home/sweedal/FoodSAM/results/segmentations/dish_1558461792/sam_mask/61 assign label: [ 41, grape, 0.96, 0.0018 ]
[2025-07-23 22:10:39,247] [enhance_semantic_masks.py:28] [INFO] /home/sweedal/FoodSAM/results/segmentations/dish_1558461792/sam_mask/62 assign label: [ 41, grape, 0.99, 0.0019 ]
[2025-07-23 22:10:39,247] [enhance_semantic_masks.py:28] [INFO] /home/sweedal/FoodSAM/results/segmentations/dish_1558461792/sam_mask/63 assign label: [ 89, cilantro mint, 1.00, 0.0014 ]
[2025-07-23 22:10:39,247] [enhance_semantic_masks.py:28] [INFO] /home/sweedal/FoodSAM/results/segmentations/dish_1558461792/sam_mask/64 assign label: [ 17, almond, 1.00, 0.0020 ]
[2025-07-23 22:10:39,247] [enhance_semantic_masks.py:28] [INFO] /home/sweedal/FoodSAM/results/segmentations/dish_1558461792/sam_mask/65 assign label: [ 17, almond, 1.00, 0.0017 ]
[2025-07-23 22:10:39,249] [enhance_semantic_masks.py:28] [INFO] /home/sweedal/FoodSAM/results/segmentations/dish_1558461792/sam_mask/66 assign label: [ 89, cilantro mint, 1.00, 0.0206 ]
[2025-07-23 22:10:39,249] [enhance_semantic_masks.py:28] [INFO] /home/sweedal/FoodSAM/results/segmentations/dish_1558461792/sam_mask/67 assign label: [ 89, cilantro mint, 1.00, 0.0025 ]
[2025-07-23 22:10:39,249] [enhance_semantic_masks.py:28] [INFO] /home/sweedal/FoodSAM/results/segmentations/dish_1558461792/sam_mask/68 assign label: [ 17, almond, 1.00, 0.0010 ]
[2025-07-23 22:10:39,250] [enhance_semantic_masks.py:28] [INFO] /home/sweedal/FoodSAM/results/segmentations/dish_1558461792/sam_mask/69 assign label: [ 17, almond, 0.85, 0.0016 ]
[2025-07-23 22:10:39,250] [enhance_semantic_masks.py:28] [INFO] /home/sweedal/FoodSAM/results/segmentations/dish_1558461792/sam_mask/70 assign label: [ 0, background, 1.00, 0.0039 ]
[2025-07-23 22:10:39,250] [enhance_semantic_masks.py:28] [INFO] /home/sweedal/FoodSAM/results/segmentations/dish_1558461792/sam_mask/71 assign label: [ 89, cilantro mint, 1.00, 0.0020 ]
[2025-07-23 22:10:39,251] [enhance_semantic_masks.py:28] [INFO] /home/sweedal/FoodSAM/results/segmentations/dish_1558461792/sam_mask/72 assign label: [ 17, almond, 0.98, 0.0040 ]
[2025-07-23 22:10:39,251] [enhance_semantic_masks.py:28] [INFO] /home/sweedal/FoodSAM/results/segmentations/dish_1558461792/sam_mask/73 assign label: [ 17, almond, 0.53, 0.0010 ]
[2025-07-23 22:10:39,251] [enhance_semantic_masks.py:28] [INFO] /home/sweedal/FoodSAM/results/segmentations/dish_1558461792/sam_mask/74 assign label: [ 17, almond, 0.99, 0.0018 ]
[2025-07-23 22:10:39,252] [enhance_semantic_masks.py:28] [INFO] /home/sweedal/FoodSAM/results/segmentations/dish_1558461792/sam_mask/75 assign label: [ 17, almond, 0.97, 0.0029 ]
[2025-07-23 22:10:39,252] [enhance_semantic_masks.py:28] [INFO] /home/sweedal/FoodSAM/results/segmentations/dish_1558461792/sam_mask/76 assign label: [ 17, almond, 0.96, 0.0006 ]
[2025-07-23 22:10:39,252] [enhance_semantic_masks.py:28] [INFO] /home/sweedal/FoodSAM/results/segmentations/dish_1558461792/sam_mask/77 assign label: [ 17, almond, 1.00, 0.0012 ]
[2025-07-23 22:10:39,252] [enhance_semantic_masks.py:28] [INFO] /home/sweedal/FoodSAM/results/segmentations/dish_1558461792/sam_mask/78 assign label: [ 17, almond, 1.00, 0.0011 ]
[2025-07-23 22:10:39,253] [enhance_semantic_masks.py:28] [INFO] /home/sweedal/FoodSAM/results/segmentations/dish_1558461792/sam_mask/79 assign label: [ 0, background, 1.00, 0.0137 ]
[2025-07-23 22:10:39,254] [enhance_semantic_masks.py:28] [INFO] /home/sweedal/FoodSAM/results/segmentations/dish_1558461792/sam_mask/80 assign label: [ 17, almond, 1.00, 0.0020 ]
[2025-07-23 22:10:39,255] [enhance_semantic_masks.py:28] [INFO] /home/sweedal/FoodSAM/results/segmentations/dish_1558461792/sam_mask/81 assign label: [ 73, tomato, 1.00, 0.0213 ]
[2025-07-23 22:10:39,255] [enhance_semantic_masks.py:28] [INFO] /home/sweedal/FoodSAM/results/segmentations/dish_1558461792/sam_mask/82 assign label: [ 17, almond, 1.00, 0.0013 ]
[2025-07-23 22:10:39,256] [enhance_semantic_masks.py:28] [INFO] /home/sweedal/FoodSAM/results/segmentations/dish_1558461792/sam_mask/83 assign label: [ 17, almond, 0.95, 0.0034 ]
[2025-07-23 22:10:39,256] [enhance_semantic_masks.py:28] [INFO] /home/sweedal/FoodSAM/results/segmentations/dish_1558461792/sam_mask/84 assign label: [ 17, almond, 1.00, 0.0039 ]
[2025-07-23 22:10:39,256] [enhance_semantic_masks.py:28] [INFO] /home/sweedal/FoodSAM/results/segmentations/dish_1558461792/sam_mask/85 assign label: [ 0, background, 1.00, 0.0019 ]
[2025-07-23 22:10:39,257] [enhance_semantic_masks.py:28] [INFO] /home/sweedal/FoodSAM/results/segmentations/dish_1558461792/sam_mask/86 assign label: [ 73, tomato, 0.76, 0.0078 ]
[2025-07-23 22:10:39,257] [enhance_semantic_masks.py:28] [INFO] /home/sweedal/FoodSAM/results/segmentations/dish_1558461792/sam_mask/87 assign label: [ 89, cilantro mint, 1.00, 0.0028 ]
[2025-07-23 22:10:39,258] [enhance_semantic_masks.py:28] [INFO] /home/sweedal/FoodSAM/results/segmentations/dish_1558461792/sam_mask/88 assign label: [ 73, tomato, 0.93, 0.0089 ]
[2025-07-23 22:10:39,258] [enhance_semantic_masks.py:28] [INFO] /home/sweedal/FoodSAM/results/segmentations/dish_1558461792/sam_mask/89 assign label: [ 89, cilantro mint, 0.99, 0.0011 ]
[2025-07-23 22:10:39,259] [enhance_semantic_masks.py:28] [INFO] /home/sweedal/FoodSAM/results/segmentations/dish_1558461792/sam_mask/90 assign label: [ 89, cilantro mint, 0.90, 0.0017 ]
[2025-07-23 22:10:39,259] [enhance_semantic_masks.py:28] [INFO] /home/sweedal/FoodSAM/results/segmentations/dish_1558461792/sam_mask/91 assign label: [ 0, background, 1.00, 0.0010 ]
[2025-07-23 22:10:39,259] [enhance_semantic_masks.py:28] [INFO] /home/sweedal/FoodSAM/results/segmentations/dish_1558461792/sam_mask/92 assign label: [ 89, cilantro mint, 0.99, 0.0048 ]
[2025-07-23 22:10:39,260] [enhance_semantic_masks.py:28] [INFO] /home/sweedal/FoodSAM/results/segmentations/dish_1558461792/sam_mask/93 assign label: [ 0, background, 1.00, 0.0031 ]
[2025-07-23 22:10:39,260] [enhance_semantic_masks.py:28] [INFO] /home/sweedal/FoodSAM/results/segmentations/dish_1558461792/sam_mask/94 assign label: [ 41, grape, 0.99, 0.0079 ]
[2025-07-23 22:10:39,261] [enhance_semantic_masks.py:28] [INFO] /home/sweedal/FoodSAM/results/segmentations/dish_1558461792/sam_mask/95 assign label: [ 89, cilantro mint, 0.99, 0.0018 ]
[2025-07-23 22:10:39,261] [enhance_semantic_masks.py:28] [INFO] /home/sweedal/FoodSAM/results/segmentations/dish_1558461792/sam_mask/96 assign label: [ 17, almond, 0.81, 0.0011 ]
[2025-07-23 22:10:39,261] [enhance_semantic_masks.py:28] [INFO] /home/sweedal/FoodSAM/results/segmentations/dish_1558461792/sam_mask/97 assign label: [ 89, cilantro mint, 1.00, 0.0011 ]
[2025-07-23 22:10:39,261] [enhance_semantic_masks.py:28] [INFO] /home/sweedal/FoodSAM/results/segmentations/dish_1558461792/sam_mask/98 assign label: [ 0, background, 1.00, 0.0006 ]
[2025-07-23 22:10:39,262] [enhance_semantic_masks.py:28] [INFO] /home/sweedal/FoodSAM/results/segmentations/dish_1558461792/sam_mask/99 assign label: [ 41, grape, 0.74, 0.0082 ]
[2025-07-23 22:10:39,262] [enhance_semantic_masks.py:28] [INFO] /home/sweedal/FoodSAM/results/segmentations/dish_1558461792/sam_mask/100 assign label: [ 41, grape, 0.59, 0.0008 ]
[2025-07-23 22:10:39,266] [enhance_semantic_masks.py:28] [INFO] /home/sweedal/FoodSAM/results/segmentations/dish_1558461792/sam_mask/101 assign label: [ 0, background, 1.00, 0.0461 ]
[2025-07-23 22:10:39,266] [enhance_semantic_masks.py:28] [INFO] /home/sweedal/FoodSAM/results/segmentations/dish_1558461792/sam_mask/102 assign label: [ 41, grape, 0.99, 0.0079 ]
[2025-07-23 22:10:39,267] [enhance_semantic_masks.py:28] [INFO] /home/sweedal/FoodSAM/results/segmentations/dish_1558461792/sam_mask/103 assign label: [ 41, grape, 0.98, 0.0044 ]
[2025-07-23 22:10:39,267] [enhance_semantic_masks.py:28] [INFO] /home/sweedal/FoodSAM/results/segmentations/dish_1558461792/sam_mask/104 assign label: [ 17, almond, 1.00, 0.0040 ]
[2025-07-23 22:10:39,268] [enhance_semantic_masks.py:28] [INFO] /home/sweedal/FoodSAM/results/segmentations/dish_1558461792/sam_mask/105 assign label: [ 41, grape, 0.68, 0.0075 ]
[2025-07-23 22:10:39,269] [enhance_semantic_masks.py:28] [INFO] /home/sweedal/FoodSAM/results/segmentations/dish_1558461792/sam_mask/106 assign label: [ 0, background, 1.00, 0.0186 ]
[2025-07-23 22:10:39,270] [enhance_semantic_masks.py:28] [INFO] /home/sweedal/FoodSAM/results/segmentations/dish_1558461792/sam_mask/107 assign label: [ 17, almond, 0.91, 0.0041 ]
[2025-07-23 22:10:39,270] [enhance_semantic_masks.py:28] [INFO] /home/sweedal/FoodSAM/results/segmentations/dish_1558461792/sam_mask/108 assign label: [ 41, grape, 0.94, 0.0052 ]
[2025-07-23 22:10:39,270] [enhance_semantic_masks.py:28] [INFO] /home/sweedal/FoodSAM/results/segmentations/dish_1558461792/sam_mask/109 assign label: [ 0, background, 1.00, 0.0054 ]
[2025-07-23 22:10:39,271] [enhance_semantic_masks.py:28] [INFO] /home/sweedal/FoodSAM/results/segmentations/dish_1558461792/sam_mask/110 assign label: [ 41, grape, 0.99, 0.0054 ]
[2025-07-23 22:10:39,282] [enhance_semantic_masks.py:28] [INFO] /home/sweedal/FoodSAM/results/segmentations/dish_1566328894/sam_mask/0 assign label: [ 67, pie, 0.72, 0.0814 ]
[2025-07-23 22:10:39,330] [enhance_semantic_masks.py:28] [INFO] /home/sweedal/FoodSAM/results/segmentations/dish_1566328894/sam_mask/1 assign label: [ 0, background, 1.00, 0.5325 ]
[2025-07-23 22:10:39,343] [enhance_semantic_masks.py:28] [INFO] /home/sweedal/FoodSAM/results/segmentations/dish_1566328894/sam_mask/2 assign label: [ 0, background, 1.00, 0.1748 ]
[2025-07-23 22:10:39,344] [enhance_semantic_masks.py:28] [INFO] /home/sweedal/FoodSAM/results/segmentations/dish_1566328894/sam_mask/3 assign label: [ 0, background, 1.00, 0.0008 ]
[2025-07-23 22:10:39,344] [enhance_semantic_masks.py:28] [INFO] /home/sweedal/FoodSAM/results/segmentations/dish_1566328894/sam_mask/4 assign label: [ 67, pie, 0.94, 0.0121 ]
[2025-07-23 22:10:39,345] [enhance_semantic_masks.py:28] [INFO] /home/sweedal/FoodSAM/results/segmentations/dish_1566328894/sam_mask/5 assign label: [ 0, background, 1.00, 0.0052 ]
[2025-07-23 22:10:39,345] [enhance_semantic_masks.py:28] [INFO] /home/sweedal/FoodSAM/results/segmentations/dish_1566328894/sam_mask/6 assign label: [ 0, background, 1.00, 0.0022 ]
[2025-07-23 22:10:39,346] [enhance_semantic_masks.py:28] [INFO] /home/sweedal/FoodSAM/results/segmentations/dish_1566328894/sam_mask/7 assign label: [ 0, background, 1.00, 0.0055 ]
[2025-07-23 22:10:39,349] [enhance_semantic_masks.py:28] [INFO] /home/sweedal/FoodSAM/results/segmentations/dish_1566328894/sam_mask/8 assign label: [ 0, background, 1.00, 0.0475 ]
[2025-07-23 22:10:39,349] [enhance_semantic_masks.py:28] [INFO] /home/sweedal/FoodSAM/results/segmentations/dish_1566328894/sam_mask/9 assign label: [ 0, background, 1.00, 0.0024 ]
[2025-07-23 22:10:39,351] [enhance_semantic_masks.py:28] [INFO] /home/sweedal/FoodSAM/results/segmentations/dish_1566328894/sam_mask/10 assign label: [ 0, background, 1.00, 0.0212 ]
[2025-07-23 22:10:39,351] [enhance_semantic_masks.py:28] [INFO] /home/sweedal/FoodSAM/results/segmentations/dish_1566328894/sam_mask/11 assign label: [ 67, pie, 0.49, 0.0022 ]
[2025-07-23 22:10:39,351] [enhance_semantic_masks.py:28] [INFO] /home/sweedal/FoodSAM/results/segmentations/dish_1566328894/sam_mask/12 assign label: [ 0, background, 1.00, 0.0013 ]
[2025-07-23 22:10:39,352] [enhance_semantic_masks.py:28] [INFO] /home/sweedal/FoodSAM/results/segmentations/dish_1566328894/sam_mask/13 assign label: [ 0, background, 1.00, 0.0009 ]
[2025-07-23 22:10:39,354] [enhance_semantic_masks.py:28] [INFO] /home/sweedal/FoodSAM/results/segmentations/dish_1566328894/sam_mask/14 assign label: [ 67, pie, 0.66, 0.0259 ]
[2025-07-23 22:10:39,354] [enhance_semantic_masks.py:28] [INFO] /home/sweedal/FoodSAM/results/segmentations/dish_1566328894/sam_mask/15 assign label: [ 0, background, 1.00, 0.0020 ]
[2025-07-23 22:10:39,354] [enhance_semantic_masks.py:28] [INFO] /home/sweedal/FoodSAM/results/segmentations/dish_1566328894/sam_mask/16 assign label: [ 0, background, 1.00, 0.0011 ]
[2025-07-23 22:10:39,355] [enhance_semantic_masks.py:28] [INFO] /home/sweedal/FoodSAM/results/segmentations/dish_1566328894/sam_mask/17 assign label: [ 0, background, 1.00, 0.0049 ]
[2025-07-23 22:10:39,355] [enhance_semantic_masks.py:28] [INFO] /home/sweedal/FoodSAM/results/segmentations/dish_1566328894/sam_mask/18 assign label: [ 0, background, 1.00, 0.0016 ]
[2025-07-23 22:10:39,355] [enhance_semantic_masks.py:28] [INFO] /home/sweedal/FoodSAM/results/segmentations/dish_1566328894/sam_mask/19 assign label: [ 67, pie, 0.56, 0.0046 ]
[2025-07-23 22:10:39,356] [enhance_semantic_masks.py:28] [INFO] /home/sweedal/FoodSAM/results/segmentations/dish_1566328894/sam_mask/20 assign label: [ 67, pie, 0.87, 0.0053 ]
[2025-07-23 22:10:39,356] [enhance_semantic_masks.py:28] [INFO] /home/sweedal/FoodSAM/results/segmentations/dish_1566328894/sam_mask/21 assign label: [ 0, background, 1.00, 0.0023 ]
[2025-07-23 22:10:39,356] [enhance_semantic_masks.py:28] [INFO] /home/sweedal/FoodSAM/results/segmentations/dish_1566328894/sam_mask/22 assign label: [ 0, background, 1.00, 0.0020 ]
[2025-07-23 22:10:39,357] [enhance_semantic_masks.py:28] [INFO] /home/sweedal/FoodSAM/results/segmentations/dish_1566328894/sam_mask/23 assign label: [ 67, pie, 0.56, 0.0046 ]
[2025-07-23 22:10:39,360] [enhance_semantic_masks.py:28] [INFO] /home/sweedal/FoodSAM/results/segmentations/dish_1566328894/sam_mask/24 assign label: [ 0, background, 1.00, 0.0481 ]
[2025-07-23 22:10:39,364] [enhance_semantic_masks.py:28] [INFO] /home/sweedal/FoodSAM/results/segmentations/dish_1566328894/sam_mask/25 assign label: [ 0, background, 1.00, 0.0481 ]
[2025-07-23 22:10:39,364] [enhance_semantic_masks.py:28] [INFO] /home/sweedal/FoodSAM/results/segmentations/dish_1566328894/sam_mask/26 assign label: [ 0, background, 1.00, 0.0104 ]
[2025-07-23 22:10:39,368] [enhance_semantic_masks.py:28] [INFO] /home/sweedal/FoodSAM/results/segmentations/dish_1566328894/sam_mask/27 assign label: [ 67, pie, 0.70, 0.0417 ]
[2025-07-23 22:10:39,369] [enhance_semantic_masks.py:28] [INFO] /home/sweedal/FoodSAM/results/segmentations/dish_1566328894/sam_mask/28 assign label: [ 0, background, 1.00, 0.0104 ]
[2025-07-23 22:10:39,370] [enhance_semantic_masks.py:28] [INFO] /home/sweedal/FoodSAM/results/segmentations/dish_1566328894/sam_mask/29 assign label: [ 67, pie, 0.93, 0.0124 ]
[2025-07-23 22:10:39,388] [enhance_semantic_masks.py:28] [INFO] /home/sweedal/FoodSAM/results/segmentations/dish_1567613057/sam_mask/0 assign label: [ 0, background, 1.00, 0.1721 ]
[2025-07-23 22:10:39,411] [enhance_semantic_masks.py:28] [INFO] /home/sweedal/FoodSAM/results/segmentations/dish_1567613057/sam_mask/1 assign label: [ 0, background, 1.00, 0.2725 ]
[2025-07-23 22:10:39,411] [enhance_semantic_masks.py:28] [INFO] /home/sweedal/FoodSAM/results/segmentations/dish_1567613057/sam_mask/2 assign label: [ 45, watermelon, 1.00, 0.0063 ]
[2025-07-23 22:10:39,412] [enhance_semantic_masks.py:28] [INFO] /home/sweedal/FoodSAM/results/segmentations/dish_1567613057/sam_mask/3 assign label: [ 45, watermelon, 0.51, 0.0040 ]
[2025-07-23 22:10:39,412] [enhance_semantic_masks.py:28] [INFO] /home/sweedal/FoodSAM/results/segmentations/dish_1567613057/sam_mask/4 assign label: [ 45, watermelon, 0.90, 0.0081 ]
[2025-07-23 22:10:39,413] [enhance_semantic_masks.py:28] [INFO] /home/sweedal/FoodSAM/results/segmentations/dish_1567613057/sam_mask/5 assign label: [ 9, cheese butter, 0.97, 0.0048 ]
[2025-07-23 22:10:39,413] [enhance_semantic_masks.py:28] [INFO] /home/sweedal/FoodSAM/results/segmentations/dish_1567613057/sam_mask/6 assign label: [ 84, carrot, 0.98, 0.0076 ]
[2025-07-23 22:10:39,414] [enhance_semantic_masks.py:28] [INFO] /home/sweedal/FoodSAM/results/segmentations/dish_1567613057/sam_mask/7 assign label: [ 45, watermelon, 1.00, 0.0054 ]
[2025-07-23 22:10:39,414] [enhance_semantic_masks.py:28] [INFO] /home/sweedal/FoodSAM/results/segmentations/dish_1567613057/sam_mask/8 assign label: [ 103, other ingredients, 0.91, 0.0038 ]
[2025-07-23 22:10:39,415] [enhance_semantic_masks.py:28] [INFO] /home/sweedal/FoodSAM/results/segmentations/dish_1567613057/sam_mask/9 assign label: [ 45, watermelon, 1.00, 0.0028 ]
[2025-07-23 22:10:39,415] [enhance_semantic_masks.py:28] [INFO] /home/sweedal/FoodSAM/results/segmentations/dish_1567613057/sam_mask/10 assign label: [ 9, cheese butter, 0.85, 0.0114 ]
[2025-07-23 22:10:39,416] [enhance_semantic_masks.py:28] [INFO] /home/sweedal/FoodSAM/results/segmentations/dish_1567613057/sam_mask/11 assign label: [ 0, background, 0.41, 0.0036 ]
[2025-07-23 22:10:39,416] [enhance_semantic_masks.py:28] [INFO] /home/sweedal/FoodSAM/results/segmentations/dish_1567613057/sam_mask/12 assign label: [ 103, other ingredients, 0.74, 0.0073 ]
[2025-07-23 22:10:39,417] [enhance_semantic_masks.py:28] [INFO] /home/sweedal/FoodSAM/results/segmentations/dish_1567613057/sam_mask/13 assign label: [ 45, watermelon, 0.97, 0.0100 ]
[2025-07-23 22:10:39,418] [enhance_semantic_masks.py:28] [INFO] /home/sweedal/FoodSAM/results/segmentations/dish_1567613057/sam_mask/14 assign label: [ 103, other ingredients, 0.86, 0.0051 ]
[2025-07-23 22:10:39,419] [enhance_semantic_masks.py:28] [INFO] /home/sweedal/FoodSAM/results/segmentations/dish_1567613057/sam_mask/15 assign label: [ 45, watermelon, 0.85, 0.0137 ]
[2025-07-23 22:10:39,419] [enhance_semantic_masks.py:28] [INFO] /home/sweedal/FoodSAM/results/segmentations/dish_1567613057/sam_mask/16 assign label: [ 0, background, 1.00, 0.0009 ]
[2025-07-23 22:10:39,419] [enhance_semantic_masks.py:28] [INFO] /home/sweedal/FoodSAM/results/segmentations/dish_1567613057/sam_mask/17 assign label: [ 45, watermelon, 1.00, 0.0061 ]
[2025-07-23 22:10:39,420] [enhance_semantic_masks.py:28] [INFO] /home/sweedal/FoodSAM/results/segmentations/dish_1567613057/sam_mask/18 assign label: [ 9, cheese butter, 0.85, 0.0068 ]
[2025-07-23 22:10:39,420] [enhance_semantic_masks.py:28] [INFO] /home/sweedal/FoodSAM/results/segmentations/dish_1567613057/sam_mask/19 assign label: [ 9, cheese butter, 0.96, 0.0019 ]
[2025-07-23 22:10:39,421] [enhance_semantic_masks.py:28] [INFO] /home/sweedal/FoodSAM/results/segmentations/dish_1567613057/sam_mask/20 assign label: [ 9, cheese butter, 1.00, 0.0043 ]
[2025-07-23 22:10:39,421] [enhance_semantic_masks.py:28] [INFO] /home/sweedal/FoodSAM/results/segmentations/dish_1567613057/sam_mask/21 assign label: [ 0, background, 1.00, 0.0094 ]
[2025-07-23 22:10:39,422] [enhance_semantic_masks.py:28] [INFO] /home/sweedal/FoodSAM/results/segmentations/dish_1567613057/sam_mask/22 assign label: [ 103, other ingredients, 0.45, 0.0035 ]
[2025-07-23 22:10:39,422] [enhance_semantic_masks.py:28] [INFO] /home/sweedal/FoodSAM/results/segmentations/dish_1567613057/sam_mask/23 assign label: [ 70, potato, 0.61, 0.0016 ]
[2025-07-23 22:10:39,423] [enhance_semantic_masks.py:28] [INFO] /home/sweedal/FoodSAM/results/segmentations/dish_1567613057/sam_mask/24 assign label: [ 0, background, 1.00, 0.0124 ]
[2025-07-23 22:10:39,424] [enhance_semantic_masks.py:28] [INFO] /home/sweedal/FoodSAM/results/segmentations/dish_1567613057/sam_mask/25 assign label: [ 103, other ingredients, 0.92, 0.0089 ]
[2025-07-23 22:10:39,425] [enhance_semantic_masks.py:28] [INFO] /home/sweedal/FoodSAM/results/segmentations/dish_1567613057/sam_mask/26 assign label: [ 84, carrot, 0.92, 0.0122 ]
[2025-07-23 22:10:39,425] [enhance_semantic_masks.py:28] [INFO] /home/sweedal/FoodSAM/results/segmentations/dish_1567613057/sam_mask/27 assign label: [ 45, watermelon, 0.91, 0.0088 ]
[2025-07-23 22:10:39,426] [enhance_semantic_masks.py:28] [INFO] /home/sweedal/FoodSAM/results/segmentations/dish_1567613057/sam_mask/28 assign label: [ 0, background, 1.00, 0.0014 ]
[2025-07-23 22:10:39,426] [enhance_semantic_masks.py:28] [INFO] /home/sweedal/FoodSAM/results/segmentations/dish_1567613057/sam_mask/29 assign label: [ 0, background, 1.00, 0.0049 ]
[2025-07-23 22:10:39,426] [enhance_semantic_masks.py:28] [INFO] /home/sweedal/FoodSAM/results/segmentations/dish_1567613057/sam_mask/30 assign label: [ 0, background, 1.00, 0.0007 ]
[2025-07-23 22:10:39,427] [enhance_semantic_masks.py:28] [INFO] /home/sweedal/FoodSAM/results/segmentations/dish_1567613057/sam_mask/31 assign label: [ 45, watermelon, 0.51, 0.0037 ]
[2025-07-23 22:10:39,427] [enhance_semantic_masks.py:28] [INFO] /home/sweedal/FoodSAM/results/segmentations/dish_1567613057/sam_mask/32 assign label: [ 9, cheese butter, 0.77, 0.0041 ]
[2025-07-23 22:10:39,427] [enhance_semantic_masks.py:28] [INFO] /home/sweedal/FoodSAM/results/segmentations/dish_1567613057/sam_mask/33 assign label: [ 0, background, 1.00, 0.0005 ]
[2025-07-23 22:10:39,428] [enhance_semantic_masks.py:28] [INFO] /home/sweedal/FoodSAM/results/segmentations/dish_1567613057/sam_mask/34 assign label: [ 103, other ingredients, 0.78, 0.0041 ]
[2025-07-23 22:10:39,429] [enhance_semantic_masks.py:28] [INFO] /home/sweedal/FoodSAM/results/segmentations/dish_1567613057/sam_mask/35 assign label: [ 45, watermelon, 0.94, 0.0146 ]
[2025-07-23 22:10:39,429] [enhance_semantic_masks.py:28] [INFO] /home/sweedal/FoodSAM/results/segmentations/dish_1567613057/sam_mask/36 assign label: [ 103, other ingredients, 1.00, 0.0004 ]
[2025-07-23 22:10:39,429] [enhance_semantic_masks.py:28] [INFO] /home/sweedal/FoodSAM/results/segmentations/dish_1567613057/sam_mask/37 assign label: [ 9, cheese butter, 0.98, 0.0027 ]
[2025-07-23 22:10:39,432] [enhance_semantic_masks.py:28] [INFO] /home/sweedal/FoodSAM/results/segmentations/dish_1567613057/sam_mask/38 assign label: [ 52, sauce, 0.93, 0.0361 ]
[2025-07-23 22:10:39,432] [enhance_semantic_masks.py:28] [INFO] /home/sweedal/FoodSAM/results/segmentations/dish_1567613057/sam_mask/39 assign label: [ 84, carrot, 0.80, 0.0047 ]
[2025-07-23 22:10:39,432] [enhance_semantic_masks.py:28] [INFO] /home/sweedal/FoodSAM/results/segmentations/dish_1567613057/sam_mask/40 assign label: [ 103, other ingredients, 0.48, 0.0014 ]
[2025-07-23 22:10:39,433] [enhance_semantic_masks.py:28] [INFO] /home/sweedal/FoodSAM/results/segmentations/dish_1567613057/sam_mask/41 assign label: [ 9, cheese butter, 0.56, 0.0041 ]
[2025-07-23 22:10:39,433] [enhance_semantic_masks.py:28] [INFO] /home/sweedal/FoodSAM/results/segmentations/dish_1567613057/sam_mask/42 assign label: [ 84, carrot, 0.87, 0.0054 ]
[2025-07-23 22:10:39,434] [enhance_semantic_masks.py:28] [INFO] /home/sweedal/FoodSAM/results/segmentations/dish_1567613057/sam_mask/43 assign label: [ 0, background, 1.00, 0.0017 ]
[2025-07-23 22:10:39,434] [enhance_semantic_masks.py:28] [INFO] /home/sweedal/FoodSAM/results/segmentations/dish_1567613057/sam_mask/44 assign label: [ 52, sauce, 1.00, 0.0014 ]
[2025-07-23 22:10:39,434] [enhance_semantic_masks.py:28] [INFO] /home/sweedal/FoodSAM/results/segmentations/dish_1567613057/sam_mask/45 assign label: [ 0, background, 1.00, 0.0011 ]
[2025-07-23 22:10:39,440] [enhance_semantic_masks.py:28] [INFO] /home/sweedal/FoodSAM/results/segmentations/dish_1567613057/sam_mask/46 assign label: [ 52, sauce, 1.00, 0.0763 ]
[2025-07-23 22:10:39,440] [enhance_semantic_masks.py:28] [INFO] /home/sweedal/FoodSAM/results/segmentations/dish_1567613057/sam_mask/47 assign label: [ 84, carrot, 0.81, 0.0012 ]
[2025-07-23 22:10:39,441] [enhance_semantic_masks.py:28] [INFO] /home/sweedal/FoodSAM/results/segmentations/dish_1567613057/sam_mask/48 assign label: [ 45, watermelon, 1.00, 0.0088 ]
[2025-07-23 22:10:39,441] [enhance_semantic_masks.py:28] [INFO] /home/sweedal/FoodSAM/results/segmentations/dish_1567613057/sam_mask/49 assign label: [ 84, carrot, 0.58, 0.0016 ]
[2025-07-23 22:10:39,442] [enhance_semantic_masks.py:28] [INFO] /home/sweedal/FoodSAM/results/segmentations/dish_1567613057/sam_mask/50 assign label: [ 84, carrot, 0.89, 0.0039 ]
[2025-07-23 22:10:39,444] [enhance_semantic_masks.py:28] [INFO] /home/sweedal/FoodSAM/results/segmentations/dish_1567613057/sam_mask/51 assign label: [ 52, sauce, 1.00, 0.0300 ]
[2025-07-23 22:10:39,447] [enhance_semantic_masks.py:28] [INFO] /home/sweedal/FoodSAM/results/segmentations/dish_1567613057/sam_mask/52 assign label: [ 52, sauce, 1.00, 0.0420 ]
[2025-07-23 22:10:39,449] [enhance_semantic_masks.py:28] [INFO] /home/sweedal/FoodSAM/results/segmentations/dish_1567613057/sam_mask/53 assign label: [ 9, cheese butter, 0.55, 0.0370 ]
[2025-07-23 22:10:39,450] [enhance_semantic_masks.py:28] [INFO] /home/sweedal/FoodSAM/results/segmentations/dish_1567613057/sam_mask/54 assign label: [ 0, background, 1.00, 0.0132 ]
[2025-07-23 22:10:39,451] [enhance_semantic_masks.py:28] [INFO] /home/sweedal/FoodSAM/results/segmentations/dish_1567613057/sam_mask/55 assign label: [ 0, background, 1.00, 0.0028 ]
[2025-07-23 22:10:39,451] [enhance_semantic_masks.py:28] [INFO] /home/sweedal/FoodSAM/results/segmentations/dish_1567613057/sam_mask/56 assign label: [ 0, background, 1.00, 0.0058 ]
[2025-07-23 22:10:39,452] [enhance_semantic_masks.py:28] [INFO] /home/sweedal/FoodSAM/results/segmentations/dish_1567613057/sam_mask/57 assign label: [ 0, background, 1.00, 0.0022 ]
[2025-07-23 22:10:39,453] [enhance_semantic_masks.py:28] [INFO] /home/sweedal/FoodSAM/results/segmentations/dish_1567613057/sam_mask/58 assign label: [ 103, other ingredients, 0.90, 0.0142 ]
[2025-07-23 22:10:39,453] [enhance_semantic_masks.py:28] [INFO] /home/sweedal/FoodSAM/results/segmentations/dish_1567613057/sam_mask/59 assign label: [ 103, other ingredients, 1.00, 0.0014 ]
[2025-07-23 22:10:39,453] [enhance_semantic_masks.py:28] [INFO] /home/sweedal/FoodSAM/results/segmentations/dish_1567613057/sam_mask/60 assign label: [ 70, potato, 0.52, 0.0008 ]
[2025-07-23 22:10:39,454] [enhance_semantic_masks.py:28] [INFO] /home/sweedal/FoodSAM/results/segmentations/dish_1567613057/sam_mask/61 assign label: [ 45, watermelon, 0.98, 0.0117 ]
[2025-07-23 22:10:39,455] [enhance_semantic_masks.py:28] [INFO] /home/sweedal/FoodSAM/results/segmentations/dish_1567613057/sam_mask/62 assign label: [ 52, sauce, 0.90, 0.0199 ]
[2025-07-23 22:10:39,456] [enhance_semantic_masks.py:28] [INFO] /home/sweedal/FoodSAM/results/segmentations/dish_1567613057/sam_mask/63 assign label: [ 84, carrot, 0.96, 0.0004 ]
[2025-07-23 22:10:39,457] [enhance_semantic_masks.py:28] [INFO] /home/sweedal/FoodSAM/results/segmentations/dish_1567613057/sam_mask/64 assign label: [ 0, background, 1.00, 0.0260 ]
[2025-07-23 22:10:39,459] [enhance_semantic_masks.py:28] [INFO] /home/sweedal/FoodSAM/results/segmentations/dish_1567613057/sam_mask/65 assign label: [ 45, watermelon, 1.00, 0.0235 ]
[2025-07-23 22:10:39,459] [enhance_semantic_masks.py:28] [INFO] /home/sweedal/FoodSAM/results/segmentations/dish_1567613057/sam_mask/66 assign label: [ 45, watermelon, 1.00, 0.0023 ]
[2025-07-23 22:10:39,460] [enhance_semantic_masks.py:28] [INFO] /home/sweedal/FoodSAM/results/segmentations/dish_1567613057/sam_mask/67 assign label: [ 9, cheese butter, 0.76, 0.0133 ]
[2025-07-23 22:10:39,461] [enhance_semantic_masks.py:28] [INFO] /home/sweedal/FoodSAM/results/segmentations/dish_1567613057/sam_mask/68 assign label: [ 9, cheese butter, 0.76, 0.0133 ]
[2025-07-23 22:10:39,462] [enhance_semantic_masks.py:28] [INFO] /home/sweedal/FoodSAM/results/segmentations/dish_1567613057/sam_mask/69 assign label: [ 84, carrot, 0.50, 0.0130 ]
[2025-07-23 22:10:39,462] [enhance_semantic_masks.py:28] [INFO] /home/sweedal/FoodSAM/results/segmentations/dish_1567613057/sam_mask/70 assign label: [ 0, background, 1.00, 0.0033 ]
[2025-07-23 22:10:39,464] [enhance_semantic_masks.py:28] [INFO] /home/sweedal/FoodSAM/results/segmentations/dish_1567613057/sam_mask/71 assign label: [ 9, cheese butter, 0.74, 0.0167 ]
[2025-07-23 22:10:39,464] [enhance_semantic_masks.py:28] [INFO] /home/sweedal/FoodSAM/results/segmentations/dish_1567613057/sam_mask/72 assign label: [ 103, other ingredients, 0.95, 0.0032 ]
[2025-07-23 22:10:39,465] [enhance_semantic_masks.py:28] [INFO] /home/sweedal/FoodSAM/results/segmentations/dish_1567613057/sam_mask/73 assign label: [ 9, cheese butter, 0.70, 0.0082 ]
[2025-07-23 22:10:39,465] [enhance_semantic_masks.py:28] [INFO] /home/sweedal/FoodSAM/results/segmentations/dish_1567613057/sam_mask/74 assign label: [ 52, sauce, 1.00, 0.0047 ]
[2025-07-23 22:10:39,466] [enhance_semantic_masks.py:28] [INFO] /home/sweedal/FoodSAM/results/segmentations/dish_1567613057/sam_mask/75 assign label: [ 9, cheese butter, 0.70, 0.0082 ]
[2025-07-23 22:10:39,479] [enhance_semantic_masks.py:28] [INFO] /home/sweedal/FoodSAM/results/segmentations/dish_1567613057/sam_mask/76 assign label: [ 0, background, 1.00, 0.1718 ]
[2025-07-23 22:10:39,480] [enhance_semantic_masks.py:28] [INFO] /home/sweedal/FoodSAM/results/segmentations/dish_1567613057/sam_mask/77 assign label: [ 103, other ingredients, 0.90, 0.0141 ]
[2025-07-23 22:10:39,496] [enhance_semantic_masks.py:28] [INFO] /home/sweedal/FoodSAM/results/segmentations/dish_1561661347/sam_mask/0 assign label: [ 0, background, 1.00, 0.1409 ]
[2025-07-23 22:10:39,498] [enhance_semantic_masks.py:28] [INFO] /home/sweedal/FoodSAM/results/segmentations/dish_1561661347/sam_mask/1 assign label: [ 0, background, 1.00, 0.0307 ]
[2025-07-23 22:10:39,510] [enhance_semantic_masks.py:28] [INFO] /home/sweedal/FoodSAM/results/segmentations/dish_1561661347/sam_mask/2 assign label: [ 80, lettuce, 0.90, 0.1292 ]
[2025-07-23 22:10:39,543] [enhance_semantic_masks.py:28] [INFO] /home/sweedal/FoodSAM/results/segmentations/dish_1561661347/sam_mask/3 assign label: [ 0, background, 0.99, 0.3963 ]
[2025-07-23 22:10:39,543] [enhance_semantic_masks.py:28] [INFO] /home/sweedal/FoodSAM/results/segmentations/dish_1561661347/sam_mask/4 assign label: [ 0, background, 1.00, 0.0029 ]
[2025-07-23 22:10:39,544] [enhance_semantic_masks.py:28] [INFO] /home/sweedal/FoodSAM/results/segmentations/dish_1561661347/sam_mask/5 assign label: [ 0, background, 1.00, 0.0079 ]
[2025-07-23 22:10:39,544] [enhance_semantic_masks.py:28] [INFO] /home/sweedal/FoodSAM/results/segmentations/dish_1561661347/sam_mask/6 assign label: [ 80, lettuce, 0.96, 0.0025 ]
[2025-07-23 22:10:39,545] [enhance_semantic_masks.py:28] [INFO] /home/sweedal/FoodSAM/results/segmentations/dish_1561661347/sam_mask/7 assign label: [ 80, lettuce, 0.93, 0.0027 ]
[2025-07-23 22:10:39,545] [enhance_semantic_masks.py:28] [INFO] /home/sweedal/FoodSAM/results/segmentations/dish_1561661347/sam_mask/8 assign label: [ 80, lettuce, 0.95, 0.0063 ]
[2025-07-23 22:10:39,546] [enhance_semantic_masks.py:28] [INFO] /home/sweedal/FoodSAM/results/segmentations/dish_1561661347/sam_mask/9 assign label: [ 0, background, 1.00, 0.0020 ]
[2025-07-23 22:10:39,546] [enhance_semantic_masks.py:28] [INFO] /home/sweedal/FoodSAM/results/segmentations/dish_1561661347/sam_mask/10 assign label: [ 80, lettuce, 1.00, 0.0011 ]
[2025-07-23 22:10:39,546] [enhance_semantic_masks.py:28] [INFO] /home/sweedal/FoodSAM/results/segmentations/dish_1561661347/sam_mask/11 assign label: [ 0, background, 1.00, 0.0024 ]
[2025-07-23 22:10:39,546] [enhance_semantic_masks.py:28] [INFO] /home/sweedal/FoodSAM/results/segmentations/dish_1561661347/sam_mask/12 assign label: [ 85, asparagus, 0.64, 0.0013 ]
[2025-07-23 22:10:39,547] [enhance_semantic_masks.py:28] [INFO] /home/sweedal/FoodSAM/results/segmentations/dish_1561661347/sam_mask/13 assign label: [ 80, lettuce, 0.67, 0.0071 ]
[2025-07-23 22:10:39,547] [enhance_semantic_masks.py:28] [INFO] /home/sweedal/FoodSAM/results/segmentations/dish_1561661347/sam_mask/14 assign label: [ 85, asparagus, 0.84, 0.0027 ]
[2025-07-23 22:10:39,548] [enhance_semantic_masks.py:28] [INFO] /home/sweedal/FoodSAM/results/segmentations/dish_1561661347/sam_mask/15 assign label: [ 0, background, 1.00, 0.0010 ]
[2025-07-23 22:10:39,548] [enhance_semantic_masks.py:28] [INFO] /home/sweedal/FoodSAM/results/segmentations/dish_1561661347/sam_mask/16 assign label: [ 80, lettuce, 0.85, 0.0013 ]
[2025-07-23 22:10:39,560] [enhance_semantic_masks.py:28] [INFO] /home/sweedal/FoodSAM/results/segmentations/dish_1561661347/sam_mask/17 assign label: [ 0, background, 1.00, 0.1421 ]
[2025-07-23 22:10:39,560] [enhance_semantic_masks.py:28] [INFO] /home/sweedal/FoodSAM/results/segmentations/dish_1561661347/sam_mask/18 assign label: [ 85, asparagus, 0.83, 0.0027 ]
[2025-07-23 22:10:39,562] [enhance_semantic_masks.py:28] [INFO] /home/sweedal/FoodSAM/results/segmentations/dish_1561661347/sam_mask/19 assign label: [ 0, background, 1.00, 0.0311 ]
[2025-07-23 22:10:39,563] [enhance_semantic_masks.py:28] [INFO] /home/sweedal/FoodSAM/results/segmentations/dish_1561661347/sam_mask/20 assign label: [ 0, background, 1.00, 0.0131 ]
[2025-07-23 22:10:39,564] [enhance_semantic_masks.py:28] [INFO] /home/sweedal/FoodSAM/results/segmentations/dish_1561661347/sam_mask/21 assign label: [ 80, lettuce, 0.86, 0.0012 ]
[2025-07-23 22:10:39,564] [enhance_semantic_masks.py:28] [INFO] /home/sweedal/FoodSAM/results/segmentations/dish_1561661347/sam_mask/22 assign label: [ 0, background, 1.00, 0.0021 ]
[2025-07-23 22:10:39,564] [enhance_semantic_masks.py:28] [INFO] /home/sweedal/FoodSAM/results/segmentations/dish_1561661347/sam_mask/23 assign label: [ 0, background, 1.00, 0.0053 ]
[2025-07-23 22:10:39,565] [enhance_semantic_masks.py:28] [INFO] /home/sweedal/FoodSAM/results/segmentations/dish_1561661347/sam_mask/24 assign label: [ 0, background, 1.00, 0.0021 ]
[2025-07-23 22:10:39,565] [enhance_semantic_masks.py:28] [INFO] /home/sweedal/FoodSAM/results/segmentations/dish_1561661347/sam_mask/25 assign label: [ 80, lettuce, 1.00, 0.0014 ]
[2025-07-23 22:10:39,565] [enhance_semantic_masks.py:28] [INFO] /home/sweedal/FoodSAM/results/segmentations/dish_1561661347/sam_mask/26 assign label: [ 80, lettuce, 1.00, 0.0037 ]
[2025-07-23 22:10:39,565] [enhance_semantic_masks.py:28] [INFO] /home/sweedal/FoodSAM/results/segmentations/dish_1561661347/sam_mask/27 assign label: [ 0, background, 1.00, 0.0004 ]
[2025-07-23 22:10:39,566] [enhance_semantic_masks.py:28] [INFO] /home/sweedal/FoodSAM/results/segmentations/dish_1561661347/sam_mask/28 assign label: [ 85, asparagus, 0.98, 0.0038 ]
[2025-07-23 22:10:39,566] [enhance_semantic_masks.py:28] [INFO] /home/sweedal/FoodSAM/results/segmentations/dish_1561661347/sam_mask/29 assign label: [ 0, background, 1.00, 0.0007 ]
[2025-07-23 22:10:39,566] [enhance_semantic_masks.py:28] [INFO] /home/sweedal/FoodSAM/results/segmentations/dish_1561661347/sam_mask/30 assign label: [ 80, lettuce, 1.00, 0.0025 ]
[2025-07-23 22:10:39,567] [enhance_semantic_masks.py:28] [INFO] /home/sweedal/FoodSAM/results/segmentations/dish_1561661347/sam_mask/31 assign label: [ 80, lettuce, 1.00, 0.0019 ]
[2025-07-23 22:10:39,567] [enhance_semantic_masks.py:28] [INFO] /home/sweedal/FoodSAM/results/segmentations/dish_1561661347/sam_mask/32 assign label: [ 0, background, 1.00, 0.0012 ]
[2025-07-23 22:10:39,567] [enhance_semantic_masks.py:28] [INFO] /home/sweedal/FoodSAM/results/segmentations/dish_1561661347/sam_mask/33 assign label: [ 85, asparagus, 0.46, 0.0022 ]
[2025-07-23 22:10:39,568] [enhance_semantic_masks.py:28] [INFO] /home/sweedal/FoodSAM/results/segmentations/dish_1561661347/sam_mask/34 assign label: [ 0, background, 1.00, 0.0024 ]
[2025-07-23 22:10:39,568] [enhance_semantic_masks.py:28] [INFO] /home/sweedal/FoodSAM/results/segmentations/dish_1561661347/sam_mask/35 assign label: [ 0, background, 1.00, 0.0010 ]
[2025-07-23 22:10:39,568] [enhance_semantic_masks.py:28] [INFO] /home/sweedal/FoodSAM/results/segmentations/dish_1561661347/sam_mask/36 assign label: [ 85, asparagus, 0.95, 0.0031 ]
[2025-07-23 22:10:39,568] [enhance_semantic_masks.py:28] [INFO] /home/sweedal/FoodSAM/results/segmentations/dish_1561661347/sam_mask/37 assign label: [ 80, lettuce, 1.00, 0.0021 ]
[2025-07-23 22:10:39,569] [enhance_semantic_masks.py:28] [INFO] /home/sweedal/FoodSAM/results/segmentations/dish_1561661347/sam_mask/38 assign label: [ 96, French beans, 0.69, 0.0005 ]
[2025-07-23 22:10:39,569] [enhance_semantic_masks.py:28] [INFO] /home/sweedal/FoodSAM/results/segmentations/dish_1561661347/sam_mask/39 assign label: [ 80, lettuce, 1.00, 0.0049 ]
[2025-07-23 22:10:39,569] [enhance_semantic_masks.py:28] [INFO] /home/sweedal/FoodSAM/results/segmentations/dish_1561661347/sam_mask/40 assign label: [ 96, French beans, 0.99, 0.0014 ]
[2025-07-23 22:10:39,569] [enhance_semantic_masks.py:28] [INFO] /home/sweedal/FoodSAM/results/segmentations/dish_1561661347/sam_mask/41 assign label: [ 0, background, 1.00, 0.0001 ]
[2025-07-23 22:10:39,570] [enhance_semantic_masks.py:28] [INFO] /home/sweedal/FoodSAM/results/segmentations/dish_1561661347/sam_mask/42 assign label: [ 80, lettuce, 1.00, 0.0030 ]
[2025-07-23 22:10:39,570] [enhance_semantic_masks.py:28] [INFO] /home/sweedal/FoodSAM/results/segmentations/dish_1561661347/sam_mask/43 assign label: [ 0, background, 1.00, 0.0036 ]
[2025-07-23 22:10:39,571] [enhance_semantic_masks.py:28] [INFO] /home/sweedal/FoodSAM/results/segmentations/dish_1561661347/sam_mask/44 assign label: [ 85, asparagus, 0.55, 0.0046 ]
[2025-07-23 22:10:39,571] [enhance_semantic_masks.py:28] [INFO] /home/sweedal/FoodSAM/results/segmentations/dish_1561661347/sam_mask/45 assign label: [ 80, lettuce, 0.98, 0.0013 ]
[2025-07-23 22:10:39,571] [enhance_semantic_masks.py:28] [INFO] /home/sweedal/FoodSAM/results/segmentations/dish_1561661347/sam_mask/46 assign label: [ 0, background, 1.00, 0.0011 ]
[2025-07-23 22:10:39,571] [enhance_semantic_masks.py:28] [INFO] /home/sweedal/FoodSAM/results/segmentations/dish_1561661347/sam_mask/47 assign label: [ 85, asparagus, 0.79, 0.0014 ]
[2025-07-23 22:10:39,572] [enhance_semantic_masks.py:28] [INFO] /home/sweedal/FoodSAM/results/segmentations/dish_1561661347/sam_mask/48 assign label: [ 85, asparagus, 0.99, 0.0006 ]
[2025-07-23 22:10:39,572] [enhance_semantic_masks.py:28] [INFO] /home/sweedal/FoodSAM/results/segmentations/dish_1561661347/sam_mask/49 assign label: [ 96, French beans, 0.89, 0.0017 ]
[2025-07-23 22:10:39,572] [enhance_semantic_masks.py:28] [INFO] /home/sweedal/FoodSAM/results/segmentations/dish_1561661347/sam_mask/50 assign label: [ 80, lettuce, 1.00, 0.0029 ]
[2025-07-23 22:10:39,573] [enhance_semantic_masks.py:28] [INFO] /home/sweedal/FoodSAM/results/segmentations/dish_1561661347/sam_mask/51 assign label: [ 80, lettuce, 1.00, 0.0015 ]
[2025-07-23 22:10:39,573] [enhance_semantic_masks.py:28] [INFO] /home/sweedal/FoodSAM/results/segmentations/dish_1561661347/sam_mask/52 assign label: [ 0, background, 1.00, 0.0006 ]
[2025-07-23 22:10:39,573] [enhance_semantic_masks.py:28] [INFO] /home/sweedal/FoodSAM/results/segmentations/dish_1561661347/sam_mask/53 assign label: [ 80, lettuce, 1.00, 0.0008 ]
[2025-07-23 22:10:39,573] [enhance_semantic_masks.py:28] [INFO] /home/sweedal/FoodSAM/results/segmentations/dish_1561661347/sam_mask/54 assign label: [ 0, background, 0.59, 0.0009 ]
[2025-07-23 22:10:39,574] [enhance_semantic_masks.py:28] [INFO] /home/sweedal/FoodSAM/results/segmentations/dish_1561661347/sam_mask/55 assign label: [ 0, background, 1.00, 0.0100 ]
[2025-07-23 22:10:39,574] [enhance_semantic_masks.py:28] [INFO] /home/sweedal/FoodSAM/results/segmentations/dish_1561661347/sam_mask/56 assign label: [ 80, lettuce, 1.00, 0.0042 ]
[2025-07-23 22:10:39,575] [enhance_semantic_masks.py:28] [INFO] /home/sweedal/FoodSAM/results/segmentations/dish_1561661347/sam_mask/57 assign label: [ 80, lettuce, 0.99, 0.0063 ]
[2025-07-23 22:10:39,575] [enhance_semantic_masks.py:28] [INFO] /home/sweedal/FoodSAM/results/segmentations/dish_1561661347/sam_mask/58 assign label: [ 96, French beans, 0.48, 0.0024 ]
[2025-07-23 22:10:39,576] [enhance_semantic_masks.py:28] [INFO] /home/sweedal/FoodSAM/results/segmentations/dish_1561661347/sam_mask/59 assign label: [ 0, background, 1.00, 0.0030 ]
[2025-07-23 22:10:39,576] [enhance_semantic_masks.py:28] [INFO] /home/sweedal/FoodSAM/results/segmentations/dish_1561661347/sam_mask/60 assign label: [ 0, background, 1.00, 0.0001 ]
[2025-07-23 22:10:39,576] [enhance_semantic_masks.py:28] [INFO] /home/sweedal/FoodSAM/results/segmentations/dish_1561661347/sam_mask/61 assign label: [ 80, lettuce, 0.88, 0.0036 ]
[2025-07-23 22:10:39,576] [enhance_semantic_masks.py:28] [INFO] /home/sweedal/FoodSAM/results/segmentations/dish_1561661347/sam_mask/62 assign label: [ 0, background, 1.00, 0.0021 ]
[2025-07-23 22:10:39,577] [enhance_semantic_masks.py:28] [INFO] /home/sweedal/FoodSAM/results/segmentations/dish_1561661347/sam_mask/63 assign label: [ 85, asparagus, 0.52, 0.0011 ]
[2025-07-23 22:10:39,577] [enhance_semantic_masks.py:28] [INFO] /home/sweedal/FoodSAM/results/segmentations/dish_1561661347/sam_mask/64 assign label: [ 85, asparagus, 0.96, 0.0014 ]
[2025-07-23 22:10:39,577] [enhance_semantic_masks.py:28] [INFO] /home/sweedal/FoodSAM/results/segmentations/dish_1561661347/sam_mask/65 assign label: [ 85, asparagus, 0.77, 0.0041 ]
[2025-07-23 22:10:39,578] [enhance_semantic_masks.py:28] [INFO] /home/sweedal/FoodSAM/results/segmentations/dish_1561661347/sam_mask/66 assign label: [ 80, lettuce, 0.92, 0.0014 ]
[2025-07-23 22:10:39,578] [enhance_semantic_masks.py:28] [INFO] /home/sweedal/FoodSAM/results/segmentations/dish_1561661347/sam_mask/67 assign label: [ 80, lettuce, 1.00, 0.0016 ]
[2025-07-23 22:10:39,578] [enhance_semantic_masks.py:28] [INFO] /home/sweedal/FoodSAM/results/segmentations/dish_1561661347/sam_mask/68 assign label: [ 85, asparagus, 0.72, 0.0009 ]
[2025-07-23 22:10:39,579] [enhance_semantic_masks.py:28] [INFO] /home/sweedal/FoodSAM/results/segmentations/dish_1561661347/sam_mask/69 assign label: [ 80, lettuce, 0.87, 0.0185 ]
[2025-07-23 22:10:39,580] [enhance_semantic_masks.py:28] [INFO] /home/sweedal/FoodSAM/results/segmentations/dish_1561661347/sam_mask/70 assign label: [ 80, lettuce, 0.93, 0.0072 ]
[2025-07-23 22:10:39,636] [enhance_semantic_masks.py:28] [INFO] /home/sweedal/FoodSAM/results/segmentations/dish_1563477659/sam_mask/0 assign label: [ 0, background, 1.00, 0.5648 ]
[2025-07-23 22:10:39,649] [enhance_semantic_masks.py:28] [INFO] /home/sweedal/FoodSAM/results/segmentations/dish_1563477659/sam_mask/1 assign label: [ 0, background, 1.00, 0.1761 ]
[2025-07-23 22:10:39,665] [enhance_semantic_masks.py:28] [INFO] /home/sweedal/FoodSAM/results/segmentations/dish_1563477659/sam_mask/2 assign label: [ 0, background, 1.00, 0.1829 ]
[2025-07-23 22:10:39,666] [enhance_semantic_masks.py:28] [INFO] /home/sweedal/FoodSAM/results/segmentations/dish_1563477659/sam_mask/3 assign label: [ 0, background, 1.00, 0.0076 ]
[2025-07-23 22:10:39,666] [enhance_semantic_masks.py:28] [INFO] /home/sweedal/FoodSAM/results/segmentations/dish_1563477659/sam_mask/4 assign label: [ 0, background, 1.00, 0.0011 ]
[2025-07-23 22:10:39,667] [enhance_semantic_masks.py:28] [INFO] /home/sweedal/FoodSAM/results/segmentations/dish_1563477659/sam_mask/5 assign label: [ 0, background, 1.00, 0.0065 ]
[2025-07-23 22:10:39,667] [enhance_semantic_masks.py:28] [INFO] /home/sweedal/FoodSAM/results/segmentations/dish_1563477659/sam_mask/6 assign label: [ 0, background, 1.00, 0.0026 ]
[2025-07-23 22:10:39,667] [enhance_semantic_masks.py:28] [INFO] /home/sweedal/FoodSAM/results/segmentations/dish_1563477659/sam_mask/7 assign label: [ 77, rape, 0.52, 0.0051 ]
[2025-07-23 22:10:39,668] [enhance_semantic_masks.py:28] [INFO] /home/sweedal/FoodSAM/results/segmentations/dish_1563477659/sam_mask/8 assign label: [ 20, dried cranberries, 0.78, 0.0034 ]
[2025-07-23 22:10:39,668] [enhance_semantic_masks.py:28] [INFO] /home/sweedal/FoodSAM/results/segmentations/dish_1563477659/sam_mask/9 assign label: [ 20, dried cranberries, 0.58, 0.0040 ]
[2025-07-23 22:10:39,668] [enhance_semantic_masks.py:28] [INFO] /home/sweedal/FoodSAM/results/segmentations/dish_1563477659/sam_mask/10 assign label: [ 0, background, 1.00, 0.0007 ]
[2025-07-23 22:10:39,669] [enhance_semantic_masks.py:28] [INFO] /home/sweedal/FoodSAM/results/segmentations/dish_1563477659/sam_mask/11 assign label: [ 77, rape, 0.52, 0.0051 ]
[2025-07-23 22:10:39,673] [enhance_semantic_masks.py:28] [INFO] /home/sweedal/FoodSAM/results/segmentations/dish_1563477659/sam_mask/12 assign label: [ 20, dried cranberries, 0.39, 0.0522 ]
[2025-07-23 22:10:39,673] [enhance_semantic_masks.py:28] [INFO] /home/sweedal/FoodSAM/results/segmentations/dish_1563477659/sam_mask/13 assign label: [ 0, background, 1.00, 0.0022 ]
[2025-07-23 22:10:39,673] [enhance_semantic_masks.py:28] [INFO] /home/sweedal/FoodSAM/results/segmentations/dish_1563477659/sam_mask/14 assign label: [ 20, dried cranberries, 0.60, 0.0020 ]
[2025-07-23 22:10:39,674] [enhance_semantic_masks.py:28] [INFO] /home/sweedal/FoodSAM/results/segmentations/dish_1563477659/sam_mask/15 assign label: [ 103, other ingredients, 0.40, 0.0046 ]
[2025-07-23 22:10:39,674] [enhance_semantic_masks.py:28] [INFO] /home/sweedal/FoodSAM/results/segmentations/dish_1563477659/sam_mask/16 assign label: [ 103, other ingredients, 0.57, 0.0037 ]
[2025-07-23 22:10:39,675] [enhance_semantic_masks.py:28] [INFO] /home/sweedal/FoodSAM/results/segmentations/dish_1563477659/sam_mask/17 assign label: [ 20, dried cranberries, 0.99, 0.0029 ]
[2025-07-23 22:10:39,675] [enhance_semantic_masks.py:28] [INFO] /home/sweedal/FoodSAM/results/segmentations/dish_1563477659/sam_mask/18 assign label: [ 0, background, 1.00, 0.0009 ]
[2025-07-23 22:10:39,675] [enhance_semantic_masks.py:28] [INFO] /home/sweedal/FoodSAM/results/segmentations/dish_1563477659/sam_mask/19 assign label: [ 0, background, 0.45, 0.0031 ]
[2025-07-23 22:10:39,676] [enhance_semantic_masks.py:28] [INFO] /home/sweedal/FoodSAM/results/segmentations/dish_1563477659/sam_mask/20 assign label: [ 20, dried cranberries, 0.75, 0.0070 ]
[2025-07-23 22:10:39,680] [enhance_semantic_masks.py:28] [INFO] /home/sweedal/FoodSAM/results/segmentations/dish_1563477659/sam_mask/21 assign label: [ 0, background, 1.00, 0.0533 ]
[2025-07-23 22:10:39,680] [enhance_semantic_masks.py:28] [INFO] /home/sweedal/FoodSAM/results/segmentations/dish_1563477659/sam_mask/22 assign label: [ 0, background, 1.00, 0.0008 ]
[2025-07-23 22:10:39,680] [enhance_semantic_masks.py:28] [INFO] /home/sweedal/FoodSAM/results/segmentations/dish_1563477659/sam_mask/23 assign label: [ 0, background, 1.00, 0.0051 ]
[2025-07-23 22:10:39,681] [enhance_semantic_masks.py:28] [INFO] /home/sweedal/FoodSAM/results/segmentations/dish_1563477659/sam_mask/24 assign label: [ 20, dried cranberries, 0.95, 0.0032 ]
[2025-07-23 22:10:39,681] [enhance_semantic_masks.py:28] [INFO] /home/sweedal/FoodSAM/results/segmentations/dish_1563477659/sam_mask/25 assign label: [ 91, cabbage, 0.49, 0.0032 ]
[2025-07-23 22:10:39,682] [enhance_semantic_masks.py:28] [INFO] /home/sweedal/FoodSAM/results/segmentations/dish_1563477659/sam_mask/26 assign label: [ 0, background, 1.00, 0.0109 ]
[2025-07-23 22:10:39,682] [enhance_semantic_masks.py:28] [INFO] /home/sweedal/FoodSAM/results/segmentations/dish_1563477659/sam_mask/27 assign label: [ 91, cabbage, 0.57, 0.0079 ]
[2025-07-23 22:10:39,683] [enhance_semantic_masks.py:28] [INFO] /home/sweedal/FoodSAM/results/segmentations/dish_1563477659/sam_mask/28 assign label: [ 91, cabbage, 0.35, 0.0048 ]
[2025-07-23 22:10:39,683] [enhance_semantic_masks.py:28] [INFO] /home/sweedal/FoodSAM/results/segmentations/dish_1563477659/sam_mask/29 assign label: [ 0, background, 1.00, 0.0008 ]
[2025-07-23 22:10:39,683] [enhance_semantic_masks.py:28] [INFO] /home/sweedal/FoodSAM/results/segmentations/dish_1563477659/sam_mask/30 assign label: [ 0, background, 1.00, 0.0049 ]
[2025-07-23 22:10:39,684] [enhance_semantic_masks.py:28] [INFO] /home/sweedal/FoodSAM/results/segmentations/dish_1563477659/sam_mask/31 assign label: [ 77, rape, 0.75, 0.0014 ]
[2025-07-23 22:10:39,684] [enhance_semantic_masks.py:28] [INFO] /home/sweedal/FoodSAM/results/segmentations/dish_1563477659/sam_mask/32 assign label: [ 0, background, 1.00, 0.0015 ]
[2025-07-23 22:10:39,684] [enhance_semantic_masks.py:28] [INFO] /home/sweedal/FoodSAM/results/segmentations/dish_1563477659/sam_mask/33 assign label: [ 0, background, 1.00, 0.0010 ]
[2025-07-23 22:10:39,688] [enhance_semantic_masks.py:28] [INFO] /home/sweedal/FoodSAM/results/segmentations/dish_1563477659/sam_mask/34 assign label: [ 0, background, 1.00, 0.0481 ]
[2025-07-23 22:10:39,688] [enhance_semantic_masks.py:28] [INFO] /home/sweedal/FoodSAM/results/segmentations/dish_1563477659/sam_mask/35 assign label: [ 103, other ingredients, 0.51, 0.0042 ]
[2025-07-23 22:10:39,689] [enhance_semantic_masks.py:28] [INFO] /home/sweedal/FoodSAM/results/segmentations/dish_1563477659/sam_mask/36 assign label: [ 91, cabbage, 0.43, 0.0116 ]
[2025-07-23 22:10:39,690] [enhance_semantic_masks.py:28] [INFO] /home/sweedal/FoodSAM/results/segmentations/dish_1563477659/sam_mask/37 assign label: [ 103, other ingredients, 0.46, 0.0086 ]
[2025-07-23 22:10:39,708] [enhance_semantic_masks.py:28] [INFO] /home/sweedal/FoodSAM/results/segmentations/dish_1559157919/sam_mask/0 assign label: [ 89, cilantro mint, 1.00, 0.1836 ]
[2025-07-23 22:10:39,710] [enhance_semantic_masks.py:28] [INFO] /home/sweedal/FoodSAM/results/segmentations/dish_1559157919/sam_mask/1 assign label: [ 0, background, 1.00, 0.0252 ]
[2025-07-23 22:10:39,735] [enhance_semantic_masks.py:28] [INFO] /home/sweedal/FoodSAM/results/segmentations/dish_1559157919/sam_mask/2 assign label: [ 0, background, 0.96, 0.2975 ]
[2025-07-23 22:10:39,737] [enhance_semantic_masks.py:28] [INFO] /home/sweedal/FoodSAM/results/segmentations/dish_1559157919/sam_mask/3 assign label: [ 0, background, 1.00, 0.0206 ]
[2025-07-23 22:10:39,737] [enhance_semantic_masks.py:28] [INFO] /home/sweedal/FoodSAM/results/segmentations/dish_1559157919/sam_mask/4 assign label: [ 89, cilantro mint, 1.00, 0.0072 ]
[2025-07-23 22:10:39,746] [enhance_semantic_masks.py:28] [INFO] /home/sweedal/FoodSAM/results/segmentations/dish_1559157919/sam_mask/5 assign label: [ 0, background, 1.00, 0.1154 ]
[2025-07-23 22:10:39,752] [enhance_semantic_masks.py:28] [INFO] /home/sweedal/FoodSAM/results/segmentations/dish_1559157919/sam_mask/6 assign label: [ 89, cilantro mint, 1.00, 0.0815 ]
[2025-07-23 22:10:39,761] [enhance_semantic_masks.py:28] [INFO] /home/sweedal/FoodSAM/results/segmentations/dish_1559157919/sam_mask/7 assign label: [ 0, background, 1.00, 0.1153 ]
[2025-07-23 22:10:39,762] [enhance_semantic_masks.py:28] [INFO] /home/sweedal/FoodSAM/results/segmentations/dish_1559157919/sam_mask/8 assign label: [ 89, cilantro mint, 1.00, 0.0083 ]
[2025-07-23 22:10:39,771] [enhance_semantic_masks.py:28] [INFO] /home/sweedal/FoodSAM/results/segmentations/dish_1559157919/sam_mask/9 assign label: [ 0, background, 1.00, 0.1147 ]
[2025-07-23 22:10:39,771] [enhance_semantic_masks.py:28] [INFO] /home/sweedal/FoodSAM/results/segmentations/dish_1559157919/sam_mask/10 assign label: [ 89, cilantro mint, 0.99, 0.0012 ]
[2025-07-23 22:10:39,772] [enhance_semantic_masks.py:28] [INFO] /home/sweedal/FoodSAM/results/segmentations/dish_1559157919/sam_mask/11 assign label: [ 0, background, 1.00, 0.0171 ]
[2025-07-23 22:10:39,772] [enhance_semantic_masks.py:28] [INFO] /home/sweedal/FoodSAM/results/segmentations/dish_1559157919/sam_mask/12 assign label: [ 89, cilantro mint, 1.00, 0.0034 ]
[2025-07-23 22:10:39,773] [enhance_semantic_masks.py:28] [INFO] /home/sweedal/FoodSAM/results/segmentations/dish_1559157919/sam_mask/13 assign label: [ 0, background, 1.00, 0.0057 ]
[2025-07-23 22:10:39,773] [enhance_semantic_masks.py:28] [INFO] /home/sweedal/FoodSAM/results/segmentations/dish_1559157919/sam_mask/14 assign label: [ 89, cilantro mint, 0.48, 0.0011 ]
[2025-07-23 22:10:39,773] [enhance_semantic_masks.py:28] [INFO] /home/sweedal/FoodSAM/results/segmentations/dish_1559157919/sam_mask/15 assign label: [ 89, cilantro mint, 0.96, 0.0013 ]
[2025-07-23 22:10:39,781] [enhance_semantic_masks.py:28] [INFO] /home/sweedal/FoodSAM/results/segmentations/dish_1559157919/sam_mask/16 assign label: [ 89, cilantro mint, 1.00, 0.0995 ]
[2025-07-23 22:10:39,782] [enhance_semantic_masks.py:28] [INFO] /home/sweedal/FoodSAM/results/segmentations/dish_1559157919/sam_mask/17 assign label: [ 0, background, 1.00, 0.0233 ]
[2025-07-23 22:10:39,783] [enhance_semantic_masks.py:28] [INFO] /home/sweedal/FoodSAM/results/segmentations/dish_1559157919/sam_mask/18 assign label: [ 89, cilantro mint, 1.00, 0.0062 ]
[2025-07-23 22:10:39,783] [enhance_semantic_masks.py:28] [INFO] /home/sweedal/FoodSAM/results/segmentations/dish_1559157919/sam_mask/19 assign label: [ 89, cilantro mint, 1.00, 0.0015 ]
[2025-07-23 22:10:39,784] [enhance_semantic_masks.py:28] [INFO] /home/sweedal/FoodSAM/results/segmentations/dish_1559157919/sam_mask/20 assign label: [ 89, cilantro mint, 1.00, 0.0031 ]
[2025-07-23 22:10:39,784] [enhance_semantic_masks.py:28] [INFO] /home/sweedal/FoodSAM/results/segmentations/dish_1559157919/sam_mask/21 assign label: [ 89, cilantro mint, 1.00, 0.0008 ]
[2025-07-23 22:10:39,785] [enhance_semantic_masks.py:28] [INFO] /home/sweedal/FoodSAM/results/segmentations/dish_1559157919/sam_mask/22 assign label: [ 0, background, 1.00, 0.0195 ]
[2025-07-23 22:10:39,786] [enhance_semantic_masks.py:28] [INFO] /home/sweedal/FoodSAM/results/segmentations/dish_1559157919/sam_mask/23 assign label: [ 89, cilantro mint, 1.00, 0.0083 ]
[2025-07-23 22:10:39,786] [enhance_semantic_masks.py:28] [INFO] /home/sweedal/FoodSAM/results/segmentations/dish_1559157919/sam_mask/24 assign label: [ 89, cilantro mint, 1.00, 0.0008 ]
[2025-07-23 22:10:39,788] [enhance_semantic_masks.py:28] [INFO] /home/sweedal/FoodSAM/results/segmentations/dish_1559157919/sam_mask/25 assign label: [ 89, cilantro mint, 1.00, 0.0216 ]
[2025-07-23 22:10:39,789] [enhance_semantic_masks.py:28] [INFO] /home/sweedal/FoodSAM/results/segmentations/dish_1559157919/sam_mask/26 assign label: [ 0, background, 1.00, 0.0233 ]
[2025-07-23 22:10:39,790] [enhance_semantic_masks.py:28] [INFO] /home/sweedal/FoodSAM/results/segmentations/dish_1559157919/sam_mask/27 assign label: [ 89, cilantro mint, 1.00, 0.0038 ]
[2025-07-23 22:10:39,790] [enhance_semantic_masks.py:28] [INFO] /home/sweedal/FoodSAM/results/segmentations/dish_1559157919/sam_mask/28 assign label: [ 89, cilantro mint, 0.75, 0.0022 ]
[2025-07-23 22:10:39,790] [enhance_semantic_masks.py:28] [INFO] /home/sweedal/FoodSAM/results/segmentations/dish_1559157919/sam_mask/29 assign label: [ 89, cilantro mint, 1.00, 0.0023 ]
[2025-07-23 22:10:39,793] [enhance_semantic_masks.py:28] [INFO] /home/sweedal/FoodSAM/results/segmentations/dish_1559157919/sam_mask/30 assign label: [ 0, background, 1.00, 0.0460 ]
[2025-07-23 22:10:39,794] [enhance_semantic_masks.py:28] [INFO] /home/sweedal/FoodSAM/results/segmentations/dish_1559157919/sam_mask/31 assign label: [ 0, background, 1.00, 0.0007 ]
[2025-07-23 22:10:39,794] [enhance_semantic_masks.py:28] [INFO] /home/sweedal/FoodSAM/results/segmentations/dish_1559157919/sam_mask/32 assign label: [ 89, cilantro mint, 1.00, 0.0009 ]
[2025-07-23 22:10:39,794] [enhance_semantic_masks.py:28] [INFO] /home/sweedal/FoodSAM/results/segmentations/dish_1559157919/sam_mask/33 assign label: [ 89, cilantro mint, 1.00, 0.0031 ]
[2025-07-23 22:10:39,795] [enhance_semantic_masks.py:28] [INFO] /home/sweedal/FoodSAM/results/segmentations/dish_1559157919/sam_mask/34 assign label: [ 89, cilantro mint, 1.00, 0.0023 ]
[2025-07-23 22:10:39,796] [enhance_semantic_masks.py:28] [INFO] /home/sweedal/FoodSAM/results/segmentations/dish_1559157919/sam_mask/35 assign label: [ 0, background, 1.00, 0.0173 ]
[2025-07-23 22:10:39,796] [enhance_semantic_masks.py:28] [INFO] /home/sweedal/FoodSAM/results/segmentations/dish_1559157919/sam_mask/36 assign label: [ 89, cilantro mint, 1.00, 0.0016 ]
[2025-07-23 22:10:39,796] [enhance_semantic_masks.py:28] [INFO] /home/sweedal/FoodSAM/results/segmentations/dish_1559157919/sam_mask/37 assign label: [ 89, cilantro mint, 1.00, 0.0004 ]
[2025-07-23 22:10:39,797] [enhance_semantic_masks.py:28] [INFO] /home/sweedal/FoodSAM/results/segmentations/dish_1559157919/sam_mask/38 assign label: [ 0, background, 1.00, 0.0036 ]
[2025-07-23 22:10:39,798] [enhance_semantic_masks.py:28] [INFO] /home/sweedal/FoodSAM/results/segmentations/dish_1559157919/sam_mask/39 assign label: [ 0, background, 1.00, 0.0213 ]
[2025-07-23 22:10:39,800] [enhance_semantic_masks.py:28] [INFO] /home/sweedal/FoodSAM/results/segmentations/dish_1559157919/sam_mask/40 assign label: [ 89, cilantro mint, 1.00, 0.0218 ]
[2025-07-23 22:10:39,800] [enhance_semantic_masks.py:28] [INFO] /home/sweedal/FoodSAM/results/segmentations/dish_1559157919/sam_mask/41 assign label: [ 0, background, 1.00, 0.0023 ]
[2025-07-23 22:10:39,807] [enhance_semantic_masks.py:28] [INFO] /home/sweedal/FoodSAM/results/segmentations/dish_1559157919/sam_mask/42 assign label: [ 0, background, 1.00, 0.0984 ]
[2025-07-23 22:10:39,808] [enhance_semantic_masks.py:28] [INFO] /home/sweedal/FoodSAM/results/segmentations/dish_1559157919/sam_mask/43 assign label: [ 89, cilantro mint, 1.00, 0.0069 ]
[2025-07-23 22:10:39,808] [enhance_semantic_masks.py:28] [INFO] /home/sweedal/FoodSAM/results/segmentations/dish_1559157919/sam_mask/44 assign label: [ 0, background, 1.00, 0.0069 ]
[2025-07-23 22:10:39,809] [enhance_semantic_masks.py:28] [INFO] /home/sweedal/FoodSAM/results/segmentations/dish_1559157919/sam_mask/45 assign label: [ 89, cilantro mint, 0.97, 0.0015 ]
[2025-07-23 22:10:39,809] [enhance_semantic_masks.py:28] [INFO] /home/sweedal/FoodSAM/results/segmentations/dish_1559157919/sam_mask/46 assign label: [ 89, cilantro mint, 1.00, 0.0028 ]
[2025-07-23 22:10:39,809] [enhance_semantic_masks.py:28] [INFO] /home/sweedal/FoodSAM/results/segmentations/dish_1559157919/sam_mask/47 assign label: [ 0, background, 1.00, 0.0026 ]
[2025-07-23 22:10:39,810] [enhance_semantic_masks.py:28] [INFO] /home/sweedal/FoodSAM/results/segmentations/dish_1559157919/sam_mask/48 assign label: [ 0, background, 1.00, 0.0017 ]
[2025-07-23 22:10:39,810] [enhance_semantic_masks.py:28] [INFO] /home/sweedal/FoodSAM/results/segmentations/dish_1559157919/sam_mask/49 assign label: [ 89, cilantro mint, 1.00, 0.0071 ]
[2025-07-23 22:10:39,810] [enhance_semantic_masks.py:28] [INFO] /home/sweedal/FoodSAM/results/segmentations/dish_1559157919/sam_mask/50 assign label: [ 89, cilantro mint, 1.00, 0.0013 ]
[2025-07-23 22:10:39,811] [enhance_semantic_masks.py:28] [INFO] /home/sweedal/FoodSAM/results/segmentations/dish_1559157919/sam_mask/51 assign label: [ 0, background, 1.00, 0.0065 ]
[2025-07-23 22:10:39,811] [enhance_semantic_masks.py:28] [INFO] /home/sweedal/FoodSAM/results/segmentations/dish_1559157919/sam_mask/52 assign label: [ 89, cilantro mint, 1.00, 0.0004 ]
[2025-07-23 22:10:39,811] [enhance_semantic_masks.py:28] [INFO] /home/sweedal/FoodSAM/results/segmentations/dish_1559157919/sam_mask/53 assign label: [ 89, cilantro mint, 1.00, 0.0006 ]
[2025-07-23 22:10:39,812] [enhance_semantic_masks.py:28] [INFO] /home/sweedal/FoodSAM/results/segmentations/dish_1559157919/sam_mask/54 assign label: [ 0, background, 1.00, 0.0064 ]
[2025-07-23 22:10:39,813] [enhance_semantic_masks.py:28] [INFO] /home/sweedal/FoodSAM/results/segmentations/dish_1559157919/sam_mask/55 assign label: [ 0, background, 1.00, 0.0096 ]
[2025-07-23 22:10:39,813] [enhance_semantic_masks.py:28] [INFO] /home/sweedal/FoodSAM/results/segmentations/dish_1559157919/sam_mask/56 assign label: [ 89, cilantro mint, 0.99, 0.0008 ]
[2025-07-23 22:10:39,813] [enhance_semantic_masks.py:28] [INFO] /home/sweedal/FoodSAM/results/segmentations/dish_1559157919/sam_mask/57 assign label: [ 89, cilantro mint, 1.00, 0.0026 ]
[2025-07-23 22:10:39,814] [enhance_semantic_masks.py:28] [INFO] /home/sweedal/FoodSAM/results/segmentations/dish_1559157919/sam_mask/58 assign label: [ 89, cilantro mint, 1.00, 0.0043 ]
[2025-07-23 22:10:39,814] [enhance_semantic_masks.py:28] [INFO] /home/sweedal/FoodSAM/results/segmentations/dish_1559157919/sam_mask/59 assign label: [ 89, cilantro mint, 1.00, 0.0016 ]
[2025-07-23 22:10:39,814] [enhance_semantic_masks.py:28] [INFO] /home/sweedal/FoodSAM/results/segmentations/dish_1559157919/sam_mask/60 assign label: [ 0, background, 1.00, 0.0008 ]
[2025-07-23 22:10:39,814] [enhance_semantic_masks.py:28] [INFO] /home/sweedal/FoodSAM/results/segmentations/dish_1559157919/sam_mask/61 assign label: [ 89, cilantro mint, 1.00, 0.0023 ]
[2025-07-23 22:10:39,815] [enhance_semantic_masks.py:28] [INFO] /home/sweedal/FoodSAM/results/segmentations/dish_1559157919/sam_mask/62 assign label: [ 89, cilantro mint, 0.96, 0.0016 ]
[2025-07-23 22:10:39,815] [enhance_semantic_masks.py:28] [INFO] /home/sweedal/FoodSAM/results/segmentations/dish_1559157919/sam_mask/63 assign label: [ 89, cilantro mint, 1.00, 0.0022 ]
[2025-07-23 22:10:39,815] [enhance_semantic_masks.py:28] [INFO] /home/sweedal/FoodSAM/results/segmentations/dish_1559157919/sam_mask/64 assign label: [ 89, cilantro mint, 1.00, 0.0003 ]
[2025-07-23 22:10:39,816] [enhance_semantic_masks.py:28] [INFO] /home/sweedal/FoodSAM/results/segmentations/dish_1559157919/sam_mask/65 assign label: [ 0, background, 1.00, 0.0097 ]
[2025-07-23 22:10:39,816] [enhance_semantic_masks.py:28] [INFO] /home/sweedal/FoodSAM/results/segmentations/dish_1559157919/sam_mask/66 assign label: [ 89, cilantro mint, 1.00, 0.0018 ]
[2025-07-23 22:10:39,835] [enhance_semantic_masks.py:28] [INFO] /home/sweedal/FoodSAM/results/segmentations/dish_1565725095/sam_mask/0 assign label: [ 0, background, 1.00, 0.1762 ]
[2025-07-23 22:10:39,896] [enhance_semantic_masks.py:28] [INFO] /home/sweedal/FoodSAM/results/segmentations/dish_1565725095/sam_mask/1 assign label: [ 0, background, 0.67, 0.6674 ]
[2025-07-23 22:10:39,897] [enhance_semantic_masks.py:28] [INFO] /home/sweedal/FoodSAM/results/segmentations/dish_1565725095/sam_mask/2 assign label: [ 0, background, 1.00, 0.0112 ]
[2025-07-23 22:10:39,911] [enhance_semantic_masks.py:28] [INFO] /home/sweedal/FoodSAM/results/segmentations/dish_1565725095/sam_mask/3 assign label: [ 0, background, 1.00, 0.1766 ]
[2025-07-23 22:10:39,924] [enhance_semantic_masks.py:28] [INFO] /home/sweedal/FoodSAM/results/segmentations/dish_1565725095/sam_mask/4 assign label: [ 0, background, 1.00, 0.1766 ]
[2025-07-23 22:10:39,925] [enhance_semantic_masks.py:28] [INFO] /home/sweedal/FoodSAM/results/segmentations/dish_1565725095/sam_mask/5 assign label: [ 84, carrot, 1.00, 0.0064 ]
[2025-07-23 22:10:39,925] [enhance_semantic_masks.py:28] [INFO] /home/sweedal/FoodSAM/results/segmentations/dish_1565725095/sam_mask/6 assign label: [ 73, tomato, 0.97, 0.0048 ]
[2025-07-23 22:10:39,926] [enhance_semantic_masks.py:28] [INFO] /home/sweedal/FoodSAM/results/segmentations/dish_1565725095/sam_mask/7 assign label: [ 94, pepper, 0.64, 0.0119 ]
[2025-07-23 22:10:39,927] [enhance_semantic_masks.py:28] [INFO] /home/sweedal/FoodSAM/results/segmentations/dish_1565725095/sam_mask/8 assign label: [ 94, pepper, 0.73, 0.0045 ]
[2025-07-23 22:10:39,927] [enhance_semantic_masks.py:28] [INFO] /home/sweedal/FoodSAM/results/segmentations/dish_1565725095/sam_mask/9 assign label: [ 0, background, 1.00, 0.0008 ]
[2025-07-23 22:10:39,928] [enhance_semantic_masks.py:28] [INFO] /home/sweedal/FoodSAM/results/segmentations/dish_1565725095/sam_mask/10 assign label: [ 73, tomato, 1.00, 0.0035 ]
[2025-07-23 22:10:39,928] [enhance_semantic_masks.py:28] [INFO] /home/sweedal/FoodSAM/results/segmentations/dish_1565725095/sam_mask/11 assign label: [ 73, tomato, 0.81, 0.0043 ]
[2025-07-23 22:10:39,929] [enhance_semantic_masks.py:28] [INFO] /home/sweedal/FoodSAM/results/segmentations/dish_1565725095/sam_mask/12 assign label: [ 73, tomato, 0.95, 0.0052 ]
[2025-07-23 22:10:39,929] [enhance_semantic_masks.py:28] [INFO] /home/sweedal/FoodSAM/results/segmentations/dish_1565725095/sam_mask/13 assign label: [ 73, tomato, 0.84, 0.0038 ]
[2025-07-23 22:10:39,929] [enhance_semantic_masks.py:28] [INFO] /home/sweedal/FoodSAM/results/segmentations/dish_1565725095/sam_mask/14 assign label: [ 73, tomato, 0.96, 0.0047 ]
[2025-07-23 22:10:39,930] [enhance_semantic_masks.py:28] [INFO] /home/sweedal/FoodSAM/results/segmentations/dish_1565725095/sam_mask/15 assign label: [ 84, carrot, 1.00, 0.0031 ]
[2025-07-23 22:10:39,930] [enhance_semantic_masks.py:28] [INFO] /home/sweedal/FoodSAM/results/segmentations/dish_1565725095/sam_mask/16 assign label: [ 73, tomato, 0.80, 0.0038 ]
[2025-07-23 22:10:39,931] [enhance_semantic_masks.py:28] [INFO] /home/sweedal/FoodSAM/results/segmentations/dish_1565725095/sam_mask/17 assign label: [ 94, pepper, 0.59, 0.0025 ]
[2025-07-23 22:10:39,931] [enhance_semantic_masks.py:28] [INFO] /home/sweedal/FoodSAM/results/segmentations/dish_1565725095/sam_mask/18 assign label: [ 84, carrot, 0.99, 0.0026 ]
[2025-07-23 22:10:39,931] [enhance_semantic_masks.py:28] [INFO] /home/sweedal/FoodSAM/results/segmentations/dish_1565725095/sam_mask/19 assign label: [ 0, background, 1.00, 0.0008 ]
[2025-07-23 22:10:39,932] [enhance_semantic_masks.py:28] [INFO] /home/sweedal/FoodSAM/results/segmentations/dish_1565725095/sam_mask/20 assign label: [ 73, tomato, 0.90, 0.0041 ]
[2025-07-23 22:10:39,932] [enhance_semantic_masks.py:28] [INFO] /home/sweedal/FoodSAM/results/segmentations/dish_1565725095/sam_mask/21 assign label: [ 94, pepper, 0.69, 0.0021 ]
[2025-07-23 22:10:39,932] [enhance_semantic_masks.py:28] [INFO] /home/sweedal/FoodSAM/results/segmentations/dish_1565725095/sam_mask/22 assign label: [ 94, pepper, 0.96, 0.0037 ]
[2025-07-23 22:10:39,933] [enhance_semantic_masks.py:28] [INFO] /home/sweedal/FoodSAM/results/segmentations/dish_1565725095/sam_mask/23 assign label: [ 84, carrot, 0.80, 0.0024 ]
[2025-07-23 22:10:39,933] [enhance_semantic_masks.py:28] [INFO] /home/sweedal/FoodSAM/results/segmentations/dish_1565725095/sam_mask/24 assign label: [ 84, carrot, 0.74, 0.0075 ]
[2025-07-23 22:10:39,934] [enhance_semantic_masks.py:28] [INFO] /home/sweedal/FoodSAM/results/segmentations/dish_1565725095/sam_mask/25 assign label: [ 73, tomato, 0.88, 0.0089 ]
[2025-07-23 22:10:39,934] [enhance_semantic_masks.py:28] [INFO] /home/sweedal/FoodSAM/results/segmentations/dish_1565725095/sam_mask/26 assign label: [ 0, background, 1.00, 0.0016 ]
[2025-07-23 22:10:39,935] [enhance_semantic_masks.py:28] [INFO] /home/sweedal/FoodSAM/results/segmentations/dish_1565725095/sam_mask/27 assign label: [ 73, tomato, 0.59, 0.0049 ]
[2025-07-23 22:10:39,935] [enhance_semantic_masks.py:28] [INFO] /home/sweedal/FoodSAM/results/segmentations/dish_1565725095/sam_mask/28 assign label: [ 84, carrot, 0.98, 0.0068 ]
[2025-07-23 22:10:39,936] [enhance_semantic_masks.py:28] [INFO] /home/sweedal/FoodSAM/results/segmentations/dish_1565725095/sam_mask/29 assign label: [ 84, carrot, 1.00, 0.0068 ]
[2025-07-23 22:10:39,936] [enhance_semantic_masks.py:28] [INFO] /home/sweedal/FoodSAM/results/segmentations/dish_1565725095/sam_mask/30 assign label: [ 84, carrot, 0.53, 0.0028 ]
[2025-07-23 22:10:39,937] [enhance_semantic_masks.py:28] [INFO] /home/sweedal/FoodSAM/results/segmentations/dish_1565725095/sam_mask/31 assign label: [ 84, carrot, 1.00, 0.0011 ]
[2025-07-23 22:10:39,937] [enhance_semantic_masks.py:28] [INFO] /home/sweedal/FoodSAM/results/segmentations/dish_1565725095/sam_mask/32 assign label: [ 94, pepper, 0.77, 0.0060 ]
[2025-07-23 22:10:39,938] [enhance_semantic_masks.py:28] [INFO] /home/sweedal/FoodSAM/results/segmentations/dish_1565725095/sam_mask/33 assign label: [ 0, background, 1.00, 0.0003 ]
[2025-07-23 22:10:39,938] [enhance_semantic_masks.py:28] [INFO] /home/sweedal/FoodSAM/results/segmentations/dish_1565725095/sam_mask/34 assign label: [ 94, pepper, 0.55, 0.0120 ]
[2025-07-23 22:10:39,939] [enhance_semantic_masks.py:28] [INFO] /home/sweedal/FoodSAM/results/segmentations/dish_1565725095/sam_mask/35 assign label: [ 84, carrot, 0.72, 0.0010 ]
[2025-07-23 22:10:39,939] [enhance_semantic_masks.py:28] [INFO] /home/sweedal/FoodSAM/results/segmentations/dish_1565725095/sam_mask/36 assign label: [ 84, carrot, 1.00, 0.0014 ]
[2025-07-23 22:10:39,940] [enhance_semantic_masks.py:28] [INFO] /home/sweedal/FoodSAM/results/segmentations/dish_1565725095/sam_mask/37 assign label: [ 94, pepper, 0.67, 0.0071 ]
[2025-07-23 22:10:39,941] [enhance_semantic_masks.py:28] [INFO] /home/sweedal/FoodSAM/results/segmentations/dish_1565725095/sam_mask/38 assign label: [ 0, background, 1.00, 0.0154 ]
[2025-07-23 22:10:39,941] [enhance_semantic_masks.py:28] [INFO] /home/sweedal/FoodSAM/results/segmentations/dish_1565725095/sam_mask/39 assign label: [ 0, background, 1.00, 0.0008 ]
[2025-07-23 22:10:39,942] [enhance_semantic_masks.py:28] [INFO] /home/sweedal/FoodSAM/results/segmentations/dish_1565725095/sam_mask/40 assign label: [ 73, tomato, 0.91, 0.0073 ]
[2025-07-23 22:10:39,942] [enhance_semantic_masks.py:28] [INFO] /home/sweedal/FoodSAM/results/segmentations/dish_1565725095/sam_mask/41 assign label: [ 84, carrot, 1.00, 0.0009 ]
[2025-07-23 22:10:39,942] [enhance_semantic_masks.py:28] [INFO] /home/sweedal/FoodSAM/results/segmentations/dish_1565725095/sam_mask/42 assign label: [ 84, carrot, 0.37, 0.0020 ]
[2025-07-23 22:10:39,943] [enhance_semantic_masks.py:28] [INFO] /home/sweedal/FoodSAM/results/segmentations/dish_1565725095/sam_mask/43 assign label: [ 0, background, 1.00, 0.0030 ]
[2025-07-23 22:10:39,943] [enhance_semantic_masks.py:28] [INFO] /home/sweedal/FoodSAM/results/segmentations/dish_1565725095/sam_mask/44 assign label: [ 84, carrot, 0.59, 0.0033 ]
[2025-07-23 22:10:39,944] [enhance_semantic_masks.py:28] [INFO] /home/sweedal/FoodSAM/results/segmentations/dish_1565725095/sam_mask/45 assign label: [ 84, carrot, 0.71, 0.0046 ]
[2025-07-23 22:10:39,944] [enhance_semantic_masks.py:28] [INFO] /home/sweedal/FoodSAM/results/segmentations/dish_1565725095/sam_mask/46 assign label: [ 84, carrot, 1.00, 0.0033 ]
[2025-07-23 22:10:39,944] [enhance_semantic_masks.py:28] [INFO] /home/sweedal/FoodSAM/results/segmentations/dish_1565725095/sam_mask/47 assign label: [ 84, carrot, 1.00, 0.0012 ]
[2025-07-23 22:10:39,945] [enhance_semantic_masks.py:28] [INFO] /home/sweedal/FoodSAM/results/segmentations/dish_1565725095/sam_mask/48 assign label: [ 84, carrot, 1.00, 0.0004 ]
[2025-07-23 22:10:39,945] [enhance_semantic_masks.py:28] [INFO] /home/sweedal/FoodSAM/results/segmentations/dish_1565725095/sam_mask/49 assign label: [ 0, background, 1.00, 0.0050 ]
[2025-07-23 22:10:39,945] [enhance_semantic_masks.py:28] [INFO] /home/sweedal/FoodSAM/results/segmentations/dish_1565725095/sam_mask/50 assign label: [ 0, background, 1.00, 0.0021 ]
[2025-07-23 22:10:39,946] [enhance_semantic_masks.py:28] [INFO] /home/sweedal/FoodSAM/results/segmentations/dish_1565725095/sam_mask/51 assign label: [ 84, carrot, 0.96, 0.0018 ]
[2025-07-23 22:10:39,947] [enhance_semantic_masks.py:28] [INFO] /home/sweedal/FoodSAM/results/segmentations/dish_1565725095/sam_mask/52 assign label: [ 0, background, 1.00, 0.0214 ]
[2025-07-23 22:10:39,949] [enhance_semantic_masks.py:28] [INFO] /home/sweedal/FoodSAM/results/segmentations/dish_1565725095/sam_mask/53 assign label: [ 94, pepper, 0.54, 0.0167 ]
[2025-07-23 22:10:39,949] [enhance_semantic_masks.py:28] [INFO] /home/sweedal/FoodSAM/results/segmentations/dish_1565725095/sam_mask/54 assign label: [ 94, pepper, 0.74, 0.0065 ]
[2025-07-23 22:10:39,949] [enhance_semantic_masks.py:28] [INFO] /home/sweedal/FoodSAM/results/segmentations/dish_1565725095/sam_mask/55 assign label: [ 84, carrot, 0.87, 0.0011 ]
[2025-07-23 22:10:39,950] [enhance_semantic_masks.py:28] [INFO] /home/sweedal/FoodSAM/results/segmentations/dish_1565725095/sam_mask/56 assign label: [ 94, pepper, 0.60, 0.0017 ]
[2025-07-23 22:10:39,950] [enhance_semantic_masks.py:28] [INFO] /home/sweedal/FoodSAM/results/segmentations/dish_1565725095/sam_mask/57 assign label: [ 0, background, 1.00, 0.0028 ]
[2025-07-23 22:10:39,951] [enhance_semantic_masks.py:28] [INFO] /home/sweedal/FoodSAM/results/segmentations/dish_1565725095/sam_mask/58 assign label: [ 84, carrot, 1.00, 0.0010 ]
[2025-07-23 22:10:39,951] [enhance_semantic_masks.py:28] [INFO] /home/sweedal/FoodSAM/results/segmentations/dish_1565725095/sam_mask/59 assign label: [ 0, background, 1.00, 0.0008 ]
[2025-07-23 22:10:39,951] [enhance_semantic_masks.py:28] [INFO] /home/sweedal/FoodSAM/results/segmentations/dish_1565725095/sam_mask/60 assign label: [ 0, background, 0.69, 0.0025 ]
[2025-07-23 22:10:39,951] [enhance_semantic_masks.py:28] [INFO] /home/sweedal/FoodSAM/results/segmentations/dish_1565725095/sam_mask/61 assign label: [ 84, carrot, 0.99, 0.0012 ]
[2025-07-23 22:10:39,952] [enhance_semantic_masks.py:28] [INFO] /home/sweedal/FoodSAM/results/segmentations/dish_1565725095/sam_mask/62 assign label: [ 0, background, 0.98, 0.0006 ]
[2025-07-23 22:10:39,952] [enhance_semantic_masks.py:28] [INFO] /home/sweedal/FoodSAM/results/segmentations/dish_1565725095/sam_mask/63 assign label: [ 0, background, 1.00, 0.0097 ]
[2025-07-23 22:10:39,953] [enhance_semantic_masks.py:28] [INFO] /home/sweedal/FoodSAM/results/segmentations/dish_1565725095/sam_mask/64 assign label: [ 84, carrot, 0.52, 0.0049 ]
[2025-07-23 22:10:39,954] [enhance_semantic_masks.py:28] [INFO] /home/sweedal/FoodSAM/results/segmentations/dish_1565725095/sam_mask/65 assign label: [ 84, carrot, 0.97, 0.0075 ]
[2025-07-23 22:10:39,954] [enhance_semantic_masks.py:28] [INFO] /home/sweedal/FoodSAM/results/segmentations/dish_1565725095/sam_mask/66 assign label: [ 0, background, 1.00, 0.0003 ]
[2025-07-23 22:10:39,954] [enhance_semantic_masks.py:28] [INFO] /home/sweedal/FoodSAM/results/segmentations/dish_1565725095/sam_mask/67 assign label: [ 84, carrot, 0.64, 0.0007 ]
[2025-07-23 22:10:39,955] [enhance_semantic_masks.py:28] [INFO] /home/sweedal/FoodSAM/results/segmentations/dish_1565725095/sam_mask/68 assign label: [ 94, pepper, 0.38, 0.0082 ]
[2025-07-23 22:10:39,955] [enhance_semantic_masks.py:28] [INFO] /home/sweedal/FoodSAM/results/segmentations/dish_1565725095/sam_mask/69 assign label: [ 0, background, 1.00, 0.0041 ]
[2025-07-23 22:10:39,956] [enhance_semantic_masks.py:28] [INFO] /home/sweedal/FoodSAM/results/segmentations/dish_1565725095/sam_mask/70 assign label: [ 0, background, 0.63, 0.0020 ]
[2025-07-23 22:10:39,956] [enhance_semantic_masks.py:28] [INFO] /home/sweedal/FoodSAM/results/segmentations/dish_1565725095/sam_mask/71 assign label: [ 84, carrot, 0.48, 0.0010 ]
[2025-07-23 22:10:39,956] [enhance_semantic_masks.py:28] [INFO] /home/sweedal/FoodSAM/results/segmentations/dish_1565725095/sam_mask/72 assign label: [ 84, carrot, 0.58, 0.0046 ]
[2025-07-23 22:10:39,957] [enhance_semantic_masks.py:28] [INFO] /home/sweedal/FoodSAM/results/segmentations/dish_1565725095/sam_mask/73 assign label: [ 84, carrot, 1.00, 0.0014 ]
[2025-07-23 22:10:39,957] [enhance_semantic_masks.py:28] [INFO] /home/sweedal/FoodSAM/results/segmentations/dish_1565725095/sam_mask/74 assign label: [ 84, carrot, 0.58, 0.0016 ]
[2025-07-23 22:10:39,958] [enhance_semantic_masks.py:28] [INFO] /home/sweedal/FoodSAM/results/segmentations/dish_1565725095/sam_mask/75 assign label: [ 0, background, 0.94, 0.0069 ]
[2025-07-23 22:10:39,958] [enhance_semantic_masks.py:28] [INFO] /home/sweedal/FoodSAM/results/segmentations/dish_1565725095/sam_mask/76 assign label: [ 84, carrot, 1.00, 0.0007 ]
[2025-07-23 22:10:39,958] [enhance_semantic_masks.py:28] [INFO] /home/sweedal/FoodSAM/results/segmentations/dish_1565725095/sam_mask/77 assign label: [ 84, carrot, 0.99, 0.0025 ]
[2025-07-23 22:10:39,959] [enhance_semantic_masks.py:28] [INFO] /home/sweedal/FoodSAM/results/segmentations/dish_1565725095/sam_mask/78 assign label: [ 84, carrot, 0.99, 0.0013 ]
[2025-07-23 22:10:39,959] [enhance_semantic_masks.py:28] [INFO] /home/sweedal/FoodSAM/results/segmentations/dish_1565725095/sam_mask/79 assign label: [ 0, background, 1.00, 0.0027 ]
[2025-07-23 22:10:39,959] [enhance_semantic_masks.py:28] [INFO] /home/sweedal/FoodSAM/results/segmentations/dish_1565725095/sam_mask/80 assign label: [ 84, carrot, 1.00, 0.0004 ]
[2025-07-23 22:10:39,959] [enhance_semantic_masks.py:28] [INFO] /home/sweedal/FoodSAM/results/segmentations/dish_1565725095/sam_mask/81 assign label: [ 0, background, 1.00, 0.0016 ]
[2025-07-23 22:10:39,960] [enhance_semantic_masks.py:28] [INFO] /home/sweedal/FoodSAM/results/segmentations/dish_1565725095/sam_mask/82 assign label: [ 84, carrot, 1.00, 0.0017 ]
[2025-07-23 22:10:39,960] [enhance_semantic_masks.py:28] [INFO] /home/sweedal/FoodSAM/results/segmentations/dish_1565725095/sam_mask/83 assign label: [ 0, background, 1.00, 0.0019 ]
[2025-07-23 22:10:39,961] [enhance_semantic_masks.py:28] [INFO] /home/sweedal/FoodSAM/results/segmentations/dish_1565725095/sam_mask/84 assign label: [ 0, background, 1.00, 0.0071 ]
[2025-07-23 22:10:39,961] [enhance_semantic_masks.py:28] [INFO] /home/sweedal/FoodSAM/results/segmentations/dish_1565725095/sam_mask/85 assign label: [ 84, carrot, 1.00, 0.0010 ]
[2025-07-23 22:10:39,961] [enhance_semantic_masks.py:28] [INFO] /home/sweedal/FoodSAM/results/segmentations/dish_1565725095/sam_mask/86 assign label: [ 84, carrot, 0.58, 0.0013 ]
[2025-07-23 22:10:39,962] [enhance_semantic_masks.py:28] [INFO] /home/sweedal/FoodSAM/results/segmentations/dish_1565725095/sam_mask/87 assign label: [ 0, background, 1.00, 0.0063 ]
[2025-07-23 22:10:39,962] [enhance_semantic_masks.py:28] [INFO] /home/sweedal/FoodSAM/results/segmentations/dish_1565725095/sam_mask/88 assign label: [ 84, carrot, 1.00, 0.0005 ]
[2025-07-23 22:10:39,962] [enhance_semantic_masks.py:28] [INFO] /home/sweedal/FoodSAM/results/segmentations/dish_1565725095/sam_mask/89 assign label: [ 84, carrot, 1.00, 0.0010 ]
[2025-07-23 22:10:39,963] [enhance_semantic_masks.py:28] [INFO] /home/sweedal/FoodSAM/results/segmentations/dish_1565725095/sam_mask/90 assign label: [ 84, carrot, 0.92, 0.0004 ]
[2025-07-23 22:10:39,963] [enhance_semantic_masks.py:28] [INFO] /home/sweedal/FoodSAM/results/segmentations/dish_1565725095/sam_mask/91 assign label: [ 84, carrot, 0.93, 0.0038 ]
[2025-07-23 22:10:39,974] [enhance_semantic_masks.py:28] [INFO] /home/sweedal/FoodSAM/results/segmentations/dish_1565118729/sam_mask/0 assign label: [ 47, pork, 1.00, 0.1117 ]
[2025-07-23 22:10:39,989] [enhance_semantic_masks.py:28] [INFO] /home/sweedal/FoodSAM/results/segmentations/dish_1565118729/sam_mask/1 assign label: [ 0, background, 1.00, 0.1756 ]
[2025-07-23 22:10:40,003] [enhance_semantic_masks.py:28] [INFO] /home/sweedal/FoodSAM/results/segmentations/dish_1565118729/sam_mask/2 assign label: [ 0, background, 1.00, 0.1761 ]
[2025-07-23 22:10:40,040] [enhance_semantic_masks.py:28] [INFO] /home/sweedal/FoodSAM/results/segmentations/dish_1565118729/sam_mask/3 assign label: [ 0, background, 1.00, 0.4428 ]
[2025-07-23 22:10:40,040] [enhance_semantic_masks.py:28] [INFO] /home/sweedal/FoodSAM/results/segmentations/dish_1565118729/sam_mask/4 assign label: [ 0, background, 0.90, 0.0028 ]
[2025-07-23 22:10:40,041] [enhance_semantic_masks.py:28] [INFO] /home/sweedal/FoodSAM/results/segmentations/dish_1565118729/sam_mask/5 assign label: [ 0, background, 1.00, 0.0073 ]
[2025-07-23 22:10:40,041] [enhance_semantic_masks.py:28] [INFO] /home/sweedal/FoodSAM/results/segmentations/dish_1565118729/sam_mask/6 assign label: [ 0, background, 1.00, 0.0029 ]
[2025-07-23 22:10:40,041] [enhance_semantic_masks.py:28] [INFO] /home/sweedal/FoodSAM/results/segmentations/dish_1565118729/sam_mask/7 assign label: [ 0, background, 1.00, 0.0008 ]
[2025-07-23 22:10:40,042] [enhance_semantic_masks.py:28] [INFO] /home/sweedal/FoodSAM/results/segmentations/dish_1565118729/sam_mask/8 assign label: [ 47, pork, 1.00, 0.0102 ]
[2025-07-23 22:10:40,042] [enhance_semantic_masks.py:28] [INFO] /home/sweedal/FoodSAM/results/segmentations/dish_1565118729/sam_mask/9 assign label: [ 0, background, 1.00, 0.0042 ]
[2025-07-23 22:10:40,043] [enhance_semantic_masks.py:28] [INFO] /home/sweedal/FoodSAM/results/segmentations/dish_1565118729/sam_mask/10 assign label: [ 0, background, 0.74, 0.0017 ]
[2025-07-23 22:10:40,051] [enhance_semantic_masks.py:28] [INFO] /home/sweedal/FoodSAM/results/segmentations/dish_1565118729/sam_mask/11 assign label: [ 47, pork, 1.00, 0.1119 ]
[2025-07-23 22:10:40,051] [enhance_semantic_masks.py:28] [INFO] /home/sweedal/FoodSAM/results/segmentations/dish_1565118729/sam_mask/12 assign label: [ 89, cilantro mint, 0.97, 0.0010 ]
[2025-07-23 22:10:40,052] [enhance_semantic_masks.py:28] [INFO] /home/sweedal/FoodSAM/results/segmentations/dish_1565118729/sam_mask/13 assign label: [ 89, cilantro mint, 1.00, 0.0032 ]
[2025-07-23 22:10:40,052] [enhance_semantic_masks.py:28] [INFO] /home/sweedal/FoodSAM/results/segmentations/dish_1565118729/sam_mask/14 assign label: [ 89, cilantro mint, 0.51, 0.0014 ]
[2025-07-23 22:10:40,052] [enhance_semantic_masks.py:28] [INFO] /home/sweedal/FoodSAM/results/segmentations/dish_1565118729/sam_mask/15 assign label: [ 0, background, 1.00, 0.0022 ]
[2025-07-23 22:10:40,052] [enhance_semantic_masks.py:28] [INFO] /home/sweedal/FoodSAM/results/segmentations/dish_1565118729/sam_mask/16 assign label: [ 47, pork, 0.99, 0.0004 ]
[2025-07-23 22:10:40,053] [enhance_semantic_masks.py:28] [INFO] /home/sweedal/FoodSAM/results/segmentations/dish_1565118729/sam_mask/17 assign label: [ 0, background, 1.00, 0.0048 ]
[2025-07-23 22:10:40,053] [enhance_semantic_masks.py:28] [INFO] /home/sweedal/FoodSAM/results/segmentations/dish_1565118729/sam_mask/18 assign label: [ 0, background, 0.77, 0.0042 ]
[2025-07-23 22:10:40,053] [enhance_semantic_masks.py:28] [INFO] /home/sweedal/FoodSAM/results/segmentations/dish_1565118729/sam_mask/19 assign label: [ 89, cilantro mint, 0.92, 0.0020 ]
[2025-07-23 22:10:40,057] [enhance_semantic_masks.py:28] [INFO] /home/sweedal/FoodSAM/results/segmentations/dish_1565118729/sam_mask/20 assign label: [ 89, cilantro mint, 0.93, 0.0550 ]
[2025-07-23 22:10:40,058] [enhance_semantic_masks.py:28] [INFO] /home/sweedal/FoodSAM/results/segmentations/dish_1565118729/sam_mask/21 assign label: [ 0, background, 1.00, 0.0065 ]
[2025-07-23 22:10:40,058] [enhance_semantic_masks.py:28] [INFO] /home/sweedal/FoodSAM/results/segmentations/dish_1565118729/sam_mask/22 assign label: [ 0, background, 0.55, 0.0005 ]
[2025-07-23 22:10:40,059] [enhance_semantic_masks.py:28] [INFO] /home/sweedal/FoodSAM/results/segmentations/dish_1565118729/sam_mask/23 assign label: [ 89, cilantro mint, 0.97, 0.0045 ]
[2025-07-23 22:10:40,059] [enhance_semantic_masks.py:28] [INFO] /home/sweedal/FoodSAM/results/segmentations/dish_1565118729/sam_mask/24 assign label: [ 0, background, 1.00, 0.0012 ]
[2025-07-23 22:10:40,059] [enhance_semantic_masks.py:28] [INFO] /home/sweedal/FoodSAM/results/segmentations/dish_1565118729/sam_mask/25 assign label: [ 0, background, 1.00, 0.0027 ]
[2025-07-23 22:10:40,060] [enhance_semantic_masks.py:28] [INFO] /home/sweedal/FoodSAM/results/segmentations/dish_1565118729/sam_mask/26 assign label: [ 0, background, 1.00, 0.0069 ]
[2025-07-23 22:10:40,060] [enhance_semantic_masks.py:28] [INFO] /home/sweedal/FoodSAM/results/segmentations/dish_1565118729/sam_mask/27 assign label: [ 89, cilantro mint, 0.65, 0.0013 ]
[2025-07-23 22:10:40,060] [enhance_semantic_masks.py:28] [INFO] /home/sweedal/FoodSAM/results/segmentations/dish_1565118729/sam_mask/28 assign label: [ 0, background, 1.00, 0.0009 ]
[2025-07-23 22:10:40,060] [enhance_semantic_masks.py:28] [INFO] /home/sweedal/FoodSAM/results/segmentations/dish_1565118729/sam_mask/29 assign label: [ 89, cilantro mint, 0.94, 0.0012 ]
[2025-07-23 22:10:40,061] [enhance_semantic_masks.py:28] [INFO] /home/sweedal/FoodSAM/results/segmentations/dish_1565118729/sam_mask/30 assign label: [ 89, cilantro mint, 0.98, 0.0129 ]
[2025-07-23 22:10:40,062] [enhance_semantic_masks.py:28] [INFO] /home/sweedal/FoodSAM/results/segmentations/dish_1565118729/sam_mask/31 assign label: [ 47, pork, 1.00, 0.0134 ]
[2025-07-23 22:10:40,062] [enhance_semantic_masks.py:28] [INFO] /home/sweedal/FoodSAM/results/segmentations/dish_1565118729/sam_mask/32 assign label: [ 0, background, 1.00, 0.0010 ]
[2025-07-23 22:10:40,063] [enhance_semantic_masks.py:28] [INFO] /home/sweedal/FoodSAM/results/segmentations/dish_1565118729/sam_mask/33 assign label: [ 0, background, 1.00, 0.0004 ]
[2025-07-23 22:10:40,064] [enhance_semantic_masks.py:28] [INFO] /home/sweedal/FoodSAM/results/segmentations/dish_1565118729/sam_mask/34 assign label: [ 0, background, 1.00, 0.0114 ]
[2025-07-23 22:10:40,069] [enhance_semantic_masks.py:28] [INFO] /home/sweedal/FoodSAM/results/segmentations/dish_1572021506/sam_mask/0 assign label: [ 0, background, 1.00, 0.0021 ]
[2025-07-23 22:10:40,082] [enhance_semantic_masks.py:28] [INFO] /home/sweedal/FoodSAM/results/segmentations/dish_1572021506/sam_mask/1 assign label: [ 0, background, 1.00, 0.1621 ]
[2025-07-23 22:10:40,102] [enhance_semantic_masks.py:28] [INFO] /home/sweedal/FoodSAM/results/segmentations/dish_1572021506/sam_mask/2 assign label: [ 0, background, 1.00, 0.2383 ]
[2025-07-23 22:10:40,107] [enhance_semantic_masks.py:28] [INFO] /home/sweedal/FoodSAM/results/segmentations/dish_1572021506/sam_mask/3 assign label: [ 66, rice, 0.82, 0.0623 ]
[2025-07-23 22:10:40,108] [enhance_semantic_masks.py:28] [INFO] /home/sweedal/FoodSAM/results/segmentations/dish_1572021506/sam_mask/4 assign label: [ 0, background, 1.00, 0.0091 ]
[2025-07-23 22:10:40,113] [enhance_semantic_masks.py:28] [INFO] /home/sweedal/FoodSAM/results/segmentations/dish_1572021506/sam_mask/5 assign label: [ 67, pie, 0.89, 0.0686 ]
[2025-07-23 22:10:40,126] [enhance_semantic_masks.py:28] [INFO] /home/sweedal/FoodSAM/results/segmentations/dish_1572021506/sam_mask/6 assign label: [ 0, background, 1.00, 0.1641 ]
[2025-07-23 22:10:40,126] [enhance_semantic_masks.py:28] [INFO] /home/sweedal/FoodSAM/results/segmentations/dish_1572021506/sam_mask/7 assign label: [ 0, background, 1.00, 0.0025 ]
[2025-07-23 22:10:40,127] [enhance_semantic_masks.py:28] [INFO] /home/sweedal/FoodSAM/results/segmentations/dish_1572021506/sam_mask/8 assign label: [ 3, french fries, 0.46, 0.0152 ]
[2025-07-23 22:10:40,132] [enhance_semantic_masks.py:28] [INFO] /home/sweedal/FoodSAM/results/segmentations/dish_1572021506/sam_mask/9 assign label: [ 67, pie, 0.89, 0.0687 ]
[2025-07-23 22:10:40,133] [enhance_semantic_masks.py:28] [INFO] /home/sweedal/FoodSAM/results/segmentations/dish_1572021506/sam_mask/10 assign label: [ 84, carrot, 0.98, 0.0042 ]
[2025-07-23 22:10:40,146] [enhance_semantic_masks.py:28] [INFO] /home/sweedal/FoodSAM/results/segmentations/dish_1572021506/sam_mask/11 assign label: [ 0, background, 1.00, 0.1647 ]
[2025-07-23 22:10:40,147] [enhance_semantic_masks.py:28] [INFO] /home/sweedal/FoodSAM/results/segmentations/dish_1572021506/sam_mask/12 assign label: [ 0, background, 1.00, 0.0210 ]
[2025-07-23 22:10:40,148] [enhance_semantic_masks.py:28] [INFO] /home/sweedal/FoodSAM/results/segmentations/dish_1572021506/sam_mask/13 assign label: [ 67, pie, 0.72, 0.0115 ]
[2025-07-23 22:10:40,150] [enhance_semantic_masks.py:28] [INFO] /home/sweedal/FoodSAM/results/segmentations/dish_1572021506/sam_mask/14 assign label: [ 67, pie, 0.53, 0.0159 ]
[2025-07-23 22:10:40,150] [enhance_semantic_masks.py:28] [INFO] /home/sweedal/FoodSAM/results/segmentations/dish_1572021506/sam_mask/15 assign label: [ 0, background, 1.00, 0.0010 ]
[2025-07-23 22:10:40,150] [enhance_semantic_masks.py:28] [INFO] /home/sweedal/FoodSAM/results/segmentations/dish_1572021506/sam_mask/16 assign label: [ 0, background, 1.00, 0.0036 ]
[2025-07-23 22:10:40,150] [enhance_semantic_masks.py:28] [INFO] /home/sweedal/FoodSAM/results/segmentations/dish_1572021506/sam_mask/17 assign label: [ 0, background, 1.00, 0.0012 ]
[2025-07-23 22:10:40,153] [enhance_semantic_masks.py:28] [INFO] /home/sweedal/FoodSAM/results/segmentations/dish_1572021506/sam_mask/18 assign label: [ 0, background, 1.00, 0.0342 ]
[2025-07-23 22:10:40,155] [enhance_semantic_masks.py:28] [INFO] /home/sweedal/FoodSAM/results/segmentations/dish_1572021506/sam_mask/19 assign label: [ 0, background, 1.00, 0.0260 ]
[2025-07-23 22:10:40,155] [enhance_semantic_masks.py:28] [INFO] /home/sweedal/FoodSAM/results/segmentations/dish_1572021506/sam_mask/20 assign label: [ 66, rice, 1.00, 0.0008 ]
[2025-07-23 22:10:40,155] [enhance_semantic_masks.py:28] [INFO] /home/sweedal/FoodSAM/results/segmentations/dish_1572021506/sam_mask/21 assign label: [ 0, background, 1.00, 0.0012 ]
[2025-07-23 22:10:40,156] [enhance_semantic_masks.py:28] [INFO] /home/sweedal/FoodSAM/results/segmentations/dish_1572021506/sam_mask/22 assign label: [ 3, french fries, 0.51, 0.0083 ]
[2025-07-23 22:10:40,156] [enhance_semantic_masks.py:28] [INFO] /home/sweedal/FoodSAM/results/segmentations/dish_1572021506/sam_mask/23 assign label: [ 0, background, 1.00, 0.0020 ]
[2025-07-23 22:10:40,156] [enhance_semantic_masks.py:28] [INFO] /home/sweedal/FoodSAM/results/segmentations/dish_1572021506/sam_mask/24 assign label: [ 0, background, 1.00, 0.0003 ]
[2025-07-23 22:10:40,157] [enhance_semantic_masks.py:28] [INFO] /home/sweedal/FoodSAM/results/segmentations/dish_1572021506/sam_mask/25 assign label: [ 0, background, 1.00, 0.0008 ]
[2025-07-23 22:10:40,157] [enhance_semantic_masks.py:28] [INFO] /home/sweedal/FoodSAM/results/segmentations/dish_1572021506/sam_mask/26 assign label: [ 0, background, 0.90, 0.0012 ]
[2025-07-23 22:10:40,157] [enhance_semantic_masks.py:28] [INFO] /home/sweedal/FoodSAM/results/segmentations/dish_1572021506/sam_mask/27 assign label: [ 0, background, 1.00, 0.0040 ]
[2025-07-23 22:10:40,157] [enhance_semantic_masks.py:28] [INFO] /home/sweedal/FoodSAM/results/segmentations/dish_1572021506/sam_mask/28 assign label: [ 0, background, 1.00, 0.0019 ]
[2025-07-23 22:10:40,158] [enhance_semantic_masks.py:28] [INFO] /home/sweedal/FoodSAM/results/segmentations/dish_1572021506/sam_mask/29 assign label: [ 0, background, 1.00, 0.0016 ]
[2025-07-23 22:10:40,158] [enhance_semantic_masks.py:28] [INFO] /home/sweedal/FoodSAM/results/segmentations/dish_1572021506/sam_mask/30 assign label: [ 66, rice, 1.00, 0.0008 ]
[2025-07-23 22:10:40,159] [enhance_semantic_masks.py:28] [INFO] /home/sweedal/FoodSAM/results/segmentations/dish_1572021506/sam_mask/31 assign label: [ 0, background, 1.00, 0.0074 ]
[2025-07-23 22:10:40,159] [enhance_semantic_masks.py:28] [INFO] /home/sweedal/FoodSAM/results/segmentations/dish_1572021506/sam_mask/32 assign label: [ 67, pie, 0.88, 0.0028 ]
[2025-07-23 22:10:40,160] [enhance_semantic_masks.py:28] [INFO] /home/sweedal/FoodSAM/results/segmentations/dish_1572021506/sam_mask/33 assign label: [ 67, pie, 0.67, 0.0116 ]
[2025-07-23 22:10:40,160] [enhance_semantic_masks.py:28] [INFO] /home/sweedal/FoodSAM/results/segmentations/dish_1572021506/sam_mask/34 assign label: [ 66, rice, 0.47, 0.0013 ]
[2025-07-23 22:10:40,161] [enhance_semantic_masks.py:28] [INFO] /home/sweedal/FoodSAM/results/segmentations/dish_1572021506/sam_mask/35 assign label: [ 67, pie, 1.00, 0.0113 ]
[2025-07-23 22:10:40,161] [enhance_semantic_masks.py:28] [INFO] /home/sweedal/FoodSAM/results/segmentations/dish_1572021506/sam_mask/36 assign label: [ 3, french fries, 0.39, 0.0065 ]
[2025-07-23 22:10:40,162] [enhance_semantic_masks.py:28] [INFO] /home/sweedal/FoodSAM/results/segmentations/dish_1572021506/sam_mask/37 assign label: [ 0, background, 1.00, 0.0098 ]
[2025-07-23 22:10:40,163] [enhance_semantic_masks.py:28] [INFO] /home/sweedal/FoodSAM/results/segmentations/dish_1572021506/sam_mask/38 assign label: [ 0, background, 1.00, 0.0101 ]
[2025-07-23 22:10:40,164] [enhance_semantic_masks.py:28] [INFO] /home/sweedal/FoodSAM/results/segmentations/dish_1572021506/sam_mask/39 assign label: [ 0, background, 1.00, 0.0103 ]
[2025-07-23 22:10:40,164] [enhance_semantic_masks.py:28] [INFO] /home/sweedal/FoodSAM/results/segmentations/dish_1572021506/sam_mask/40 assign label: [ 0, background, 1.00, 0.0038 ]
[2025-07-23 22:10:40,164] [enhance_semantic_masks.py:28] [INFO] /home/sweedal/FoodSAM/results/segmentations/dish_1572021506/sam_mask/41 assign label: [ 67, pie, 0.77, 0.0041 ]
[2025-07-23 22:10:40,165] [enhance_semantic_masks.py:28] [INFO] /home/sweedal/FoodSAM/results/segmentations/dish_1572021506/sam_mask/42 assign label: [ 0, background, 1.00, 0.0013 ]
[2025-07-23 22:10:40,165] [enhance_semantic_masks.py:28] [INFO] /home/sweedal/FoodSAM/results/segmentations/dish_1572021506/sam_mask/43 assign label: [ 0, background, 1.00, 0.0002 ]
[2025-07-23 22:10:40,165] [enhance_semantic_masks.py:28] [INFO] /home/sweedal/FoodSAM/results/segmentations/dish_1572021506/sam_mask/44 assign label: [ 66, rice, 1.00, 0.0002 ]
[2025-07-23 22:10:40,165] [enhance_semantic_masks.py:28] [INFO] /home/sweedal/FoodSAM/results/segmentations/dish_1572021506/sam_mask/45 assign label: [ 0, background, 1.00, 0.0016 ]
[2025-07-23 22:10:40,166] [enhance_semantic_masks.py:28] [INFO] /home/sweedal/FoodSAM/results/segmentations/dish_1572021506/sam_mask/46 assign label: [ 0, background, 1.00, 0.0036 ]
[2025-07-23 22:10:40,169] [enhance_semantic_masks.py:28] [INFO] /home/sweedal/FoodSAM/results/segmentations/dish_1558549150/sam_mask/0 assign label: [ 41, grape, 1.00, 0.0047 ]
[2025-07-23 22:10:40,196] [enhance_semantic_masks.py:28] [INFO] /home/sweedal/FoodSAM/results/segmentations/dish_1558549150/sam_mask/1 assign label: [ 0, background, 0.99, 0.3126 ]
[2025-07-23 22:10:40,200] [enhance_semantic_masks.py:28] [INFO] /home/sweedal/FoodSAM/results/segmentations/dish_1558549150/sam_mask/2 assign label: [ 0, background, 1.00, 0.0455 ]
[2025-07-23 22:10:40,201] [enhance_semantic_masks.py:28] [INFO] /home/sweedal/FoodSAM/results/segmentations/dish_1558549150/sam_mask/3 assign label: [ 0, background, 1.00, 0.0256 ]
[2025-07-23 22:10:40,210] [enhance_semantic_masks.py:28] [INFO] /home/sweedal/FoodSAM/results/segmentations/dish_1558549150/sam_mask/4 assign label: [ 0, background, 1.00, 0.1160 ]
[2025-07-23 22:10:40,211] [enhance_semantic_masks.py:28] [INFO] /home/sweedal/FoodSAM/results/segmentations/dish_1558549150/sam_mask/5 assign label: [ 41, grape, 1.00, 0.0034 ]
[2025-07-23 22:10:40,211] [enhance_semantic_masks.py:28] [INFO] /home/sweedal/FoodSAM/results/segmentations/dish_1558549150/sam_mask/6 assign label: [ 41, grape, 1.00, 0.0039 ]
[2025-07-23 22:10:40,211] [enhance_semantic_masks.py:28] [INFO] /home/sweedal/FoodSAM/results/segmentations/dish_1558549150/sam_mask/7 assign label: [ 41, grape, 1.00, 0.0040 ]
[2025-07-23 22:10:40,212] [enhance_semantic_masks.py:28] [INFO] /home/sweedal/FoodSAM/results/segmentations/dish_1558549150/sam_mask/8 assign label: [ 41, grape, 1.00, 0.0029 ]
[2025-07-23 22:10:40,212] [enhance_semantic_masks.py:28] [INFO] /home/sweedal/FoodSAM/results/segmentations/dish_1558549150/sam_mask/9 assign label: [ 41, grape, 1.00, 0.0042 ]
[2025-07-23 22:10:40,224] [enhance_semantic_masks.py:28] [INFO] /home/sweedal/FoodSAM/results/segmentations/dish_1558549150/sam_mask/10 assign label: [ 0, background, 1.00, 0.1498 ]
[2025-07-23 22:10:40,227] [enhance_semantic_masks.py:28] [INFO] /home/sweedal/FoodSAM/results/segmentations/dish_1558549150/sam_mask/11 assign label: [ 0, background, 1.00, 0.0344 ]
[2025-07-23 22:10:40,227] [enhance_semantic_masks.py:28] [INFO] /home/sweedal/FoodSAM/results/segmentations/dish_1558549150/sam_mask/12 assign label: [ 41, grape, 1.00, 0.0048 ]
[2025-07-23 22:10:40,227] [enhance_semantic_masks.py:28] [INFO] /home/sweedal/FoodSAM/results/segmentations/dish_1558549150/sam_mask/13 assign label: [ 41, grape, 1.00, 0.0025 ]
[2025-07-23 22:10:40,228] [enhance_semantic_masks.py:28] [INFO] /home/sweedal/FoodSAM/results/segmentations/dish_1558549150/sam_mask/14 assign label: [ 41, grape, 1.00, 0.0039 ]
[2025-07-23 22:10:40,239] [enhance_semantic_masks.py:28] [INFO] /home/sweedal/FoodSAM/results/segmentations/dish_1558549150/sam_mask/15 assign label: [ 0, background, 1.00, 0.1403 ]
[2025-07-23 22:10:40,239] [enhance_semantic_masks.py:28] [INFO] /home/sweedal/FoodSAM/results/segmentations/dish_1558549150/sam_mask/16 assign label: [ 41, grape, 1.00, 0.0027 ]
[2025-07-23 22:10:40,247] [enhance_semantic_masks.py:28] [INFO] /home/sweedal/FoodSAM/results/segmentations/dish_1558549150/sam_mask/17 assign label: [ 0, background, 1.00, 0.0974 ]
[2025-07-23 22:10:40,248] [enhance_semantic_masks.py:28] [INFO] /home/sweedal/FoodSAM/results/segmentations/dish_1558549150/sam_mask/18 assign label: [ 0, background, 1.00, 0.0210 ]
[2025-07-23 22:10:40,249] [enhance_semantic_masks.py:28] [INFO] /home/sweedal/FoodSAM/results/segmentations/dish_1558549150/sam_mask/19 assign label: [ 41, grape, 1.00, 0.0034 ]
[2025-07-23 22:10:40,252] [enhance_semantic_masks.py:28] [INFO] /home/sweedal/FoodSAM/results/segmentations/dish_1558549150/sam_mask/20 assign label: [ 0, background, 1.00, 0.0543 ]
[2025-07-23 22:10:40,253] [enhance_semantic_masks.py:28] [INFO] /home/sweedal/FoodSAM/results/segmentations/dish_1558549150/sam_mask/21 assign label: [ 41, grape, 1.00, 0.0036 ]
[2025-07-23 22:10:40,260] [enhance_semantic_masks.py:28] [INFO] /home/sweedal/FoodSAM/results/segmentations/dish_1558549150/sam_mask/22 assign label: [ 0, background, 1.00, 0.0982 ]
[2025-07-23 22:10:40,260] [enhance_semantic_masks.py:28] [INFO] /home/sweedal/FoodSAM/results/segmentations/dish_1558549150/sam_mask/23 assign label: [ 0, background, 1.00, 0.0006 ]
[2025-07-23 22:10:40,261] [enhance_semantic_masks.py:28] [INFO] /home/sweedal/FoodSAM/results/segmentations/dish_1558549150/sam_mask/24 assign label: [ 41, grape, 1.00, 0.0029 ]
[2025-07-23 22:10:40,261] [enhance_semantic_masks.py:28] [INFO] /home/sweedal/FoodSAM/results/segmentations/dish_1558549150/sam_mask/25 assign label: [ 41, grape, 1.00, 0.0087 ]
[2025-07-23 22:10:40,282] [enhance_semantic_masks.py:28] [INFO] /home/sweedal/FoodSAM/results/segmentations/dish_1558549150/sam_mask/26 assign label: [ 0, background, 1.00, 0.2481 ]
[2025-07-23 22:10:40,283] [enhance_semantic_masks.py:28] [INFO] /home/sweedal/FoodSAM/results/segmentations/dish_1558549150/sam_mask/27 assign label: [ 41, grape, 1.00, 0.0085 ]
[2025-07-23 22:10:40,285] [enhance_semantic_masks.py:28] [INFO] /home/sweedal/FoodSAM/results/segmentations/dish_1558549150/sam_mask/28 assign label: [ 0, background, 1.00, 0.0296 ]
[2025-07-23 22:10:40,285] [enhance_semantic_masks.py:28] [INFO] /home/sweedal/FoodSAM/results/segmentations/dish_1558549150/sam_mask/29 assign label: [ 0, background, 1.00, 0.0008 ]
[2025-07-23 22:10:40,286] [enhance_semantic_masks.py:28] [INFO] /home/sweedal/FoodSAM/results/segmentations/dish_1558549150/sam_mask/30 assign label: [ 0, background, 1.00, 0.0131 ]
[2025-07-23 22:10:40,287] [enhance_semantic_masks.py:28] [INFO] /home/sweedal/FoodSAM/results/segmentations/dish_1558549150/sam_mask/31 assign label: [ 0, background, 1.00, 0.0038 ]
[2025-07-23 22:10:40,287] [enhance_semantic_masks.py:28] [INFO] /home/sweedal/FoodSAM/results/segmentations/dish_1558549150/sam_mask/32 assign label: [ 0, background, 1.00, 0.0021 ]
[2025-07-23 22:10:40,287] [enhance_semantic_masks.py:28] [INFO] /home/sweedal/FoodSAM/results/segmentations/dish_1558549150/sam_mask/33 assign label: [ 0, background, 1.00, 0.0010 ]
[2025-07-23 22:10:40,289] [enhance_semantic_masks.py:28] [INFO] /home/sweedal/FoodSAM/results/segmentations/dish_1558549150/sam_mask/34 assign label: [ 0, background, 1.00, 0.0202 ]
[2025-07-23 22:10:40,292] [enhance_semantic_masks.py:28] [INFO] /home/sweedal/FoodSAM/results/segmentations/dish_1558549150/sam_mask/35 assign label: [ 0, background, 1.00, 0.0461 ]
[2025-07-23 22:10:40,292] [enhance_semantic_masks.py:28] [INFO] /home/sweedal/FoodSAM/results/segmentations/dish_1558549150/sam_mask/36 assign label: [ 0, background, 1.00, 0.0050 ]
[2025-07-23 22:10:40,293] [enhance_semantic_masks.py:28] [INFO] /home/sweedal/FoodSAM/results/segmentations/dish_1558549150/sam_mask/37 assign label: [ 41, grape, 1.00, 0.0060 ]
[2025-07-23 22:10:40,293] [enhance_semantic_masks.py:28] [INFO] /home/sweedal/FoodSAM/results/segmentations/dish_1558549150/sam_mask/38 assign label: [ 0, background, 1.00, 0.0009 ]
[2025-07-23 22:10:40,310] [enhance_semantic_masks.py:28] [INFO] /home/sweedal/FoodSAM/results/segmentations/dish_1567110783/sam_mask/0 assign label: [ 0, background, 1.00, 0.1761 ]
[2025-07-23 22:10:40,353] [enhance_semantic_masks.py:28] [INFO] /home/sweedal/FoodSAM/results/segmentations/dish_1567110783/sam_mask/1 assign label: [ 0, background, 1.00, 0.4800 ]
[2025-07-23 22:10:40,368] [enhance_semantic_masks.py:28] [INFO] /home/sweedal/FoodSAM/results/segmentations/dish_1567110783/sam_mask/2 assign label: [ 0, background, 1.00, 0.1774 ]
[2025-07-23 22:10:40,374] [enhance_semantic_masks.py:28] [INFO] /home/sweedal/FoodSAM/results/segmentations/dish_1567110783/sam_mask/3 assign label: [ 47, pork, 0.60, 0.0832 ]
[2025-07-23 22:10:40,379] [enhance_semantic_masks.py:28] [INFO] /home/sweedal/FoodSAM/results/segmentations/dish_1567110783/sam_mask/4 assign label: [ 82, cucumber, 0.61, 0.0585 ]
[2025-07-23 22:10:40,379] [enhance_semantic_masks.py:28] [INFO] /home/sweedal/FoodSAM/results/segmentations/dish_1567110783/sam_mask/5 assign label: [ 0, background, 1.00, 0.0009 ]
[2025-07-23 22:10:40,380] [enhance_semantic_masks.py:28] [INFO] /home/sweedal/FoodSAM/results/segmentations/dish_1567110783/sam_mask/6 assign label: [ 58, bread, 0.81, 0.0201 ]
[2025-07-23 22:10:40,381] [enhance_semantic_masks.py:28] [INFO] /home/sweedal/FoodSAM/results/segmentations/dish_1567110783/sam_mask/7 assign label: [ 0, background, 1.00, 0.0061 ]
[2025-07-23 22:10:40,381] [enhance_semantic_masks.py:28] [INFO] /home/sweedal/FoodSAM/results/segmentations/dish_1567110783/sam_mask/8 assign label: [ 0, background, 1.00, 0.0016 ]
[2025-07-23 22:10:40,382] [enhance_semantic_masks.py:28] [INFO] /home/sweedal/FoodSAM/results/segmentations/dish_1567110783/sam_mask/9 assign label: [ 0, background, 1.00, 0.0052 ]
[2025-07-23 22:10:40,382] [enhance_semantic_masks.py:28] [INFO] /home/sweedal/FoodSAM/results/segmentations/dish_1567110783/sam_mask/10 assign label: [ 82, cucumber, 1.00, 0.0006 ]
[2025-07-23 22:10:40,382] [enhance_semantic_masks.py:28] [INFO] /home/sweedal/FoodSAM/results/segmentations/dish_1567110783/sam_mask/11 assign label: [ 47, pork, 0.40, 0.0008 ]
[2025-07-23 22:10:40,383] [enhance_semantic_masks.py:28] [INFO] /home/sweedal/FoodSAM/results/segmentations/dish_1567110783/sam_mask/12 assign label: [ 47, pork, 0.96, 0.0039 ]
[2025-07-23 22:10:40,385] [enhance_semantic_masks.py:28] [INFO] /home/sweedal/FoodSAM/results/segmentations/dish_1567110783/sam_mask/13 assign label: [ 47, pork, 0.75, 0.0374 ]
[2025-07-23 22:10:40,386] [enhance_semantic_masks.py:28] [INFO] /home/sweedal/FoodSAM/results/segmentations/dish_1567110783/sam_mask/14 assign label: [ 47, pork, 0.50, 0.0051 ]
[2025-07-23 22:10:40,387] [enhance_semantic_masks.py:28] [INFO] /home/sweedal/FoodSAM/results/segmentations/dish_1567110783/sam_mask/15 assign label: [ 0, background, 1.00, 0.0063 ]
[2025-07-23 22:10:40,387] [enhance_semantic_masks.py:28] [INFO] /home/sweedal/FoodSAM/results/segmentations/dish_1567110783/sam_mask/16 assign label: [ 47, pork, 1.00, 0.0011 ]
[2025-07-23 22:10:40,388] [enhance_semantic_masks.py:28] [INFO] /home/sweedal/FoodSAM/results/segmentations/dish_1567110783/sam_mask/17 assign label: [ 47, pork, 0.76, 0.0164 ]
[2025-07-23 22:10:40,390] [enhance_semantic_masks.py:28] [INFO] /home/sweedal/FoodSAM/results/segmentations/dish_1567110783/sam_mask/18 assign label: [ 47, pork, 0.84, 0.0246 ]
[2025-07-23 22:10:40,390] [enhance_semantic_masks.py:28] [INFO] /home/sweedal/FoodSAM/results/segmentations/dish_1567110783/sam_mask/19 assign label: [ 0, background, 1.00, 0.0022 ]
[2025-07-23 22:10:40,391] [enhance_semantic_masks.py:28] [INFO] /home/sweedal/FoodSAM/results/segmentations/dish_1567110783/sam_mask/20 assign label: [ 0, background, 1.00, 0.0039 ]
[2025-07-23 22:10:40,392] [enhance_semantic_masks.py:28] [INFO] /home/sweedal/FoodSAM/results/segmentations/dish_1567110783/sam_mask/21 assign label: [ 82, cucumber, 0.85, 0.0137 ]
[2025-07-23 22:10:40,392] [enhance_semantic_masks.py:28] [INFO] /home/sweedal/FoodSAM/results/segmentations/dish_1567110783/sam_mask/22 assign label: [ 0, background, 1.00, 0.0039 ]
[2025-07-23 22:10:40,393] [enhance_semantic_masks.py:28] [INFO] /home/sweedal/FoodSAM/results/segmentations/dish_1567110783/sam_mask/23 assign label: [ 82, cucumber, 1.00, 0.0111 ]
[2025-07-23 22:10:40,394] [enhance_semantic_masks.py:28] [INFO] /home/sweedal/FoodSAM/results/segmentations/dish_1567110783/sam_mask/24 assign label: [ 47, pork, 1.00, 0.0035 ]
[2025-07-23 22:10:40,394] [enhance_semantic_masks.py:28] [INFO] /home/sweedal/FoodSAM/results/segmentations/dish_1567110783/sam_mask/25 assign label: [ 0, background, 1.00, 0.0015 ]
[2025-07-23 22:10:40,394] [enhance_semantic_masks.py:28] [INFO] /home/sweedal/FoodSAM/results/segmentations/dish_1567110783/sam_mask/26 assign label: [ 0, background, 1.00, 0.0008 ]
[2025-07-23 22:10:40,395] [enhance_semantic_masks.py:28] [INFO] /home/sweedal/FoodSAM/results/segmentations/dish_1567110783/sam_mask/27 assign label: [ 47, pork, 1.00, 0.0076 ]
[2025-07-23 22:10:40,396] [enhance_semantic_masks.py:28] [INFO] /home/sweedal/FoodSAM/results/segmentations/dish_1567110783/sam_mask/28 assign label: [ 58, bread, 0.80, 0.0228 ]
[2025-07-23 22:10:40,397] [enhance_semantic_masks.py:28] [INFO] /home/sweedal/FoodSAM/results/segmentations/dish_1567110783/sam_mask/29 assign label: [ 0, background, 1.00, 0.0012 ]
[2025-07-23 22:10:40,397] [enhance_semantic_masks.py:28] [INFO] /home/sweedal/FoodSAM/results/segmentations/dish_1567110783/sam_mask/30 assign label: [ 0, background, 1.00, 0.0031 ]
[2025-07-23 22:10:40,399] [enhance_semantic_masks.py:28] [INFO] /home/sweedal/FoodSAM/results/segmentations/dish_1567110783/sam_mask/31 assign label: [ 46, steak, 0.94, 0.0192 ]
[2025-07-23 22:10:40,400] [enhance_semantic_masks.py:28] [INFO] /home/sweedal/FoodSAM/results/segmentations/dish_1567110783/sam_mask/32 assign label: [ 46, steak, 0.94, 0.0193 ]
[2025-07-23 22:10:40,401] [enhance_semantic_masks.py:28] [INFO] /home/sweedal/FoodSAM/results/segmentations/dish_1567110783/sam_mask/33 assign label: [ 82, cucumber, 0.97, 0.0056 ]
[2025-07-23 22:10:40,407] [enhance_semantic_masks.py:28] [INFO] /home/sweedal/FoodSAM/results/segmentations/dish_1567110783/sam_mask/34 assign label: [ 47, pork, 0.60, 0.0832 ]
[2025-07-23 22:10:40,407] [enhance_semantic_masks.py:28] [INFO] /home/sweedal/FoodSAM/results/segmentations/dish_1567110783/sam_mask/35 assign label: [ 0, background, 1.00, 0.0014 ]
[2025-07-23 22:10:40,442] [enhance_semantic_masks.py:28] [INFO] /home/sweedal/FoodSAM/results/segmentations/dish_1565987015/sam_mask/0 assign label: [ 89, cilantro mint, 1.00, 0.3498 ]
[2025-07-23 22:10:40,456] [enhance_semantic_masks.py:28] [INFO] /home/sweedal/FoodSAM/results/segmentations/dish_1565987015/sam_mask/1 assign label: [ 0, background, 1.00, 0.1783 ]
[2025-07-23 22:10:40,459] [enhance_semantic_masks.py:28] [INFO] /home/sweedal/FoodSAM/results/segmentations/dish_1565987015/sam_mask/2 assign label: [ 0, background, 1.00, 0.0305 ]
[2025-07-23 22:10:40,459] [enhance_semantic_masks.py:28] [INFO] /home/sweedal/FoodSAM/results/segmentations/dish_1565987015/sam_mask/3 assign label: [ 89, cilantro mint, 1.00, 0.0064 ]
[2025-07-23 22:10:40,461] [enhance_semantic_masks.py:28] [INFO] /home/sweedal/FoodSAM/results/segmentations/dish_1565987015/sam_mask/4 assign label: [ 89, cilantro mint, 1.00, 0.0176 ]
[2025-07-23 22:10:40,461] [enhance_semantic_masks.py:28] [INFO] /home/sweedal/FoodSAM/results/segmentations/dish_1565987015/sam_mask/5 assign label: [ 89, cilantro mint, 1.00, 0.0042 ]
[2025-07-23 22:10:40,462] [enhance_semantic_masks.py:28] [INFO] /home/sweedal/FoodSAM/results/segmentations/dish_1565987015/sam_mask/6 assign label: [ 89, cilantro mint, 1.00, 0.0102 ]
[2025-07-23 22:10:40,476] [enhance_semantic_masks.py:28] [INFO] /home/sweedal/FoodSAM/results/segmentations/dish_1565987015/sam_mask/7 assign label: [ 0, background, 1.00, 0.1793 ]
[2025-07-23 22:10:40,477] [enhance_semantic_masks.py:28] [INFO] /home/sweedal/FoodSAM/results/segmentations/dish_1565987015/sam_mask/8 assign label: [ 0, background, 1.00, 0.0142 ]
[2025-07-23 22:10:40,478] [enhance_semantic_masks.py:28] [INFO] /home/sweedal/FoodSAM/results/segmentations/dish_1565987015/sam_mask/9 assign label: [ 89, cilantro mint, 1.00, 0.0180 ]
[2025-07-23 22:10:40,493] [enhance_semantic_masks.py:28] [INFO] /home/sweedal/FoodSAM/results/segmentations/dish_1565987015/sam_mask/10 assign label: [ 0, background, 1.00, 0.1801 ]
[2025-07-23 22:10:40,494] [enhance_semantic_masks.py:28] [INFO] /home/sweedal/FoodSAM/results/segmentations/dish_1565987015/sam_mask/11 assign label: [ 89, cilantro mint, 1.00, 0.0169 ]
[2025-07-23 22:10:40,496] [enhance_semantic_masks.py:28] [INFO] /home/sweedal/FoodSAM/results/segmentations/dish_1565987015/sam_mask/12 assign label: [ 0, background, 1.00, 0.0339 ]
[2025-07-23 22:10:40,497] [enhance_semantic_masks.py:28] [INFO] /home/sweedal/FoodSAM/results/segmentations/dish_1565987015/sam_mask/13 assign label: [ 89, cilantro mint, 1.00, 0.0103 ]
[2025-07-23 22:10:40,498] [enhance_semantic_masks.py:28] [INFO] /home/sweedal/FoodSAM/results/segmentations/dish_1565987015/sam_mask/14 assign label: [ 89, cilantro mint, 1.00, 0.0089 ]
[2025-07-23 22:10:40,498] [enhance_semantic_masks.py:28] [INFO] /home/sweedal/FoodSAM/results/segmentations/dish_1565987015/sam_mask/15 assign label: [ 89, cilantro mint, 1.00, 0.0027 ]
[2025-07-23 22:10:40,498] [enhance_semantic_masks.py:28] [INFO] /home/sweedal/FoodSAM/results/segmentations/dish_1565987015/sam_mask/16 assign label: [ 89, cilantro mint, 1.00, 0.0031 ]
[2025-07-23 22:10:40,499] [enhance_semantic_masks.py:28] [INFO] /home/sweedal/FoodSAM/results/segmentations/dish_1565987015/sam_mask/17 assign label: [ 89, cilantro mint, 1.00, 0.0088 ]
[2025-07-23 22:10:40,504] [enhance_semantic_masks.py:28] [INFO] /home/sweedal/FoodSAM/results/segmentations/dish_1565987015/sam_mask/18 assign label: [ 0, background, 1.00, 0.0628 ]
[2025-07-23 22:10:40,505] [enhance_semantic_masks.py:28] [INFO] /home/sweedal/FoodSAM/results/segmentations/dish_1565987015/sam_mask/19 assign label: [ 89, cilantro mint, 1.00, 0.0080 ]
[2025-07-23 22:10:40,505] [enhance_semantic_masks.py:28] [INFO] /home/sweedal/FoodSAM/results/segmentations/dish_1565987015/sam_mask/20 assign label: [ 0, background, 1.00, 0.0007 ]
[2025-07-23 22:10:40,505] [enhance_semantic_masks.py:28] [INFO] /home/sweedal/FoodSAM/results/segmentations/dish_1565987015/sam_mask/21 assign label: [ 89, cilantro mint, 1.00, 0.0018 ]
[2025-07-23 22:10:40,506] [enhance_semantic_masks.py:28] [INFO] /home/sweedal/FoodSAM/results/segmentations/dish_1565987015/sam_mask/22 assign label: [ 89, cilantro mint, 1.00, 0.0137 ]
[2025-07-23 22:10:40,506] [enhance_semantic_masks.py:28] [INFO] /home/sweedal/FoodSAM/results/segmentations/dish_1565987015/sam_mask/23 assign label: [ 89, cilantro mint, 1.00, 0.0043 ]
[2025-07-23 22:10:40,507] [enhance_semantic_masks.py:28] [INFO] /home/sweedal/FoodSAM/results/segmentations/dish_1565987015/sam_mask/24 assign label: [ 0, background, 1.00, 0.0014 ]
[2025-07-23 22:10:40,507] [enhance_semantic_masks.py:28] [INFO] /home/sweedal/FoodSAM/results/segmentations/dish_1565987015/sam_mask/25 assign label: [ 89, cilantro mint, 1.00, 0.0026 ]
[2025-07-23 22:10:40,507] [enhance_semantic_masks.py:28] [INFO] /home/sweedal/FoodSAM/results/segmentations/dish_1565987015/sam_mask/26 assign label: [ 89, cilantro mint, 1.00, 0.0064 ]
[2025-07-23 22:10:40,508] [enhance_semantic_masks.py:28] [INFO] /home/sweedal/FoodSAM/results/segmentations/dish_1565987015/sam_mask/27 assign label: [ 0, background, 1.00, 0.0036 ]
[2025-07-23 22:10:40,508] [enhance_semantic_masks.py:28] [INFO] /home/sweedal/FoodSAM/results/segmentations/dish_1565987015/sam_mask/28 assign label: [ 0, background, 1.00, 0.0065 ]
[2025-07-23 22:10:40,509] [enhance_semantic_masks.py:28] [INFO] /home/sweedal/FoodSAM/results/segmentations/dish_1565987015/sam_mask/29 assign label: [ 89, cilantro mint, 1.00, 0.0038 ]
[2025-07-23 22:10:40,509] [enhance_semantic_masks.py:28] [INFO] /home/sweedal/FoodSAM/results/segmentations/dish_1565987015/sam_mask/30 assign label: [ 89, cilantro mint, 1.00, 0.0011 ]
[2025-07-23 22:10:40,509] [enhance_semantic_masks.py:28] [INFO] /home/sweedal/FoodSAM/results/segmentations/dish_1565987015/sam_mask/31 assign label: [ 89, cilantro mint, 1.00, 0.0059 ]
[2025-07-23 22:10:40,510] [enhance_semantic_masks.py:28] [INFO] /home/sweedal/FoodSAM/results/segmentations/dish_1565987015/sam_mask/32 assign label: [ 89, cilantro mint, 1.00, 0.0074 ]
[2025-07-23 22:10:40,511] [enhance_semantic_masks.py:28] [INFO] /home/sweedal/FoodSAM/results/segmentations/dish_1565987015/sam_mask/33 assign label: [ 0, background, 1.00, 0.0063 ]
[2025-07-23 22:10:40,511] [enhance_semantic_masks.py:28] [INFO] /home/sweedal/FoodSAM/results/segmentations/dish_1565987015/sam_mask/34 assign label: [ 89, cilantro mint, 1.00, 0.0068 ]
[2025-07-23 22:10:40,512] [enhance_semantic_masks.py:28] [INFO] /home/sweedal/FoodSAM/results/segmentations/dish_1565987015/sam_mask/35 assign label: [ 89, cilantro mint, 1.00, 0.0173 ]
[2025-07-23 22:10:40,513] [enhance_semantic_masks.py:28] [INFO] /home/sweedal/FoodSAM/results/segmentations/dish_1565987015/sam_mask/36 assign label: [ 89, cilantro mint, 1.00, 0.0011 ]
[2025-07-23 22:10:40,513] [enhance_semantic_masks.py:28] [INFO] /home/sweedal/FoodSAM/results/segmentations/dish_1565987015/sam_mask/37 assign label: [ 89, cilantro mint, 1.00, 0.0118 ]
[2025-07-23 22:10:40,514] [enhance_semantic_masks.py:28] [INFO] /home/sweedal/FoodSAM/results/segmentations/dish_1565987015/sam_mask/38 assign label: [ 89, cilantro mint, 1.00, 0.0005 ]
[2025-07-23 22:10:40,515] [enhance_semantic_masks.py:28] [INFO] /home/sweedal/FoodSAM/results/segmentations/dish_1565987015/sam_mask/39 assign label: [ 89, cilantro mint, 1.00, 0.0182 ]
[2025-07-23 22:10:40,515] [enhance_semantic_masks.py:28] [INFO] /home/sweedal/FoodSAM/results/segmentations/dish_1565987015/sam_mask/40 assign label: [ 89, cilantro mint, 1.00, 0.0063 ]
[2025-07-23 22:10:40,516] [enhance_semantic_masks.py:28] [INFO] /home/sweedal/FoodSAM/results/segmentations/dish_1565987015/sam_mask/41 assign label: [ 0, background, 1.00, 0.0022 ]
[2025-07-23 22:10:40,516] [enhance_semantic_masks.py:28] [INFO] /home/sweedal/FoodSAM/results/segmentations/dish_1565987015/sam_mask/42 assign label: [ 0, background, 1.00, 0.0018 ]
[2025-07-23 22:10:40,518] [enhance_semantic_masks.py:28] [INFO] /home/sweedal/FoodSAM/results/segmentations/dish_1565987015/sam_mask/43 assign label: [ 89, cilantro mint, 1.00, 0.0280 ]
[2025-07-23 22:10:40,518] [enhance_semantic_masks.py:28] [INFO] /home/sweedal/FoodSAM/results/segmentations/dish_1565987015/sam_mask/44 assign label: [ 89, cilantro mint, 1.00, 0.0026 ]
[2025-07-23 22:10:40,519] [enhance_semantic_masks.py:28] [INFO] /home/sweedal/FoodSAM/results/segmentations/dish_1565987015/sam_mask/45 assign label: [ 0, background, 1.00, 0.0117 ]
[2025-07-23 22:10:40,519] [enhance_semantic_masks.py:28] [INFO] /home/sweedal/FoodSAM/results/segmentations/dish_1565987015/sam_mask/46 assign label: [ 89, cilantro mint, 1.00, 0.0010 ]
[2025-07-23 22:10:40,520] [enhance_semantic_masks.py:28] [INFO] /home/sweedal/FoodSAM/results/segmentations/dish_1565987015/sam_mask/47 assign label: [ 89, cilantro mint, 1.00, 0.0011 ]
[2025-07-23 22:10:40,520] [enhance_semantic_masks.py:28] [INFO] /home/sweedal/FoodSAM/results/segmentations/dish_1565987015/sam_mask/48 assign label: [ 89, cilantro mint, 1.00, 0.0086 ]
[2025-07-23 22:10:40,520] [enhance_semantic_masks.py:28] [INFO] /home/sweedal/FoodSAM/results/segmentations/dish_1565987015/sam_mask/49 assign label: [ 89, cilantro mint, 1.00, 0.0010 ]
[2025-07-23 22:10:40,521] [enhance_semantic_masks.py:28] [INFO] /home/sweedal/FoodSAM/results/segmentations/dish_1565987015/sam_mask/50 assign label: [ 89, cilantro mint, 1.00, 0.0020 ]
[2025-07-23 22:10:40,521] [enhance_semantic_masks.py:28] [INFO] /home/sweedal/FoodSAM/results/segmentations/dish_1565987015/sam_mask/51 assign label: [ 89, cilantro mint, 1.00, 0.0027 ]
[2025-07-23 22:10:40,521] [enhance_semantic_masks.py:28] [INFO] /home/sweedal/FoodSAM/results/segmentations/dish_1565987015/sam_mask/52 assign label: [ 89, cilantro mint, 1.00, 0.0031 ]
[2025-07-23 22:10:40,522] [enhance_semantic_masks.py:28] [INFO] /home/sweedal/FoodSAM/results/segmentations/dish_1565987015/sam_mask/53 assign label: [ 89, cilantro mint, 1.00, 0.0062 ]
[2025-07-23 22:10:40,523] [enhance_semantic_masks.py:28] [INFO] /home/sweedal/FoodSAM/results/segmentations/dish_1565987015/sam_mask/54 assign label: [ 89, cilantro mint, 1.00, 0.0104 ]
[2025-07-23 22:10:40,523] [enhance_semantic_masks.py:28] [INFO] /home/sweedal/FoodSAM/results/segmentations/dish_1565987015/sam_mask/55 assign label: [ 0, background, 0.75, 0.0009 ]
[2025-07-23 22:10:40,523] [enhance_semantic_masks.py:28] [INFO] /home/sweedal/FoodSAM/results/segmentations/dish_1565987015/sam_mask/56 assign label: [ 0, background, 1.00, 0.0018 ]
[2025-07-23 22:10:40,523] [enhance_semantic_masks.py:28] [INFO] /home/sweedal/FoodSAM/results/segmentations/dish_1565987015/sam_mask/57 assign label: [ 89, cilantro mint, 1.00, 0.0015 ]
[2025-07-23 22:10:40,524] [enhance_semantic_masks.py:28] [INFO] /home/sweedal/FoodSAM/results/segmentations/dish_1565987015/sam_mask/58 assign label: [ 89, cilantro mint, 1.00, 0.0021 ]
[2025-07-23 22:10:40,525] [enhance_semantic_masks.py:28] [INFO] /home/sweedal/FoodSAM/results/segmentations/dish_1565987015/sam_mask/59 assign label: [ 0, background, 1.00, 0.0208 ]
[2025-07-23 22:10:40,526] [enhance_semantic_masks.py:28] [INFO] /home/sweedal/FoodSAM/results/segmentations/dish_1565987015/sam_mask/60 assign label: [ 89, cilantro mint, 1.00, 0.0111 ]
[2025-07-23 22:10:40,526] [enhance_semantic_masks.py:28] [INFO] /home/sweedal/FoodSAM/results/segmentations/dish_1565987015/sam_mask/61 assign label: [ 0, background, 0.94, 0.0012 ]
[2025-07-23 22:10:40,527] [enhance_semantic_masks.py:28] [INFO] /home/sweedal/FoodSAM/results/segmentations/dish_1565987015/sam_mask/62 assign label: [ 89, cilantro mint, 1.00, 0.0020 ]
[2025-07-23 22:10:40,527] [enhance_semantic_masks.py:28] [INFO] /home/sweedal/FoodSAM/results/segmentations/dish_1565987015/sam_mask/63 assign label: [ 89, cilantro mint, 1.00, 0.0022 ]
[2025-07-23 22:10:40,527] [enhance_semantic_masks.py:28] [INFO] /home/sweedal/FoodSAM/results/segmentations/dish_1565987015/sam_mask/64 assign label: [ 0, background, 1.00, 0.0053 ]
[2025-07-23 22:10:40,528] [enhance_semantic_masks.py:28] [INFO] /home/sweedal/FoodSAM/results/segmentations/dish_1565987015/sam_mask/65 assign label: [ 89, cilantro mint, 1.00, 0.0006 ]
[2025-07-23 22:10:40,528] [enhance_semantic_masks.py:28] [INFO] /home/sweedal/FoodSAM/results/segmentations/dish_1565987015/sam_mask/66 assign label: [ 89, cilantro mint, 1.00, 0.0106 ]
[2025-07-23 22:10:40,529] [enhance_semantic_masks.py:28] [INFO] /home/sweedal/FoodSAM/results/segmentations/dish_1565987015/sam_mask/67 assign label: [ 0, background, 0.99, 0.0037 ]
[2025-07-23 22:10:40,529] [enhance_semantic_masks.py:28] [INFO] /home/sweedal/FoodSAM/results/segmentations/dish_1565987015/sam_mask/68 assign label: [ 89, cilantro mint, 1.00, 0.0025 ]
[2025-07-23 22:10:40,529] [enhance_semantic_masks.py:28] [INFO] /home/sweedal/FoodSAM/results/segmentations/dish_1565987015/sam_mask/69 assign label: [ 89, cilantro mint, 1.00, 0.0003 ]
[2025-07-23 22:10:40,530] [enhance_semantic_masks.py:28] [INFO] /home/sweedal/FoodSAM/results/segmentations/dish_1565987015/sam_mask/70 assign label: [ 89, cilantro mint, 1.00, 0.0042 ]
[2025-07-23 22:10:40,530] [enhance_semantic_masks.py:28] [INFO] /home/sweedal/FoodSAM/results/segmentations/dish_1565987015/sam_mask/71 assign label: [ 89, cilantro mint, 1.00, 0.0024 ]
[2025-07-23 22:10:40,530] [enhance_semantic_masks.py:28] [INFO] /home/sweedal/FoodSAM/results/segmentations/dish_1565987015/sam_mask/72 assign label: [ 89, cilantro mint, 1.00, 0.0027 ]
[2025-07-23 22:10:40,530] [enhance_semantic_masks.py:28] [INFO] /home/sweedal/FoodSAM/results/segmentations/dish_1565987015/sam_mask/73 assign label: [ 89, cilantro mint, 1.00, 0.0011 ]
[2025-07-23 22:10:40,531] [enhance_semantic_masks.py:28] [INFO] /home/sweedal/FoodSAM/results/segmentations/dish_1565987015/sam_mask/74 assign label: [ 0, background, 1.00, 0.0012 ]
[2025-07-23 22:10:40,531] [enhance_semantic_masks.py:28] [INFO] /home/sweedal/FoodSAM/results/segmentations/dish_1565987015/sam_mask/75 assign label: [ 89, cilantro mint, 1.00, 0.0011 ]
[2025-07-23 22:10:40,531] [enhance_semantic_masks.py:28] [INFO] /home/sweedal/FoodSAM/results/segmentations/dish_1565987015/sam_mask/76 assign label: [ 89, cilantro mint, 1.00, 0.0004 ]
[2025-07-23 22:10:40,532] [enhance_semantic_masks.py:28] [INFO] /home/sweedal/FoodSAM/results/segmentations/dish_1565987015/sam_mask/77 assign label: [ 89, cilantro mint, 1.00, 0.0088 ]
[2025-07-23 22:10:40,532] [enhance_semantic_masks.py:28] [INFO] /home/sweedal/FoodSAM/results/segmentations/dish_1565987015/sam_mask/78 assign label: [ 89, cilantro mint, 1.00, 0.0035 ]
[2025-07-23 22:10:40,533] [enhance_semantic_masks.py:28] [INFO] /home/sweedal/FoodSAM/results/segmentations/dish_1565987015/sam_mask/79 assign label: [ 89, cilantro mint, 1.00, 0.0088 ]
[2025-07-23 22:10:40,535] [enhance_semantic_masks.py:28] [INFO] /home/sweedal/FoodSAM/results/segmentations/dish_1565987015/sam_mask/80 assign label: [ 89, cilantro mint, 1.00, 0.0180 ]
[2025-07-23 22:10:40,535] [enhance_semantic_masks.py:28] [INFO] /home/sweedal/FoodSAM/results/segmentations/dish_1565987015/sam_mask/81 assign label: [ 89, cilantro mint, 1.00, 0.0024 ]
[2025-07-23 22:10:40,535] [enhance_semantic_masks.py:28] [INFO] /home/sweedal/FoodSAM/results/segmentations/dish_1565987015/sam_mask/82 assign label: [ 89, cilantro mint, 1.00, 0.0004 ]
[2025-07-23 22:10:40,536] [enhance_semantic_masks.py:28] [INFO] /home/sweedal/FoodSAM/results/segmentations/dish_1565987015/sam_mask/83 assign label: [ 89, cilantro mint, 1.00, 0.0008 ]
[2025-07-23 22:10:40,536] [enhance_semantic_masks.py:28] [INFO] /home/sweedal/FoodSAM/results/segmentations/dish_1565987015/sam_mask/84 assign label: [ 89, cilantro mint, 1.00, 0.0032 ]
[2025-07-23 22:10:40,537] [enhance_semantic_masks.py:28] [INFO] /home/sweedal/FoodSAM/results/segmentations/dish_1565987015/sam_mask/85 assign label: [ 89, cilantro mint, 1.00, 0.0034 ]
[2025-07-23 22:10:40,537] [enhance_semantic_masks.py:28] [INFO] /home/sweedal/FoodSAM/results/segmentations/dish_1565987015/sam_mask/86 assign label: [ 89, cilantro mint, 1.00, 0.0007 ]
[2025-07-23 22:10:40,538] [enhance_semantic_masks.py:28] [INFO] /home/sweedal/FoodSAM/results/segmentations/dish_1565987015/sam_mask/87 assign label: [ 89, cilantro mint, 1.00, 0.0002 ]
[2025-07-23 22:10:40,538] [enhance_semantic_masks.py:28] [INFO] /home/sweedal/FoodSAM/results/segmentations/dish_1565987015/sam_mask/88 assign label: [ 89, cilantro mint, 1.00, 0.0031 ]
[2025-07-23 22:10:40,538] [enhance_semantic_masks.py:28] [INFO] /home/sweedal/FoodSAM/results/segmentations/dish_1565987015/sam_mask/89 assign label: [ 89, cilantro mint, 1.00, 0.0005 ]
[2025-07-23 22:10:40,539] [enhance_semantic_masks.py:28] [INFO] /home/sweedal/FoodSAM/results/segmentations/dish_1565987015/sam_mask/90 assign label: [ 89, cilantro mint, 1.00, 0.0170 ]
[2025-07-23 22:10:40,540] [enhance_semantic_masks.py:28] [INFO] /home/sweedal/FoodSAM/results/segmentations/dish_1565987015/sam_mask/91 assign label: [ 0, background, 1.00, 0.0037 ]
[2025-07-23 22:10:40,540] [enhance_semantic_masks.py:28] [INFO] /home/sweedal/FoodSAM/results/segmentations/dish_1565987015/sam_mask/92 assign label: [ 89, cilantro mint, 1.00, 0.0029 ]
[2025-07-23 22:10:40,541] [enhance_semantic_masks.py:28] [INFO] /home/sweedal/FoodSAM/results/segmentations/dish_1565987015/sam_mask/93 assign label: [ 0, background, 1.00, 0.0145 ]
[2025-07-23 22:10:40,542] [enhance_semantic_masks.py:28] [INFO] /home/sweedal/FoodSAM/results/segmentations/dish_1565987015/sam_mask/94 assign label: [ 89, cilantro mint, 1.00, 0.0033 ]
[2025-07-23 22:10:40,542] [enhance_semantic_masks.py:28] [INFO] /home/sweedal/FoodSAM/results/segmentations/dish_1565987015/sam_mask/95 assign label: [ 89, cilantro mint, 1.00, 0.0022 ]
[2025-07-23 22:10:40,542] [enhance_semantic_masks.py:28] [INFO] /home/sweedal/FoodSAM/results/segmentations/dish_1565987015/sam_mask/96 assign label: [ 89, cilantro mint, 1.00, 0.0008 ]
[2025-07-23 22:10:40,543] [enhance_semantic_masks.py:28] [INFO] /home/sweedal/FoodSAM/results/segmentations/dish_1565987015/sam_mask/97 assign label: [ 89, cilantro mint, 1.00, 0.0055 ]
[2025-07-23 22:10:40,583] [enhance_semantic_masks.py:28] [INFO] /home/sweedal/FoodSAM/results/segmentations/dish_1562010315/sam_mask/0 assign label: [ 103, other ingredients, 0.69, 0.3814 ]
[2025-07-23 22:10:40,595] [enhance_semantic_masks.py:28] [INFO] /home/sweedal/FoodSAM/results/segmentations/dish_1562010315/sam_mask/1 assign label: [ 0, background, 1.00, 0.1567 ]
[2025-07-23 22:10:40,596] [enhance_semantic_masks.py:28] [INFO] /home/sweedal/FoodSAM/results/segmentations/dish_1562010315/sam_mask/2 assign label: [ 77, rape, 0.78, 0.0062 ]
[2025-07-23 22:10:40,597] [enhance_semantic_masks.py:28] [INFO] /home/sweedal/FoodSAM/results/segmentations/dish_1562010315/sam_mask/3 assign label: [ 0, background, 1.00, 0.0188 ]
[2025-07-23 22:10:40,597] [enhance_semantic_masks.py:28] [INFO] /home/sweedal/FoodSAM/results/segmentations/dish_1562010315/sam_mask/4 assign label: [ 0, background, 1.00, 0.0027 ]
[2025-07-23 22:10:40,598] [enhance_semantic_masks.py:28] [INFO] /home/sweedal/FoodSAM/results/segmentations/dish_1562010315/sam_mask/5 assign label: [ 77, rape, 0.98, 0.0074 ]
[2025-07-23 22:10:40,598] [enhance_semantic_masks.py:28] [INFO] /home/sweedal/FoodSAM/results/segmentations/dish_1562010315/sam_mask/6 assign label: [ 103, other ingredients, 1.00, 0.0055 ]
[2025-07-23 22:10:40,599] [enhance_semantic_masks.py:28] [INFO] /home/sweedal/FoodSAM/results/segmentations/dish_1562010315/sam_mask/7 assign label: [ 77, rape, 0.86, 0.0025 ]
[2025-07-23 22:10:40,599] [enhance_semantic_masks.py:28] [INFO] /home/sweedal/FoodSAM/results/segmentations/dish_1562010315/sam_mask/8 assign label: [ 0, background, 1.00, 0.0057 ]
[2025-07-23 22:10:40,600] [enhance_semantic_masks.py:28] [INFO] /home/sweedal/FoodSAM/results/segmentations/dish_1562010315/sam_mask/9 assign label: [ 103, other ingredients, 0.52, 0.0049 ]
[2025-07-23 22:10:40,600] [enhance_semantic_masks.py:28] [INFO] /home/sweedal/FoodSAM/results/segmentations/dish_1562010315/sam_mask/10 assign label: [ 77, rape, 1.00, 0.0012 ]
[2025-07-23 22:10:40,600] [enhance_semantic_masks.py:28] [INFO] /home/sweedal/FoodSAM/results/segmentations/dish_1562010315/sam_mask/11 assign label: [ 103, other ingredients, 1.00, 0.0037 ]
[2025-07-23 22:10:40,601] [enhance_semantic_masks.py:28] [INFO] /home/sweedal/FoodSAM/results/segmentations/dish_1562010315/sam_mask/12 assign label: [ 77, rape, 0.67, 0.0039 ]
[2025-07-23 22:10:40,601] [enhance_semantic_masks.py:28] [INFO] /home/sweedal/FoodSAM/results/segmentations/dish_1562010315/sam_mask/13 assign label: [ 0, background, 1.00, 0.0059 ]
[2025-07-23 22:10:40,602] [enhance_semantic_masks.py:28] [INFO] /home/sweedal/FoodSAM/results/segmentations/dish_1562010315/sam_mask/14 assign label: [ 0, background, 1.00, 0.0029 ]
[2025-07-23 22:10:40,602] [enhance_semantic_masks.py:28] [INFO] /home/sweedal/FoodSAM/results/segmentations/dish_1562010315/sam_mask/15 assign label: [ 0, background, 1.00, 0.0014 ]
[2025-07-23 22:10:40,602] [enhance_semantic_masks.py:28] [INFO] /home/sweedal/FoodSAM/results/segmentations/dish_1562010315/sam_mask/16 assign label: [ 103, other ingredients, 1.00, 0.0014 ]
[2025-07-23 22:10:40,603] [enhance_semantic_masks.py:28] [INFO] /home/sweedal/FoodSAM/results/segmentations/dish_1562010315/sam_mask/17 assign label: [ 0, background, 1.00, 0.0051 ]
[2025-07-23 22:10:40,603] [enhance_semantic_masks.py:28] [INFO] /home/sweedal/FoodSAM/results/segmentations/dish_1562010315/sam_mask/18 assign label: [ 0, background, 1.00, 0.0049 ]
[2025-07-23 22:10:40,603] [enhance_semantic_masks.py:28] [INFO] /home/sweedal/FoodSAM/results/segmentations/dish_1562010315/sam_mask/19 assign label: [ 103, other ingredients, 1.00, 0.0003 ]
[2025-07-23 22:10:40,604] [enhance_semantic_masks.py:28] [INFO] /home/sweedal/FoodSAM/results/segmentations/dish_1562010315/sam_mask/20 assign label: [ 103, other ingredients, 0.58, 0.0008 ]
[2025-07-23 22:10:40,604] [enhance_semantic_masks.py:28] [INFO] /home/sweedal/FoodSAM/results/segmentations/dish_1562010315/sam_mask/21 assign label: [ 103, other ingredients, 1.00, 0.0045 ]
[2025-07-23 22:10:40,604] [enhance_semantic_masks.py:28] [INFO] /home/sweedal/FoodSAM/results/segmentations/dish_1562010315/sam_mask/22 assign label: [ 77, rape, 0.97, 0.0048 ]
[2025-07-23 22:10:40,605] [enhance_semantic_masks.py:28] [INFO] /home/sweedal/FoodSAM/results/segmentations/dish_1562010315/sam_mask/23 assign label: [ 103, other ingredients, 1.00, 0.0016 ]
[2025-07-23 22:10:40,605] [enhance_semantic_masks.py:28] [INFO] /home/sweedal/FoodSAM/results/segmentations/dish_1562010315/sam_mask/24 assign label: [ 0, background, 1.00, 0.0007 ]
[2025-07-23 22:10:40,605] [enhance_semantic_masks.py:28] [INFO] /home/sweedal/FoodSAM/results/segmentations/dish_1562010315/sam_mask/25 assign label: [ 103, other ingredients, 0.62, 0.0031 ]
[2025-07-23 22:10:40,606] [enhance_semantic_masks.py:28] [INFO] /home/sweedal/FoodSAM/results/segmentations/dish_1562010315/sam_mask/26 assign label: [ 103, other ingredients, 1.00, 0.0018 ]
[2025-07-23 22:10:40,606] [enhance_semantic_masks.py:28] [INFO] /home/sweedal/FoodSAM/results/segmentations/dish_1562010315/sam_mask/27 assign label: [ 103, other ingredients, 1.00, 0.0009 ]
[2025-07-23 22:10:40,606] [enhance_semantic_masks.py:28] [INFO] /home/sweedal/FoodSAM/results/segmentations/dish_1562010315/sam_mask/28 assign label: [ 80, lettuce, 0.77, 0.0038 ]
[2025-07-23 22:10:40,607] [enhance_semantic_masks.py:28] [INFO] /home/sweedal/FoodSAM/results/segmentations/dish_1562010315/sam_mask/29 assign label: [ 103, other ingredients, 0.93, 0.0024 ]
[2025-07-23 22:10:40,607] [enhance_semantic_masks.py:28] [INFO] /home/sweedal/FoodSAM/results/segmentations/dish_1562010315/sam_mask/30 assign label: [ 77, rape, 0.78, 0.0038 ]
[2025-07-23 22:10:40,607] [enhance_semantic_masks.py:28] [INFO] /home/sweedal/FoodSAM/results/segmentations/dish_1562010315/sam_mask/31 assign label: [ 103, other ingredients, 1.00, 0.0042 ]
[2025-07-23 22:10:40,608] [enhance_semantic_masks.py:28] [INFO] /home/sweedal/FoodSAM/results/segmentations/dish_1562010315/sam_mask/32 assign label: [ 80, lettuce, 0.80, 0.0017 ]
[2025-07-23 22:10:40,609] [enhance_semantic_masks.py:28] [INFO] /home/sweedal/FoodSAM/results/segmentations/dish_1562010315/sam_mask/33 assign label: [ 103, other ingredients, 0.96, 0.0150 ]
[2025-07-23 22:10:40,609] [enhance_semantic_masks.py:28] [INFO] /home/sweedal/FoodSAM/results/segmentations/dish_1562010315/sam_mask/34 assign label: [ 0, background, 1.00, 0.0027 ]
[2025-07-23 22:10:40,610] [enhance_semantic_masks.py:28] [INFO] /home/sweedal/FoodSAM/results/segmentations/dish_1562010315/sam_mask/35 assign label: [ 103, other ingredients, 1.00, 0.0032 ]
[2025-07-23 22:10:40,610] [enhance_semantic_masks.py:28] [INFO] /home/sweedal/FoodSAM/results/segmentations/dish_1562010315/sam_mask/36 assign label: [ 103, other ingredients, 0.69, 0.0033 ]
[2025-07-23 22:10:40,610] [enhance_semantic_masks.py:28] [INFO] /home/sweedal/FoodSAM/results/segmentations/dish_1562010315/sam_mask/37 assign label: [ 80, lettuce, 1.00, 0.0018 ]
[2025-07-23 22:10:40,610] [enhance_semantic_masks.py:28] [INFO] /home/sweedal/FoodSAM/results/segmentations/dish_1562010315/sam_mask/38 assign label: [ 0, background, 1.00, 0.0008 ]
[2025-07-23 22:10:40,611] [enhance_semantic_masks.py:28] [INFO] /home/sweedal/FoodSAM/results/segmentations/dish_1562010315/sam_mask/39 assign label: [ 80, lettuce, 1.00, 0.0100 ]
[2025-07-23 22:10:40,612] [enhance_semantic_masks.py:28] [INFO] /home/sweedal/FoodSAM/results/segmentations/dish_1562010315/sam_mask/40 assign label: [ 0, background, 1.00, 0.0021 ]
[2025-07-23 22:10:40,612] [enhance_semantic_masks.py:28] [INFO] /home/sweedal/FoodSAM/results/segmentations/dish_1562010315/sam_mask/41 assign label: [ 77, rape, 0.88, 0.0035 ]
[2025-07-23 22:10:40,614] [enhance_semantic_masks.py:28] [INFO] /home/sweedal/FoodSAM/results/segmentations/dish_1562010315/sam_mask/42 assign label: [ 80, lettuce, 1.00, 0.0201 ]
[2025-07-23 22:10:40,614] [enhance_semantic_masks.py:28] [INFO] /home/sweedal/FoodSAM/results/segmentations/dish_1562010315/sam_mask/43 assign label: [ 103, other ingredients, 1.00, 0.0002 ]
[2025-07-23 22:10:40,614] [enhance_semantic_masks.py:28] [INFO] /home/sweedal/FoodSAM/results/segmentations/dish_1562010315/sam_mask/44 assign label: [ 103, other ingredients, 1.00, 0.0021 ]
[2025-07-23 22:10:40,615] [enhance_semantic_masks.py:28] [INFO] /home/sweedal/FoodSAM/results/segmentations/dish_1562010315/sam_mask/45 assign label: [ 103, other ingredients, 1.00, 0.0073 ]
[2025-07-23 22:10:40,615] [enhance_semantic_masks.py:28] [INFO] /home/sweedal/FoodSAM/results/segmentations/dish_1562010315/sam_mask/46 assign label: [ 103, other ingredients, 1.00, 0.0019 ]
[2025-07-23 22:10:40,615] [enhance_semantic_masks.py:28] [INFO] /home/sweedal/FoodSAM/results/segmentations/dish_1562010315/sam_mask/47 assign label: [ 103, other ingredients, 0.97, 0.0019 ]
[2025-07-23 22:10:40,616] [enhance_semantic_masks.py:28] [INFO] /home/sweedal/FoodSAM/results/segmentations/dish_1562010315/sam_mask/48 assign label: [ 80, lettuce, 0.54, 0.0092 ]
[2025-07-23 22:10:40,616] [enhance_semantic_masks.py:28] [INFO] /home/sweedal/FoodSAM/results/segmentations/dish_1562010315/sam_mask/49 assign label: [ 103, other ingredients, 1.00, 0.0011 ]
[2025-07-23 22:10:40,633] [enhance_semantic_masks.py:28] [INFO] /home/sweedal/FoodSAM/results/segmentations/dish_1562010315/sam_mask/50 assign label: [ 0, background, 0.98, 0.2102 ]
[2025-07-23 22:10:40,633] [enhance_semantic_masks.py:28] [INFO] /home/sweedal/FoodSAM/results/segmentations/dish_1562010315/sam_mask/51 assign label: [ 47, pork, 0.90, 0.0005 ]
[2025-07-23 22:10:40,634] [enhance_semantic_masks.py:28] [INFO] /home/sweedal/FoodSAM/results/segmentations/dish_1562010315/sam_mask/52 assign label: [ 0, background, 1.00, 0.0119 ]
[2025-07-23 22:10:40,634] [enhance_semantic_masks.py:28] [INFO] /home/sweedal/FoodSAM/results/segmentations/dish_1562010315/sam_mask/53 assign label: [ 77, rape, 0.97, 0.0048 ]
[2025-07-23 22:10:40,635] [enhance_semantic_masks.py:28] [INFO] /home/sweedal/FoodSAM/results/segmentations/dish_1562010315/sam_mask/54 assign label: [ 103, other ingredients, 1.00, 0.0010 ]
[2025-07-23 22:10:40,635] [enhance_semantic_masks.py:28] [INFO] /home/sweedal/FoodSAM/results/segmentations/dish_1562010315/sam_mask/55 assign label: [ 103, other ingredients, 1.00, 0.0042 ]
[2025-07-23 22:10:40,635] [enhance_semantic_masks.py:28] [INFO] /home/sweedal/FoodSAM/results/segmentations/dish_1562010315/sam_mask/56 assign label: [ 103, other ingredients, 1.00, 0.0005 ]
[2025-07-23 22:10:40,636] [enhance_semantic_masks.py:28] [INFO] /home/sweedal/FoodSAM/results/segmentations/dish_1562010315/sam_mask/57 assign label: [ 103, other ingredients, 1.00, 0.0031 ]
[2025-07-23 22:10:40,636] [enhance_semantic_masks.py:28] [INFO] /home/sweedal/FoodSAM/results/segmentations/dish_1562010315/sam_mask/58 assign label: [ 103, other ingredients, 1.00, 0.0019 ]
[2025-07-23 22:10:40,636] [enhance_semantic_masks.py:28] [INFO] /home/sweedal/FoodSAM/results/segmentations/dish_1562010315/sam_mask/59 assign label: [ 103, other ingredients, 0.88, 0.0005 ]
[2025-07-23 22:10:40,636] [enhance_semantic_masks.py:28] [INFO] /home/sweedal/FoodSAM/results/segmentations/dish_1562010315/sam_mask/60 assign label: [ 103, other ingredients, 0.67, 0.0022 ]
[2025-07-23 22:10:40,637] [enhance_semantic_masks.py:28] [INFO] /home/sweedal/FoodSAM/results/segmentations/dish_1562010315/sam_mask/61 assign label: [ 103, other ingredients, 0.52, 0.0009 ]
[2025-07-23 22:10:40,637] [enhance_semantic_masks.py:28] [INFO] /home/sweedal/FoodSAM/results/segmentations/dish_1562010315/sam_mask/62 assign label: [ 103, other ingredients, 0.73, 0.0008 ]
[2025-07-23 22:10:40,637] [enhance_semantic_masks.py:28] [INFO] /home/sweedal/FoodSAM/results/segmentations/dish_1562010315/sam_mask/63 assign label: [ 103, other ingredients, 0.72, 0.0021 ]
[2025-07-23 22:10:40,637] [enhance_semantic_masks.py:28] [INFO] /home/sweedal/FoodSAM/results/segmentations/dish_1562010315/sam_mask/64 assign label: [ 80, lettuce, 1.00, 0.0008 ]
[2025-07-23 22:10:40,638] [enhance_semantic_masks.py:28] [INFO] /home/sweedal/FoodSAM/results/segmentations/dish_1562010315/sam_mask/65 assign label: [ 80, lettuce, 1.00, 0.0100 ]
[2025-07-23 22:10:40,638] [enhance_semantic_masks.py:28] [INFO] /home/sweedal/FoodSAM/results/segmentations/dish_1562010315/sam_mask/66 assign label: [ 77, rape, 0.51, 0.0026 ]
[2025-07-23 22:10:40,639] [enhance_semantic_masks.py:28] [INFO] /home/sweedal/FoodSAM/results/segmentations/dish_1562010315/sam_mask/67 assign label: [ 0, background, 1.00, 0.0113 ]
[2025-07-23 22:10:40,640] [enhance_semantic_masks.py:28] [INFO] /home/sweedal/FoodSAM/results/segmentations/dish_1562010315/sam_mask/68 assign label: [ 103, other ingredients, 1.00, 0.0016 ]
[2025-07-23 22:10:40,640] [enhance_semantic_masks.py:28] [INFO] /home/sweedal/FoodSAM/results/segmentations/dish_1562010315/sam_mask/69 assign label: [ 77, rape, 0.97, 0.0021 ]
[2025-07-23 22:10:40,640] [enhance_semantic_masks.py:28] [INFO] /home/sweedal/FoodSAM/results/segmentations/dish_1562010315/sam_mask/70 assign label: [ 0, background, 1.00, 0.0046 ]
[2025-07-23 22:10:40,640] [enhance_semantic_masks.py:28] [INFO] /home/sweedal/FoodSAM/results/segmentations/dish_1562010315/sam_mask/71 assign label: [ 103, other ingredients, 1.00, 0.0005 ]
[2025-07-23 22:10:40,641] [enhance_semantic_masks.py:28] [INFO] /home/sweedal/FoodSAM/results/segmentations/dish_1562010315/sam_mask/72 assign label: [ 103, other ingredients, 1.00, 0.0038 ]
[2025-07-23 22:10:40,641] [enhance_semantic_masks.py:28] [INFO] /home/sweedal/FoodSAM/results/segmentations/dish_1562010315/sam_mask/73 assign label: [ 77, rape, 0.89, 0.0079 ]
[2025-07-23 22:10:40,642] [enhance_semantic_masks.py:28] [INFO] /home/sweedal/FoodSAM/results/segmentations/dish_1562010315/sam_mask/74 assign label: [ 103, other ingredients, 1.00, 0.0015 ]
[2025-07-23 22:10:40,642] [enhance_semantic_masks.py:28] [INFO] /home/sweedal/FoodSAM/results/segmentations/dish_1562010315/sam_mask/75 assign label: [ 0, background, 1.00, 0.0003 ]
[2025-07-23 22:10:40,642] [enhance_semantic_masks.py:28] [INFO] /home/sweedal/FoodSAM/results/segmentations/dish_1562010315/sam_mask/76 assign label: [ 103, other ingredients, 0.66, 0.0006 ]
[2025-07-23 22:10:40,642] [enhance_semantic_masks.py:28] [INFO] /home/sweedal/FoodSAM/results/segmentations/dish_1562010315/sam_mask/77 assign label: [ 103, other ingredients, 0.51, 0.0008 ]
[2025-07-23 22:10:40,643] [enhance_semantic_masks.py:28] [INFO] /home/sweedal/FoodSAM/results/segmentations/dish_1562010315/sam_mask/78 assign label: [ 103, other ingredients, 1.00, 0.0010 ]
[2025-07-23 22:10:40,643] [enhance_semantic_masks.py:28] [INFO] /home/sweedal/FoodSAM/results/segmentations/dish_1562010315/sam_mask/79 assign label: [ 103, other ingredients, 1.00, 0.0008 ]
[2025-07-23 22:10:40,643] [enhance_semantic_masks.py:28] [INFO] /home/sweedal/FoodSAM/results/segmentations/dish_1562010315/sam_mask/80 assign label: [ 0, background, 0.86, 0.0003 ]
[2025-07-23 22:10:40,643] [enhance_semantic_masks.py:28] [INFO] /home/sweedal/FoodSAM/results/segmentations/dish_1562010315/sam_mask/81 assign label: [ 103, other ingredients, 1.00, 0.0005 ]
[2025-07-23 22:10:40,644] [enhance_semantic_masks.py:28] [INFO] /home/sweedal/FoodSAM/results/segmentations/dish_1562010315/sam_mask/82 assign label: [ 103, other ingredients, 0.98, 0.0039 ]
[2025-07-23 22:10:40,644] [enhance_semantic_masks.py:28] [INFO] /home/sweedal/FoodSAM/results/segmentations/dish_1562010315/sam_mask/83 assign label: [ 103, other ingredients, 0.99, 0.0017 ]
[2025-07-23 22:10:40,645] [enhance_semantic_masks.py:28] [INFO] /home/sweedal/FoodSAM/results/segmentations/dish_1562010315/sam_mask/84 assign label: [ 77, rape, 0.76, 0.0085 ]
[2025-07-23 22:10:40,645] [enhance_semantic_masks.py:28] [INFO] /home/sweedal/FoodSAM/results/segmentations/dish_1562010315/sam_mask/85 assign label: [ 103, other ingredients, 1.00, 0.0077 ]
[2025-07-23 22:10:40,645] [enhance_semantic_masks.py:28] [INFO] /home/sweedal/FoodSAM/results/segmentations/dish_1562010315/sam_mask/86 assign label: [ 77, rape, 0.68, 0.0024 ]
[2025-07-23 22:10:40,646] [enhance_semantic_masks.py:28] [INFO] /home/sweedal/FoodSAM/results/segmentations/dish_1562010315/sam_mask/87 assign label: [ 103, other ingredients, 0.98, 0.0067 ]
[2025-07-23 22:10:40,647] [enhance_semantic_masks.py:28] [INFO] /home/sweedal/FoodSAM/results/segmentations/dish_1562010315/sam_mask/88 assign label: [ 103, other ingredients, 0.95, 0.0077 ]
[2025-07-23 22:10:40,647] [enhance_semantic_masks.py:28] [INFO] /home/sweedal/FoodSAM/results/segmentations/dish_1562010315/sam_mask/89 assign label: [ 77, rape, 0.84, 0.0047 ]
[2025-07-23 22:10:40,647] [enhance_semantic_masks.py:28] [INFO] /home/sweedal/FoodSAM/results/segmentations/dish_1562010315/sam_mask/90 assign label: [ 77, rape, 0.66, 0.0008 ]
[2025-07-23 22:10:40,648] [enhance_semantic_masks.py:28] [INFO] /home/sweedal/FoodSAM/results/segmentations/dish_1562010315/sam_mask/91 assign label: [ 0, background, 1.00, 0.0009 ]
[2025-07-23 22:10:40,648] [enhance_semantic_masks.py:28] [INFO] /home/sweedal/FoodSAM/results/segmentations/dish_1562010315/sam_mask/92 assign label: [ 0, background, 1.00, 0.0007 ]
[2025-07-23 22:10:40,648] [enhance_semantic_masks.py:28] [INFO] /home/sweedal/FoodSAM/results/segmentations/dish_1562010315/sam_mask/93 assign label: [ 77, rape, 1.00, 0.0010 ]
[2025-07-23 22:10:40,648] [enhance_semantic_masks.py:28] [INFO] /home/sweedal/FoodSAM/results/segmentations/dish_1562010315/sam_mask/94 assign label: [ 77, rape, 0.98, 0.0038 ]
[2025-07-23 22:10:40,649] [enhance_semantic_masks.py:28] [INFO] /home/sweedal/FoodSAM/results/segmentations/dish_1562010315/sam_mask/95 assign label: [ 103, other ingredients, 1.00, 0.0003 ]
[2025-07-23 22:10:40,649] [enhance_semantic_masks.py:28] [INFO] /home/sweedal/FoodSAM/results/segmentations/dish_1562010315/sam_mask/96 assign label: [ 77, rape, 0.81, 0.0011 ]
[2025-07-23 22:10:40,649] [enhance_semantic_masks.py:28] [INFO] /home/sweedal/FoodSAM/results/segmentations/dish_1562010315/sam_mask/97 assign label: [ 0, background, 1.00, 0.0008 ]
[2025-07-23 22:10:40,649] [enhance_semantic_masks.py:28] [INFO] /home/sweedal/FoodSAM/results/segmentations/dish_1562010315/sam_mask/98 assign label: [ 77, rape, 0.73, 0.0030 ]
[2025-07-23 22:10:40,650] [enhance_semantic_masks.py:28] [INFO] /home/sweedal/FoodSAM/results/segmentations/dish_1562010315/sam_mask/99 assign label: [ 103, other ingredients, 0.91, 0.0076 ]
[2025-07-23 22:10:40,650] [enhance_semantic_masks.py:28] [INFO] /home/sweedal/FoodSAM/results/segmentations/dish_1562010315/sam_mask/100 assign label: [ 0, background, 1.00, 0.0011 ]
[2025-07-23 22:10:40,651] [enhance_semantic_masks.py:28] [INFO] /home/sweedal/FoodSAM/results/segmentations/dish_1562010315/sam_mask/101 assign label: [ 103, other ingredients, 1.00, 0.0021 ]
[2025-07-23 22:10:40,651] [enhance_semantic_masks.py:28] [INFO] /home/sweedal/FoodSAM/results/segmentations/dish_1562010315/sam_mask/102 assign label: [ 77, rape, 0.87, 0.0037 ]
[2025-07-23 22:10:40,651] [enhance_semantic_masks.py:28] [INFO] /home/sweedal/FoodSAM/results/segmentations/dish_1562010315/sam_mask/103 assign label: [ 103, other ingredients, 0.97, 0.0023 ]
[2025-07-23 22:10:40,651] [enhance_semantic_masks.py:28] [INFO] /home/sweedal/FoodSAM/results/segmentations/dish_1562010315/sam_mask/104 assign label: [ 103, other ingredients, 1.00, 0.0012 ]
[2025-07-23 22:10:40,652] [enhance_semantic_masks.py:28] [INFO] /home/sweedal/FoodSAM/results/segmentations/dish_1562010315/sam_mask/105 assign label: [ 77, rape, 0.71, 0.0015 ]
[2025-07-23 22:10:40,652] [enhance_semantic_masks.py:28] [INFO] /home/sweedal/FoodSAM/results/segmentations/dish_1562010315/sam_mask/106 assign label: [ 77, rape, 0.73, 0.0035 ]
[2025-07-23 22:10:40,652] [enhance_semantic_masks.py:28] [INFO] /home/sweedal/FoodSAM/results/segmentations/dish_1562010315/sam_mask/107 assign label: [ 103, other ingredients, 1.00, 0.0008 ]
[2025-07-23 22:10:40,653] [enhance_semantic_masks.py:28] [INFO] /home/sweedal/FoodSAM/results/segmentations/dish_1562010315/sam_mask/108 assign label: [ 103, other ingredients, 0.66, 0.0023 ]
[2025-07-23 22:10:40,653] [enhance_semantic_masks.py:28] [INFO] /home/sweedal/FoodSAM/results/segmentations/dish_1562010315/sam_mask/109 assign label: [ 80, lettuce, 1.00, 0.0098 ]
[2025-07-23 22:10:40,654] [enhance_semantic_masks.py:28] [INFO] /home/sweedal/FoodSAM/results/segmentations/dish_1562010315/sam_mask/110 assign label: [ 80, lettuce, 0.66, 0.0062 ]
[2025-07-23 22:10:40,654] [enhance_semantic_masks.py:28] [INFO] /home/sweedal/FoodSAM/results/segmentations/dish_1562010315/sam_mask/111 assign label: [ 103, other ingredients, 1.00, 0.0010 ]
[2025-07-23 22:10:40,654] [enhance_semantic_masks.py:28] [INFO] /home/sweedal/FoodSAM/results/segmentations/dish_1562010315/sam_mask/112 assign label: [ 77, rape, 0.85, 0.0024 ]
[2025-07-23 22:10:40,655] [enhance_semantic_masks.py:28] [INFO] /home/sweedal/FoodSAM/results/segmentations/dish_1562010315/sam_mask/113 assign label: [ 0, background, 1.00, 0.0017 ]
[2025-07-23 22:10:40,655] [enhance_semantic_masks.py:28] [INFO] /home/sweedal/FoodSAM/results/segmentations/dish_1562010315/sam_mask/114 assign label: [ 103, other ingredients, 1.00, 0.0028 ]
[2025-07-23 22:10:40,655] [enhance_semantic_masks.py:28] [INFO] /home/sweedal/FoodSAM/results/segmentations/dish_1562010315/sam_mask/115 assign label: [ 103, other ingredients, 0.80, 0.0040 ]
[2025-07-23 22:10:40,656] [enhance_semantic_masks.py:28] [INFO] /home/sweedal/FoodSAM/results/segmentations/dish_1562010315/sam_mask/116 assign label: [ 103, other ingredients, 1.00, 0.0010 ]
[2025-07-23 22:10:40,673] [enhance_semantic_masks.py:28] [INFO] /home/sweedal/FoodSAM/results/segmentations/dish_1562172643/sam_mask/0 assign label: [ 0, background, 1.00, 0.1653 ]
[2025-07-23 22:10:40,686] [enhance_semantic_masks.py:28] [INFO] /home/sweedal/FoodSAM/results/segmentations/dish_1562172643/sam_mask/1 assign label: [ 0, background, 1.00, 0.1655 ]
[2025-07-23 22:10:40,709] [enhance_semantic_masks.py:28] [INFO] /home/sweedal/FoodSAM/results/segmentations/dish_1562172643/sam_mask/2 assign label: [ 0, background, 0.99, 0.2544 ]
[2025-07-23 22:10:40,717] [enhance_semantic_masks.py:28] [INFO] /home/sweedal/FoodSAM/results/segmentations/dish_1562172643/sam_mask/3 assign label: [ 50, fried meat, 1.00, 0.1094 ]
[2025-07-23 22:10:40,718] [enhance_semantic_masks.py:28] [INFO] /home/sweedal/FoodSAM/results/segmentations/dish_1562172643/sam_mask/4 assign label: [ 70, potato, 0.84, 0.0086 ]
[2025-07-23 22:10:40,718] [enhance_semantic_masks.py:28] [INFO] /home/sweedal/FoodSAM/results/segmentations/dish_1562172643/sam_mask/5 assign label: [ 0, background, 1.00, 0.0107 ]
[2025-07-23 22:10:40,728] [enhance_semantic_masks.py:28] [INFO] /home/sweedal/FoodSAM/results/segmentations/dish_1562172643/sam_mask/6 assign label: [ 70, potato, 0.96, 0.1211 ]
[2025-07-23 22:10:40,728] [enhance_semantic_masks.py:28] [INFO] /home/sweedal/FoodSAM/results/segmentations/dish_1562172643/sam_mask/7 assign label: [ 98, shiitake, 0.60, 0.0051 ]
[2025-07-23 22:10:40,729] [enhance_semantic_masks.py:28] [INFO] /home/sweedal/FoodSAM/results/segmentations/dish_1562172643/sam_mask/8 assign label: [ 50, fried meat, 0.94, 0.0061 ]
[2025-07-23 22:10:40,729] [enhance_semantic_masks.py:28] [INFO] /home/sweedal/FoodSAM/results/segmentations/dish_1562172643/sam_mask/9 assign label: [ 0, background, 1.00, 0.0026 ]
[2025-07-23 22:10:40,743] [enhance_semantic_masks.py:28] [INFO] /home/sweedal/FoodSAM/results/segmentations/dish_1562172643/sam_mask/10 assign label: [ 0, background, 1.00, 0.1748 ]
[2025-07-23 22:10:40,743] [enhance_semantic_masks.py:28] [INFO] /home/sweedal/FoodSAM/results/segmentations/dish_1562172643/sam_mask/11 assign label: [ 0, background, 1.00, 0.0010 ]
[2025-07-23 22:10:40,743] [enhance_semantic_masks.py:28] [INFO] /home/sweedal/FoodSAM/results/segmentations/dish_1562172643/sam_mask/12 assign label: [ 0, background, 0.89, 0.0012 ]
[2025-07-23 22:10:40,744] [enhance_semantic_masks.py:28] [INFO] /home/sweedal/FoodSAM/results/segmentations/dish_1562172643/sam_mask/13 assign label: [ 0, background, 0.93, 0.0013 ]
[2025-07-23 22:10:40,744] [enhance_semantic_masks.py:28] [INFO] /home/sweedal/FoodSAM/results/segmentations/dish_1562172643/sam_mask/14 assign label: [ 50, fried meat, 1.00, 0.0060 ]
[2025-07-23 22:10:40,744] [enhance_semantic_masks.py:28] [INFO] /home/sweedal/FoodSAM/results/segmentations/dish_1562172643/sam_mask/15 assign label: [ 70, potato, 1.00, 0.0027 ]
[2025-07-23 22:10:40,745] [enhance_semantic_masks.py:28] [INFO] /home/sweedal/FoodSAM/results/segmentations/dish_1562172643/sam_mask/16 assign label: [ 98, shiitake, 0.73, 0.0067 ]
[2025-07-23 22:10:40,745] [enhance_semantic_masks.py:28] [INFO] /home/sweedal/FoodSAM/results/segmentations/dish_1562172643/sam_mask/17 assign label: [ 0, background, 1.00, 0.0044 ]
[2025-07-23 22:10:40,746] [enhance_semantic_masks.py:28] [INFO] /home/sweedal/FoodSAM/results/segmentations/dish_1562172643/sam_mask/18 assign label: [ 50, fried meat, 0.98, 0.0049 ]
[2025-07-23 22:10:40,746] [enhance_semantic_masks.py:28] [INFO] /home/sweedal/FoodSAM/results/segmentations/dish_1562172643/sam_mask/19 assign label: [ 0, background, 1.00, 0.0009 ]
[2025-07-23 22:10:40,747] [enhance_semantic_masks.py:28] [INFO] /home/sweedal/FoodSAM/results/segmentations/dish_1562172643/sam_mask/20 assign label: [ 70, potato, 0.56, 0.0112 ]
[2025-07-23 22:10:40,747] [enhance_semantic_masks.py:28] [INFO] /home/sweedal/FoodSAM/results/segmentations/dish_1562172643/sam_mask/21 assign label: [ 0, background, 1.00, 0.0022 ]
[2025-07-23 22:10:40,748] [enhance_semantic_masks.py:28] [INFO] /home/sweedal/FoodSAM/results/segmentations/dish_1562172643/sam_mask/22 assign label: [ 70, potato, 1.00, 0.0018 ]
[2025-07-23 22:10:40,748] [enhance_semantic_masks.py:28] [INFO] /home/sweedal/FoodSAM/results/segmentations/dish_1562172643/sam_mask/23 assign label: [ 70, potato, 1.00, 0.0024 ]
[2025-07-23 22:10:40,748] [enhance_semantic_masks.py:28] [INFO] /home/sweedal/FoodSAM/results/segmentations/dish_1562172643/sam_mask/24 assign label: [ 0, background, 1.00, 0.0011 ]
[2025-07-23 22:10:40,749] [enhance_semantic_masks.py:28] [INFO] /home/sweedal/FoodSAM/results/segmentations/dish_1562172643/sam_mask/25 assign label: [ 70, potato, 0.97, 0.0040 ]
[2025-07-23 22:10:40,749] [enhance_semantic_masks.py:28] [INFO] /home/sweedal/FoodSAM/results/segmentations/dish_1562172643/sam_mask/26 assign label: [ 0, background, 0.95, 0.0064 ]
[2025-07-23 22:10:40,749] [enhance_semantic_masks.py:28] [INFO] /home/sweedal/FoodSAM/results/segmentations/dish_1562172643/sam_mask/27 assign label: [ 50, fried meat, 1.00, 0.0017 ]
[2025-07-23 22:10:40,750] [enhance_semantic_masks.py:28] [INFO] /home/sweedal/FoodSAM/results/segmentations/dish_1562172643/sam_mask/28 assign label: [ 70, potato, 1.00, 0.0041 ]
[2025-07-23 22:10:40,750] [enhance_semantic_masks.py:28] [INFO] /home/sweedal/FoodSAM/results/segmentations/dish_1562172643/sam_mask/29 assign label: [ 70, potato, 1.00, 0.0021 ]
[2025-07-23 22:10:40,750] [enhance_semantic_masks.py:28] [INFO] /home/sweedal/FoodSAM/results/segmentations/dish_1562172643/sam_mask/30 assign label: [ 50, fried meat, 1.00, 0.0048 ]
[2025-07-23 22:10:40,751] [enhance_semantic_masks.py:28] [INFO] /home/sweedal/FoodSAM/results/segmentations/dish_1562172643/sam_mask/31 assign label: [ 0, background, 1.00, 0.0108 ]
[2025-07-23 22:10:40,753] [enhance_semantic_masks.py:28] [INFO] /home/sweedal/FoodSAM/results/segmentations/dish_1562172643/sam_mask/32 assign label: [ 70, potato, 0.88, 0.0224 ]
[2025-07-23 22:10:40,753] [enhance_semantic_masks.py:28] [INFO] /home/sweedal/FoodSAM/results/segmentations/dish_1562172643/sam_mask/33 assign label: [ 70, potato, 1.00, 0.0023 ]
[2025-07-23 22:10:40,754] [enhance_semantic_masks.py:28] [INFO] /home/sweedal/FoodSAM/results/segmentations/dish_1562172643/sam_mask/34 assign label: [ 0, background, 1.00, 0.0018 ]
[2025-07-23 22:10:40,773] [enhance_semantic_masks.py:28] [INFO] /home/sweedal/FoodSAM/results/segmentations/dish_1562172643/sam_mask/35 assign label: [ 50, fried meat, 0.84, 0.2240 ]
[2025-07-23 22:10:40,773] [enhance_semantic_masks.py:28] [INFO] /home/sweedal/FoodSAM/results/segmentations/dish_1562172643/sam_mask/36 assign label: [ 70, potato, 0.97, 0.0013 ]
[2025-07-23 22:10:40,774] [enhance_semantic_masks.py:28] [INFO] /home/sweedal/FoodSAM/results/segmentations/dish_1562172643/sam_mask/37 assign label: [ 0, background, 1.00, 0.0095 ]
[2025-07-23 22:10:40,774] [enhance_semantic_masks.py:28] [INFO] /home/sweedal/FoodSAM/results/segmentations/dish_1562172643/sam_mask/38 assign label: [ 70, potato, 1.00, 0.0018 ]
[2025-07-23 22:10:40,774] [enhance_semantic_masks.py:28] [INFO] /home/sweedal/FoodSAM/results/segmentations/dish_1562172643/sam_mask/39 assign label: [ 50, fried meat, 0.53, 0.0036 ]
[2025-07-23 22:10:40,775] [enhance_semantic_masks.py:28] [INFO] /home/sweedal/FoodSAM/results/segmentations/dish_1562172643/sam_mask/40 assign label: [ 50, fried meat, 1.00, 0.0013 ]
[2025-07-23 22:10:40,775] [enhance_semantic_masks.py:28] [INFO] /home/sweedal/FoodSAM/results/segmentations/dish_1562172643/sam_mask/41 assign label: [ 50, fried meat, 1.00, 0.0034 ]
[2025-07-23 22:10:40,776] [enhance_semantic_masks.py:28] [INFO] /home/sweedal/FoodSAM/results/segmentations/dish_1562172643/sam_mask/42 assign label: [ 50, fried meat, 0.51, 0.0048 ]
[2025-07-23 22:10:40,776] [enhance_semantic_masks.py:28] [INFO] /home/sweedal/FoodSAM/results/segmentations/dish_1562172643/sam_mask/43 assign label: [ 50, fried meat, 0.93, 0.0027 ]
[2025-07-23 22:10:40,776] [enhance_semantic_masks.py:28] [INFO] /home/sweedal/FoodSAM/results/segmentations/dish_1562172643/sam_mask/44 assign label: [ 70, potato, 0.82, 0.0008 ]
[2025-07-23 22:10:40,776] [enhance_semantic_masks.py:28] [INFO] /home/sweedal/FoodSAM/results/segmentations/dish_1562172643/sam_mask/45 assign label: [ 50, fried meat, 0.46, 0.0019 ]
[2025-07-23 22:10:40,777] [enhance_semantic_masks.py:28] [INFO] /home/sweedal/FoodSAM/results/segmentations/dish_1562172643/sam_mask/46 assign label: [ 70, potato, 0.50, 0.0026 ]
[2025-07-23 22:10:40,777] [enhance_semantic_masks.py:28] [INFO] /home/sweedal/FoodSAM/results/segmentations/dish_1562172643/sam_mask/47 assign label: [ 70, potato, 0.40, 0.0019 ]
[2025-07-23 22:10:40,777] [enhance_semantic_masks.py:28] [INFO] /home/sweedal/FoodSAM/results/segmentations/dish_1562172643/sam_mask/48 assign label: [ 0, background, 1.00, 0.0051 ]
[2025-07-23 22:10:40,778] [enhance_semantic_masks.py:28] [INFO] /home/sweedal/FoodSAM/results/segmentations/dish_1562172643/sam_mask/49 assign label: [ 50, fried meat, 0.99, 0.0063 ]
[2025-07-23 22:10:40,778] [enhance_semantic_masks.py:28] [INFO] /home/sweedal/FoodSAM/results/segmentations/dish_1562172643/sam_mask/50 assign label: [ 50, fried meat, 0.96, 0.0016 ]
[2025-07-23 22:10:40,778] [enhance_semantic_masks.py:28] [INFO] /home/sweedal/FoodSAM/results/segmentations/dish_1562172643/sam_mask/51 assign label: [ 50, fried meat, 0.98, 0.0017 ]
[2025-07-23 22:10:40,779] [enhance_semantic_masks.py:28] [INFO] /home/sweedal/FoodSAM/results/segmentations/dish_1562172643/sam_mask/52 assign label: [ 0, background, 1.00, 0.0013 ]
[2025-07-23 22:10:40,779] [enhance_semantic_masks.py:28] [INFO] /home/sweedal/FoodSAM/results/segmentations/dish_1562172643/sam_mask/53 assign label: [ 70, potato, 1.00, 0.0027 ]
[2025-07-23 22:10:40,779] [enhance_semantic_masks.py:28] [INFO] /home/sweedal/FoodSAM/results/segmentations/dish_1562172643/sam_mask/54 assign label: [ 50, fried meat, 1.00, 0.0012 ]
[2025-07-23 22:10:40,780] [enhance_semantic_masks.py:28] [INFO] /home/sweedal/FoodSAM/results/segmentations/dish_1562172643/sam_mask/55 assign label: [ 50, fried meat, 0.71, 0.0028 ]
[2025-07-23 22:10:40,780] [enhance_semantic_masks.py:28] [INFO] /home/sweedal/FoodSAM/results/segmentations/dish_1562172643/sam_mask/56 assign label: [ 70, potato, 1.00, 0.0018 ]
[2025-07-23 22:10:40,780] [enhance_semantic_masks.py:28] [INFO] /home/sweedal/FoodSAM/results/segmentations/dish_1562172643/sam_mask/57 assign label: [ 50, fried meat, 1.00, 0.0023 ]
[2025-07-23 22:10:40,781] [enhance_semantic_masks.py:28] [INFO] /home/sweedal/FoodSAM/results/segmentations/dish_1562172643/sam_mask/58 assign label: [ 0, background, 1.00, 0.0110 ]
[2025-07-23 22:10:40,782] [enhance_semantic_masks.py:28] [INFO] /home/sweedal/FoodSAM/results/segmentations/dish_1562172643/sam_mask/59 assign label: [ 50, fried meat, 0.99, 0.0201 ]
[2025-07-23 22:10:40,786] [enhance_semantic_masks.py:28] [INFO] /home/sweedal/FoodSAM/results/segmentations/dish_1562172643/sam_mask/60 assign label: [ 0, background, 1.00, 0.0489 ]
[2025-07-23 22:10:40,787] [enhance_semantic_masks.py:28] [INFO] /home/sweedal/FoodSAM/results/segmentations/dish_1562172643/sam_mask/61 assign label: [ 70, potato, 0.56, 0.0114 ]
[2025-07-23 22:10:40,787] [enhance_semantic_masks.py:28] [INFO] /home/sweedal/FoodSAM/results/segmentations/dish_1562172643/sam_mask/62 assign label: [ 50, fried meat, 0.98, 0.0045 ]
[2025-07-23 22:10:40,787] [enhance_semantic_masks.py:28] [INFO] /home/sweedal/FoodSAM/results/segmentations/dish_1562172643/sam_mask/63 assign label: [ 50, fried meat, 1.00, 0.0011 ]
[2025-07-23 22:10:40,788] [enhance_semantic_masks.py:28] [INFO] /home/sweedal/FoodSAM/results/segmentations/dish_1562172643/sam_mask/64 assign label: [ 50, fried meat, 1.00, 0.0027 ]
[2025-07-23 22:10:40,788] [enhance_semantic_masks.py:28] [INFO] /home/sweedal/FoodSAM/results/segmentations/dish_1562172643/sam_mask/65 assign label: [ 70, potato, 0.84, 0.0088 ]
[2025-07-23 22:10:40,792] [enhance_semantic_masks.py:28] [INFO] /home/sweedal/FoodSAM/results/segmentations/dish_1562172643/sam_mask/66 assign label: [ 0, background, 1.00, 0.0489 ]
[2025-07-23 22:10:40,793] [enhance_semantic_masks.py:28] [INFO] /home/sweedal/FoodSAM/results/segmentations/dish_1562172643/sam_mask/67 assign label: [ 98, shiitake, 0.64, 0.0108 ]
[2025-07-23 22:10:40,793] [enhance_semantic_masks.py:28] [INFO] /home/sweedal/FoodSAM/results/segmentations/dish_1562172643/sam_mask/68 assign label: [ 70, potato, 1.00, 0.0006 ]
[2025-07-23 22:10:40,797] [enhance_semantic_masks.py:28] [INFO] /home/sweedal/FoodSAM/results/segmentations/dish_1562172643/sam_mask/69 assign label: [ 0, background, 1.00, 0.0541 ]
[2025-07-23 22:10:40,797] [enhance_semantic_masks.py:28] [INFO] /home/sweedal/FoodSAM/results/segmentations/dish_1562172643/sam_mask/70 assign label: [ 0, background, 1.00, 0.0006 ]
[2025-07-23 22:10:40,797] [enhance_semantic_masks.py:28] [INFO] /home/sweedal/FoodSAM/results/segmentations/dish_1562172643/sam_mask/71 assign label: [ 0, background, 1.00, 0.0002 ]
[2025-07-23 22:10:40,798] [enhance_semantic_masks.py:28] [INFO] /home/sweedal/FoodSAM/results/segmentations/dish_1562172643/sam_mask/72 assign label: [ 50, fried meat, 0.98, 0.0038 ]
[2025-07-23 22:10:40,798] [enhance_semantic_masks.py:28] [INFO] /home/sweedal/FoodSAM/results/segmentations/dish_1562172643/sam_mask/73 assign label: [ 0, background, 0.97, 0.0112 ]
[2025-07-23 22:10:40,799] [enhance_semantic_masks.py:28] [INFO] /home/sweedal/FoodSAM/results/segmentations/dish_1562172643/sam_mask/74 assign label: [ 70, potato, 0.93, 0.0011 ]
[2025-07-23 22:10:40,799] [enhance_semantic_masks.py:28] [INFO] /home/sweedal/FoodSAM/results/segmentations/dish_1562172643/sam_mask/75 assign label: [ 0, background, 1.00, 0.0006 ]
[2025-07-23 22:10:40,813] [enhance_semantic_masks.py:28] [INFO] /home/sweedal/FoodSAM/results/segmentations/dish_1565640601/sam_mask/0 assign label: [ 0, background, 1.00, 0.0967 ]
[2025-07-23 22:10:40,835] [enhance_semantic_masks.py:28] [INFO] /home/sweedal/FoodSAM/results/segmentations/dish_1565640601/sam_mask/1 assign label: [ 0, background, 0.99, 0.2608 ]
[2025-07-23 22:10:40,838] [enhance_semantic_masks.py:28] [INFO] /home/sweedal/FoodSAM/results/segmentations/dish_1565640601/sam_mask/2 assign label: [ 0, background, 0.98, 0.0416 ]
[2025-07-23 22:10:40,841] [enhance_semantic_masks.py:28] [INFO] /home/sweedal/FoodSAM/results/segmentations/dish_1565640601/sam_mask/3 assign label: [ 0, background, 1.00, 0.0353 ]
[2025-07-23 22:10:40,848] [enhance_semantic_masks.py:28] [INFO] /home/sweedal/FoodSAM/results/segmentations/dish_1565640601/sam_mask/4 assign label: [ 0, background, 1.00, 0.0973 ]
[2025-07-23 22:10:40,849] [enhance_semantic_masks.py:28] [INFO] /home/sweedal/FoodSAM/results/segmentations/dish_1565640601/sam_mask/5 assign label: [ 103, other ingredients, 0.85, 0.0129 ]
[2025-07-23 22:10:40,850] [enhance_semantic_masks.py:28] [INFO] /home/sweedal/FoodSAM/results/segmentations/dish_1565640601/sam_mask/6 assign label: [ 80, lettuce, 0.57, 0.0085 ]
[2025-07-23 22:10:40,850] [enhance_semantic_masks.py:28] [INFO] /home/sweedal/FoodSAM/results/segmentations/dish_1565640601/sam_mask/7 assign label: [ 47, pork, 1.00, 0.0098 ]
[2025-07-23 22:10:40,851] [enhance_semantic_masks.py:28] [INFO] /home/sweedal/FoodSAM/results/segmentations/dish_1565640601/sam_mask/8 assign label: [ 80, lettuce, 0.51, 0.0046 ]
[2025-07-23 22:10:40,851] [enhance_semantic_masks.py:28] [INFO] /home/sweedal/FoodSAM/results/segmentations/dish_1565640601/sam_mask/9 assign label: [ 89, cilantro mint, 1.00, 0.0065 ]
[2025-07-23 22:10:40,852] [enhance_semantic_masks.py:28] [INFO] /home/sweedal/FoodSAM/results/segmentations/dish_1565640601/sam_mask/10 assign label: [ 80, lettuce, 0.79, 0.0022 ]
[2025-07-23 22:10:40,852] [enhance_semantic_masks.py:28] [INFO] /home/sweedal/FoodSAM/results/segmentations/dish_1565640601/sam_mask/11 assign label: [ 0, background, 1.00, 0.0009 ]
[2025-07-23 22:10:40,852] [enhance_semantic_masks.py:28] [INFO] /home/sweedal/FoodSAM/results/segmentations/dish_1565640601/sam_mask/12 assign label: [ 89, cilantro mint, 0.95, 0.0012 ]
[2025-07-23 22:10:40,855] [enhance_semantic_masks.py:28] [INFO] /home/sweedal/FoodSAM/results/segmentations/dish_1565640601/sam_mask/13 assign label: [ 0, background, 1.00, 0.0348 ]
[2025-07-23 22:10:40,857] [enhance_semantic_masks.py:28] [INFO] /home/sweedal/FoodSAM/results/segmentations/dish_1565640601/sam_mask/14 assign label: [ 0, background, 1.00, 0.0348 ]
[2025-07-23 22:10:40,858] [enhance_semantic_masks.py:28] [INFO] /home/sweedal/FoodSAM/results/segmentations/dish_1565640601/sam_mask/15 assign label: [ 80, lettuce, 1.00, 0.0033 ]
[2025-07-23 22:10:40,858] [enhance_semantic_masks.py:28] [INFO] /home/sweedal/FoodSAM/results/segmentations/dish_1565640601/sam_mask/16 assign label: [ 82, cucumber, 0.94, 0.0030 ]
[2025-07-23 22:10:40,858] [enhance_semantic_masks.py:28] [INFO] /home/sweedal/FoodSAM/results/segmentations/dish_1565640601/sam_mask/17 assign label: [ 0, background, 1.00, 0.0010 ]
[2025-07-23 22:10:40,859] [enhance_semantic_masks.py:28] [INFO] /home/sweedal/FoodSAM/results/segmentations/dish_1565640601/sam_mask/18 assign label: [ 89, cilantro mint, 1.00, 0.0133 ]
[2025-07-23 22:10:40,859] [enhance_semantic_masks.py:28] [INFO] /home/sweedal/FoodSAM/results/segmentations/dish_1565640601/sam_mask/19 assign label: [ 89, cilantro mint, 0.82, 0.0008 ]
[2025-07-23 22:10:40,860] [enhance_semantic_masks.py:28] [INFO] /home/sweedal/FoodSAM/results/segmentations/dish_1565640601/sam_mask/20 assign label: [ 0, background, 1.00, 0.0013 ]
[2025-07-23 22:10:40,860] [enhance_semantic_masks.py:28] [INFO] /home/sweedal/FoodSAM/results/segmentations/dish_1565640601/sam_mask/21 assign label: [ 89, cilantro mint, 1.00, 0.0075 ]
[2025-07-23 22:10:40,861] [enhance_semantic_masks.py:28] [INFO] /home/sweedal/FoodSAM/results/segmentations/dish_1565640601/sam_mask/22 assign label: [ 80, lettuce, 1.00, 0.0103 ]
[2025-07-23 22:10:40,862] [enhance_semantic_masks.py:28] [INFO] /home/sweedal/FoodSAM/results/segmentations/dish_1565640601/sam_mask/23 assign label: [ 89, cilantro mint, 0.68, 0.0074 ]
[2025-07-23 22:10:40,862] [enhance_semantic_masks.py:28] [INFO] /home/sweedal/FoodSAM/results/segmentations/dish_1565640601/sam_mask/24 assign label: [ 80, lettuce, 1.00, 0.0008 ]
[2025-07-23 22:10:40,862] [enhance_semantic_masks.py:28] [INFO] /home/sweedal/FoodSAM/results/segmentations/dish_1565640601/sam_mask/25 assign label: [ 0, background, 1.00, 0.0017 ]
[2025-07-23 22:10:40,862] [enhance_semantic_masks.py:28] [INFO] /home/sweedal/FoodSAM/results/segmentations/dish_1565640601/sam_mask/26 assign label: [ 89, cilantro mint, 0.97, 0.0018 ]
[2025-07-23 22:10:40,863] [enhance_semantic_masks.py:28] [INFO] /home/sweedal/FoodSAM/results/segmentations/dish_1565640601/sam_mask/27 assign label: [ 47, pork, 0.72, 0.0021 ]
[2025-07-23 22:10:40,863] [enhance_semantic_masks.py:28] [INFO] /home/sweedal/FoodSAM/results/segmentations/dish_1565640601/sam_mask/28 assign label: [ 103, other ingredients, 0.41, 0.0085 ]
[2025-07-23 22:10:40,864] [enhance_semantic_masks.py:28] [INFO] /home/sweedal/FoodSAM/results/segmentations/dish_1565640601/sam_mask/29 assign label: [ 80, lettuce, 0.99, 0.0066 ]
[2025-07-23 22:10:40,864] [enhance_semantic_masks.py:28] [INFO] /home/sweedal/FoodSAM/results/segmentations/dish_1565640601/sam_mask/30 assign label: [ 77, rape, 0.56, 0.0007 ]
[2025-07-23 22:10:40,865] [enhance_semantic_masks.py:28] [INFO] /home/sweedal/FoodSAM/results/segmentations/dish_1565640601/sam_mask/31 assign label: [ 89, cilantro mint, 0.99, 0.0095 ]
[2025-07-23 22:10:40,865] [enhance_semantic_masks.py:28] [INFO] /home/sweedal/FoodSAM/results/segmentations/dish_1565640601/sam_mask/32 assign label: [ 77, rape, 0.74, 0.0022 ]
[2025-07-23 22:10:40,866] [enhance_semantic_masks.py:28] [INFO] /home/sweedal/FoodSAM/results/segmentations/dish_1565640601/sam_mask/33 assign label: [ 82, cucumber, 0.94, 0.0058 ]
[2025-07-23 22:10:40,866] [enhance_semantic_masks.py:28] [INFO] /home/sweedal/FoodSAM/results/segmentations/dish_1565640601/sam_mask/34 assign label: [ 80, lettuce, 0.92, 0.0073 ]
[2025-07-23 22:10:40,866] [enhance_semantic_masks.py:28] [INFO] /home/sweedal/FoodSAM/results/segmentations/dish_1565640601/sam_mask/35 assign label: [ 80, lettuce, 1.00, 0.0015 ]
[2025-07-23 22:10:40,867] [enhance_semantic_masks.py:28] [INFO] /home/sweedal/FoodSAM/results/segmentations/dish_1565640601/sam_mask/36 assign label: [ 0, background, 1.00, 0.0008 ]
[2025-07-23 22:10:40,867] [enhance_semantic_masks.py:28] [INFO] /home/sweedal/FoodSAM/results/segmentations/dish_1565640601/sam_mask/37 assign label: [ 80, lettuce, 0.64, 0.0020 ]
[2025-07-23 22:10:40,867] [enhance_semantic_masks.py:28] [INFO] /home/sweedal/FoodSAM/results/segmentations/dish_1565640601/sam_mask/38 assign label: [ 89, cilantro mint, 0.97, 0.0024 ]
[2025-07-23 22:10:40,867] [enhance_semantic_masks.py:28] [INFO] /home/sweedal/FoodSAM/results/segmentations/dish_1565640601/sam_mask/39 assign label: [ 89, cilantro mint, 0.77, 0.0014 ]
[2025-07-23 22:10:40,868] [enhance_semantic_masks.py:28] [INFO] /home/sweedal/FoodSAM/results/segmentations/dish_1565640601/sam_mask/40 assign label: [ 47, pork, 1.00, 0.0116 ]
[2025-07-23 22:10:40,869] [enhance_semantic_masks.py:28] [INFO] /home/sweedal/FoodSAM/results/segmentations/dish_1565640601/sam_mask/41 assign label: [ 47, pork, 1.00, 0.0047 ]
[2025-07-23 22:10:40,870] [enhance_semantic_masks.py:28] [INFO] /home/sweedal/FoodSAM/results/segmentations/dish_1565640601/sam_mask/42 assign label: [ 0, background, 1.00, 0.0147 ]
[2025-07-23 22:10:40,870] [enhance_semantic_masks.py:28] [INFO] /home/sweedal/FoodSAM/results/segmentations/dish_1565640601/sam_mask/43 assign label: [ 47, pork, 0.53, 0.0014 ]
[2025-07-23 22:10:40,870] [enhance_semantic_masks.py:28] [INFO] /home/sweedal/FoodSAM/results/segmentations/dish_1565640601/sam_mask/44 assign label: [ 0, background, 0.96, 0.0012 ]
[2025-07-23 22:10:40,871] [enhance_semantic_masks.py:28] [INFO] /home/sweedal/FoodSAM/results/segmentations/dish_1565640601/sam_mask/45 assign label: [ 89, cilantro mint, 1.00, 0.0085 ]
[2025-07-23 22:10:40,871] [enhance_semantic_masks.py:28] [INFO] /home/sweedal/FoodSAM/results/segmentations/dish_1565640601/sam_mask/46 assign label: [ 89, cilantro mint, 1.00, 0.0020 ]
[2025-07-23 22:10:40,871] [enhance_semantic_masks.py:28] [INFO] /home/sweedal/FoodSAM/results/segmentations/dish_1565640601/sam_mask/47 assign label: [ 47, pork, 0.59, 0.0005 ]
[2025-07-23 22:10:40,873] [enhance_semantic_masks.py:28] [INFO] /home/sweedal/FoodSAM/results/segmentations/dish_1565640601/sam_mask/48 assign label: [ 80, lettuce, 1.00, 0.0170 ]
[2025-07-23 22:10:40,873] [enhance_semantic_masks.py:28] [INFO] /home/sweedal/FoodSAM/results/segmentations/dish_1565640601/sam_mask/49 assign label: [ 80, lettuce, 0.47, 0.0046 ]
[2025-07-23 22:10:40,874] [enhance_semantic_masks.py:28] [INFO] /home/sweedal/FoodSAM/results/segmentations/dish_1565640601/sam_mask/50 assign label: [ 47, pork, 1.00, 0.0099 ]
[2025-07-23 22:10:40,875] [enhance_semantic_masks.py:28] [INFO] /home/sweedal/FoodSAM/results/segmentations/dish_1565640601/sam_mask/51 assign label: [ 80, lettuce, 1.00, 0.0140 ]
[2025-07-23 22:10:40,875] [enhance_semantic_masks.py:28] [INFO] /home/sweedal/FoodSAM/results/segmentations/dish_1565640601/sam_mask/52 assign label: [ 89, cilantro mint, 0.94, 0.0012 ]
[2025-07-23 22:10:40,875] [enhance_semantic_masks.py:28] [INFO] /home/sweedal/FoodSAM/results/segmentations/dish_1565640601/sam_mask/53 assign label: [ 89, cilantro mint, 1.00, 0.0012 ]
[2025-07-23 22:10:40,876] [enhance_semantic_masks.py:28] [INFO] /home/sweedal/FoodSAM/results/segmentations/dish_1565640601/sam_mask/54 assign label: [ 0, background, 1.00, 0.0023 ]
[2025-07-23 22:10:40,876] [enhance_semantic_masks.py:28] [INFO] /home/sweedal/FoodSAM/results/segmentations/dish_1565640601/sam_mask/55 assign label: [ 0, background, 1.00, 0.0031 ]
[2025-07-23 22:10:40,877] [enhance_semantic_masks.py:28] [INFO] /home/sweedal/FoodSAM/results/segmentations/dish_1565640601/sam_mask/56 assign label: [ 47, pork, 1.00, 0.0050 ]
[2025-07-23 22:10:40,877] [enhance_semantic_masks.py:28] [INFO] /home/sweedal/FoodSAM/results/segmentations/dish_1565640601/sam_mask/57 assign label: [ 89, cilantro mint, 1.00, 0.0016 ]
[2025-07-23 22:10:40,877] [enhance_semantic_masks.py:28] [INFO] /home/sweedal/FoodSAM/results/segmentations/dish_1565640601/sam_mask/58 assign label: [ 0, background, 0.56, 0.0009 ]
[2025-07-23 22:10:40,877] [enhance_semantic_masks.py:28] [INFO] /home/sweedal/FoodSAM/results/segmentations/dish_1565640601/sam_mask/59 assign label: [ 0, background, 0.75, 0.0014 ]
[2025-07-23 22:10:40,878] [enhance_semantic_masks.py:28] [INFO] /home/sweedal/FoodSAM/results/segmentations/dish_1565640601/sam_mask/60 assign label: [ 80, lettuce, 0.98, 0.0020 ]
[2025-07-23 22:10:40,878] [enhance_semantic_masks.py:28] [INFO] /home/sweedal/FoodSAM/results/segmentations/dish_1565640601/sam_mask/61 assign label: [ 0, background, 1.00, 0.0019 ]
[2025-07-23 22:10:40,878] [enhance_semantic_masks.py:28] [INFO] /home/sweedal/FoodSAM/results/segmentations/dish_1565640601/sam_mask/62 assign label: [ 77, rape, 0.71, 0.0064 ]
[2025-07-23 22:10:40,879] [enhance_semantic_masks.py:28] [INFO] /home/sweedal/FoodSAM/results/segmentations/dish_1565640601/sam_mask/63 assign label: [ 0, background, 1.00, 0.0005 ]
[2025-07-23 22:10:40,879] [enhance_semantic_masks.py:28] [INFO] /home/sweedal/FoodSAM/results/segmentations/dish_1565640601/sam_mask/64 assign label: [ 89, cilantro mint, 0.99, 0.0046 ]
[2025-07-23 22:10:40,879] [enhance_semantic_masks.py:28] [INFO] /home/sweedal/FoodSAM/results/segmentations/dish_1565640601/sam_mask/65 assign label: [ 89, cilantro mint, 1.00, 0.0012 ]
[2025-07-23 22:10:40,879] [enhance_semantic_masks.py:28] [INFO] /home/sweedal/FoodSAM/results/segmentations/dish_1565640601/sam_mask/66 assign label: [ 89, cilantro mint, 0.48, 0.0012 ]
[2025-07-23 22:10:40,880] [enhance_semantic_masks.py:28] [INFO] /home/sweedal/FoodSAM/results/segmentations/dish_1565640601/sam_mask/67 assign label: [ 89, cilantro mint, 1.00, 0.0007 ]
[2025-07-23 22:10:40,880] [enhance_semantic_masks.py:28] [INFO] /home/sweedal/FoodSAM/results/segmentations/dish_1565640601/sam_mask/68 assign label: [ 89, cilantro mint, 1.00, 0.0006 ]
[2025-07-23 22:10:40,880] [enhance_semantic_masks.py:28] [INFO] /home/sweedal/FoodSAM/results/segmentations/dish_1565640601/sam_mask/69 assign label: [ 89, cilantro mint, 0.98, 0.0058 ]
[2025-07-23 22:10:40,881] [enhance_semantic_masks.py:28] [INFO] /home/sweedal/FoodSAM/results/segmentations/dish_1565640601/sam_mask/70 assign label: [ 77, rape, 0.97, 0.0018 ]
[2025-07-23 22:10:40,881] [enhance_semantic_masks.py:28] [INFO] /home/sweedal/FoodSAM/results/segmentations/dish_1565640601/sam_mask/71 assign label: [ 47, pork, 1.00, 0.0006 ]
[2025-07-23 22:10:40,881] [enhance_semantic_masks.py:28] [INFO] /home/sweedal/FoodSAM/results/segmentations/dish_1565640601/sam_mask/72 assign label: [ 0, background, 1.00, 0.0055 ]
[2025-07-23 22:10:40,882] [enhance_semantic_masks.py:28] [INFO] /home/sweedal/FoodSAM/results/segmentations/dish_1565640601/sam_mask/73 assign label: [ 80, lettuce, 0.84, 0.0146 ]
[2025-07-23 22:10:40,886] [enhance_semantic_masks.py:28] [INFO] /home/sweedal/FoodSAM/results/segmentations/dish_1565640601/sam_mask/74 assign label: [ 0, background, 1.00, 0.0482 ]
[2025-07-23 22:10:40,886] [enhance_semantic_masks.py:28] [INFO] /home/sweedal/FoodSAM/results/segmentations/dish_1565640601/sam_mask/75 assign label: [ 0, background, 0.61, 0.0018 ]
[2025-07-23 22:10:40,887] [enhance_semantic_masks.py:28] [INFO] /home/sweedal/FoodSAM/results/segmentations/dish_1565640601/sam_mask/76 assign label: [ 89, cilantro mint, 0.95, 0.0054 ]
[2025-07-23 22:10:40,887] [enhance_semantic_masks.py:28] [INFO] /home/sweedal/FoodSAM/results/segmentations/dish_1565640601/sam_mask/77 assign label: [ 89, cilantro mint, 1.00, 0.0018 ]
[2025-07-23 22:10:40,887] [enhance_semantic_masks.py:28] [INFO] /home/sweedal/FoodSAM/results/segmentations/dish_1565640601/sam_mask/78 assign label: [ 0, background, 1.00, 0.0002 ]
[2025-07-23 22:10:40,888] [enhance_semantic_masks.py:28] [INFO] /home/sweedal/FoodSAM/results/segmentations/dish_1565640601/sam_mask/79 assign label: [ 89, cilantro mint, 0.88, 0.0108 ]
[2025-07-23 22:10:40,888] [enhance_semantic_masks.py:28] [INFO] /home/sweedal/FoodSAM/results/segmentations/dish_1565640601/sam_mask/80 assign label: [ 89, cilantro mint, 1.00, 0.0015 ]
[2025-07-23 22:10:40,889] [enhance_semantic_masks.py:28] [INFO] /home/sweedal/FoodSAM/results/segmentations/dish_1565640601/sam_mask/81 assign label: [ 47, pork, 0.95, 0.0055 ]
[2025-07-23 22:10:40,889] [enhance_semantic_masks.py:28] [INFO] /home/sweedal/FoodSAM/results/segmentations/dish_1565640601/sam_mask/82 assign label: [ 89, cilantro mint, 0.46, 0.0015 ]
[2025-07-23 22:10:40,889] [enhance_semantic_masks.py:28] [INFO] /home/sweedal/FoodSAM/results/segmentations/dish_1565640601/sam_mask/83 assign label: [ 0, background, 1.00, 0.0003 ]
[2025-07-23 22:10:40,889] [enhance_semantic_masks.py:28] [INFO] /home/sweedal/FoodSAM/results/segmentations/dish_1565640601/sam_mask/84 assign label: [ 80, lettuce, 0.74, 0.0008 ]
[2025-07-23 22:10:40,890] [enhance_semantic_masks.py:28] [INFO] /home/sweedal/FoodSAM/results/segmentations/dish_1565640601/sam_mask/85 assign label: [ 47, pork, 0.86, 0.0022 ]
[2025-07-23 22:10:40,890] [enhance_semantic_masks.py:28] [INFO] /home/sweedal/FoodSAM/results/segmentations/dish_1565640601/sam_mask/86 assign label: [ 89, cilantro mint, 0.65, 0.0003 ]
[2025-07-23 22:10:40,891] [enhance_semantic_masks.py:28] [INFO] /home/sweedal/FoodSAM/results/segmentations/dish_1565640601/sam_mask/87 assign label: [ 82, cucumber, 0.93, 0.0089 ]
[2025-07-23 22:10:40,891] [enhance_semantic_masks.py:28] [INFO] /home/sweedal/FoodSAM/results/segmentations/dish_1565640601/sam_mask/88 assign label: [ 77, rape, 0.56, 0.0016 ]
[2025-07-23 22:10:40,891] [enhance_semantic_masks.py:28] [INFO] /home/sweedal/FoodSAM/results/segmentations/dish_1565640601/sam_mask/89 assign label: [ 47, pork, 0.96, 0.0029 ]
[2025-07-23 22:10:40,892] [enhance_semantic_masks.py:28] [INFO] /home/sweedal/FoodSAM/results/segmentations/dish_1565640601/sam_mask/90 assign label: [ 77, rape, 0.95, 0.0022 ]
[2025-07-23 22:10:40,892] [enhance_semantic_masks.py:28] [INFO] /home/sweedal/FoodSAM/results/segmentations/dish_1565640601/sam_mask/91 assign label: [ 0, background, 0.98, 0.0048 ]
[2025-07-23 22:10:40,892] [enhance_semantic_masks.py:28] [INFO] /home/sweedal/FoodSAM/results/segmentations/dish_1565640601/sam_mask/92 assign label: [ 89, cilantro mint, 0.64, 0.0023 ]
[2025-07-23 22:10:40,894] [enhance_semantic_masks.py:28] [INFO] /home/sweedal/FoodSAM/results/segmentations/dish_1565640601/sam_mask/93 assign label: [ 80, lettuce, 0.78, 0.0241 ]
[2025-07-23 22:10:40,894] [enhance_semantic_masks.py:28] [INFO] /home/sweedal/FoodSAM/results/segmentations/dish_1565640601/sam_mask/94 assign label: [ 89, cilantro mint, 0.68, 0.0012 ]
[2025-07-23 22:10:40,895] [enhance_semantic_masks.py:28] [INFO] /home/sweedal/FoodSAM/results/segmentations/dish_1565640601/sam_mask/95 assign label: [ 47, pork, 1.00, 0.0006 ]
[2025-07-23 22:10:40,895] [enhance_semantic_masks.py:28] [INFO] /home/sweedal/FoodSAM/results/segmentations/dish_1565640601/sam_mask/96 assign label: [ 89, cilantro mint, 0.96, 0.0073 ]
[2025-07-23 22:10:40,896] [enhance_semantic_masks.py:28] [INFO] /home/sweedal/FoodSAM/results/segmentations/dish_1565640601/sam_mask/97 assign label: [ 89, cilantro mint, 0.96, 0.0074 ]
[2025-07-23 22:10:40,896] [enhance_semantic_masks.py:28] [INFO] /home/sweedal/FoodSAM/results/segmentations/dish_1565640601/sam_mask/98 assign label: [ 47, pork, 0.57, 0.0019 ]
[2025-07-23 22:10:40,896] [enhance_semantic_masks.py:28] [INFO] /home/sweedal/FoodSAM/results/segmentations/dish_1565640601/sam_mask/99 assign label: [ 89, cilantro mint, 0.82, 0.0036 ]
[2025-07-23 22:10:40,897] [enhance_semantic_masks.py:28] [INFO] /home/sweedal/FoodSAM/results/segmentations/dish_1565640601/sam_mask/100 assign label: [ 82, cucumber, 0.95, 0.0087 ]
[2025-07-23 22:10:40,898] [enhance_semantic_masks.py:28] [INFO] /home/sweedal/FoodSAM/results/segmentations/dish_1565640601/sam_mask/101 assign label: [ 89, cilantro mint, 1.00, 0.0085 ]
[2025-07-23 22:10:40,898] [enhance_semantic_masks.py:28] [INFO] /home/sweedal/FoodSAM/results/segmentations/dish_1565640601/sam_mask/102 assign label: [ 47, pork, 0.93, 0.0004 ]
[2025-07-23 22:10:40,898] [enhance_semantic_masks.py:28] [INFO] /home/sweedal/FoodSAM/results/segmentations/dish_1565640601/sam_mask/103 assign label: [ 89, cilantro mint, 1.00, 0.0012 ]
[2025-07-23 22:10:40,898] [enhance_semantic_masks.py:28] [INFO] /home/sweedal/FoodSAM/results/segmentations/dish_1565640601/sam_mask/104 assign label: [ 89, cilantro mint, 1.00, 0.0011 ]
[2025-07-23 22:10:40,899] [enhance_semantic_masks.py:28] [INFO] /home/sweedal/FoodSAM/results/segmentations/dish_1565640601/sam_mask/105 assign label: [ 0, background, 0.66, 0.0017 ]
[2025-07-23 22:10:40,899] [enhance_semantic_masks.py:28] [INFO] /home/sweedal/FoodSAM/results/segmentations/dish_1565640601/sam_mask/106 assign label: [ 89, cilantro mint, 0.85, 0.0024 ]
[2025-07-23 22:10:40,899] [enhance_semantic_masks.py:28] [INFO] /home/sweedal/FoodSAM/results/segmentations/dish_1565640601/sam_mask/107 assign label: [ 89, cilantro mint, 1.00, 0.0005 ]
[2025-07-23 22:10:40,899] [enhance_semantic_masks.py:28] [INFO] /home/sweedal/FoodSAM/results/segmentations/dish_1565640601/sam_mask/108 assign label: [ 89, cilantro mint, 0.92, 0.0005 ]
[2025-07-23 22:10:40,930] [enhance_semantic_masks.py:28] [INFO] /home/sweedal/FoodSAM/results/segmentations/dish_1564589025/sam_mask/0 assign label: [ 0, background, 1.00, 0.3227 ]
[2025-07-23 22:10:40,944] [enhance_semantic_masks.py:28] [INFO] /home/sweedal/FoodSAM/results/segmentations/dish_1564589025/sam_mask/1 assign label: [ 0, background, 1.00, 0.1757 ]
[2025-07-23 22:10:40,958] [enhance_semantic_masks.py:28] [INFO] /home/sweedal/FoodSAM/results/segmentations/dish_1564589025/sam_mask/2 assign label: [ 0, background, 1.00, 0.1752 ]
[2025-07-23 22:10:40,976] [enhance_semantic_masks.py:28] [INFO] /home/sweedal/FoodSAM/results/segmentations/dish_1564589025/sam_mask/3 assign label: [ 0, background, 1.00, 0.2284 ]
[2025-07-23 22:10:40,991] [enhance_semantic_masks.py:28] [INFO] /home/sweedal/FoodSAM/results/segmentations/dish_1564589025/sam_mask/4 assign label: [ 0, background, 1.00, 0.1818 ]
[2025-07-23 22:10:40,992] [enhance_semantic_masks.py:28] [INFO] /home/sweedal/FoodSAM/results/segmentations/dish_1564589025/sam_mask/5 assign label: [ 0, background, 1.00, 0.0226 ]
[2025-07-23 22:10:40,993] [enhance_semantic_masks.py:28] [INFO] /home/sweedal/FoodSAM/results/segmentations/dish_1564589025/sam_mask/6 assign label: [ 0, background, 1.00, 0.0164 ]
[2025-07-23 22:10:40,994] [enhance_semantic_masks.py:28] [INFO] /home/sweedal/FoodSAM/results/segmentations/dish_1564589025/sam_mask/7 assign label: [ 70, potato, 1.00, 0.0071 ]
[2025-07-23 22:10:40,995] [enhance_semantic_masks.py:28] [INFO] /home/sweedal/FoodSAM/results/segmentations/dish_1564589025/sam_mask/8 assign label: [ 70, potato, 1.00, 0.0074 ]
[2025-07-23 22:10:40,997] [enhance_semantic_masks.py:28] [INFO] /home/sweedal/FoodSAM/results/segmentations/dish_1564589025/sam_mask/9 assign label: [ 0, background, 1.00, 0.0399 ]
[2025-07-23 22:10:40,998] [enhance_semantic_masks.py:28] [INFO] /home/sweedal/FoodSAM/results/segmentations/dish_1564589025/sam_mask/10 assign label: [ 70, potato, 1.00, 0.0067 ]
[2025-07-23 22:10:41,003] [enhance_semantic_masks.py:28] [INFO] /home/sweedal/FoodSAM/results/segmentations/dish_1564589025/sam_mask/11 assign label: [ 0, background, 1.00, 0.0620 ]
[2025-07-23 22:10:41,006] [enhance_semantic_masks.py:28] [INFO] /home/sweedal/FoodSAM/results/segmentations/dish_1564589025/sam_mask/12 assign label: [ 0, background, 1.00, 0.0406 ]
[2025-07-23 22:10:41,006] [enhance_semantic_masks.py:28] [INFO] /home/sweedal/FoodSAM/results/segmentations/dish_1564589025/sam_mask/13 assign label: [ 70, potato, 1.00, 0.0058 ]
[2025-07-23 22:10:41,024] [enhance_semantic_masks.py:28] [INFO] /home/sweedal/FoodSAM/results/segmentations/dish_1564589025/sam_mask/14 assign label: [ 0, background, 1.00, 0.2279 ]
[2025-07-23 22:10:41,025] [enhance_semantic_masks.py:28] [INFO] /home/sweedal/FoodSAM/results/segmentations/dish_1564589025/sam_mask/15 assign label: [ 0, background, 1.00, 0.0099 ]
[2025-07-23 22:10:41,026] [enhance_semantic_masks.py:28] [INFO] /home/sweedal/FoodSAM/results/segmentations/dish_1564589025/sam_mask/16 assign label: [ 0, background, 1.00, 0.0113 ]
[2025-07-23 22:10:41,026] [enhance_semantic_masks.py:28] [INFO] /home/sweedal/FoodSAM/results/segmentations/dish_1564589025/sam_mask/17 assign label: [ 0, background, 1.00, 0.0008 ]
[2025-07-23 22:10:41,030] [enhance_semantic_masks.py:28] [INFO] /home/sweedal/FoodSAM/results/segmentations/dish_1564589025/sam_mask/18 assign label: [ 0, background, 1.00, 0.0565 ]
[2025-07-23 22:10:41,030] [enhance_semantic_masks.py:28] [INFO] /home/sweedal/FoodSAM/results/segmentations/dish_1564589025/sam_mask/19 assign label: [ 0, background, 1.00, 0.0047 ]
[2025-07-23 22:10:41,031] [enhance_semantic_masks.py:28] [INFO] /home/sweedal/FoodSAM/results/segmentations/dish_1564589025/sam_mask/20 assign label: [ 0, background, 1.00, 0.0010 ]
[2025-07-23 22:10:41,031] [enhance_semantic_masks.py:28] [INFO] /home/sweedal/FoodSAM/results/segmentations/dish_1564589025/sam_mask/21 assign label: [ 70, potato, 1.00, 0.0075 ]
[2025-07-23 22:10:41,032] [enhance_semantic_masks.py:28] [INFO] /home/sweedal/FoodSAM/results/segmentations/dish_1564589025/sam_mask/22 assign label: [ 0, background, 1.00, 0.0053 ]
[2025-07-23 22:10:41,032] [enhance_semantic_masks.py:28] [INFO] /home/sweedal/FoodSAM/results/segmentations/dish_1564589025/sam_mask/23 assign label: [ 0, background, 1.00, 0.0022 ]
[2025-07-23 22:10:41,035] [enhance_semantic_masks.py:28] [INFO] /home/sweedal/FoodSAM/results/segmentations/dish_1564589025/sam_mask/24 assign label: [ 0, background, 1.00, 0.0436 ]
[2025-07-23 22:10:41,038] [enhance_semantic_masks.py:28] [INFO] /home/sweedal/FoodSAM/results/segmentations/dish_1564589025/sam_mask/25 assign label: [ 0, background, 1.00, 0.0435 ]
[2025-07-23 22:10:41,039] [enhance_semantic_masks.py:28] [INFO] /home/sweedal/FoodSAM/results/segmentations/dish_1564589025/sam_mask/26 assign label: [ 0, background, 1.00, 0.0007 ]
[2025-07-23 22:10:41,039] [enhance_semantic_masks.py:28] [INFO] /home/sweedal/FoodSAM/results/segmentations/dish_1564589025/sam_mask/27 assign label: [ 0, background, 1.00, 0.0038 ]
[2025-07-23 22:10:41,039] [enhance_semantic_masks.py:28] [INFO] /home/sweedal/FoodSAM/results/segmentations/dish_1564589025/sam_mask/28 assign label: [ 0, background, 1.00, 0.0016 ]
[2025-07-23 22:10:41,040] [enhance_semantic_masks.py:28] [INFO] /home/sweedal/FoodSAM/results/segmentations/dish_1564589025/sam_mask/29 assign label: [ 70, potato, 1.00, 0.0019 ]
[2025-07-23 22:10:41,040] [enhance_semantic_masks.py:28] [INFO] /home/sweedal/FoodSAM/results/segmentations/dish_1564589025/sam_mask/30 assign label: [ 0, background, 1.00, 0.0072 ]
[2025-07-23 22:10:41,041] [enhance_semantic_masks.py:28] [INFO] /home/sweedal/FoodSAM/results/segmentations/dish_1564589025/sam_mask/31 assign label: [ 70, potato, 1.00, 0.0135 ]
[2025-07-23 22:10:41,042] [enhance_semantic_masks.py:28] [INFO] /home/sweedal/FoodSAM/results/segmentations/dish_1564589025/sam_mask/32 assign label: [ 0, background, 1.00, 0.0030 ]
[2025-07-23 22:10:41,043] [enhance_semantic_masks.py:28] [INFO] /home/sweedal/FoodSAM/results/segmentations/dish_1564589025/sam_mask/33 assign label: [ 70, potato, 1.00, 0.0136 ]
[2025-07-23 22:10:41,043] [enhance_semantic_masks.py:28] [INFO] /home/sweedal/FoodSAM/results/segmentations/dish_1564589025/sam_mask/34 assign label: [ 0, background, 1.00, 0.0053 ]
[2025-07-23 22:10:41,043] [enhance_semantic_masks.py:28] [INFO] /home/sweedal/FoodSAM/results/segmentations/dish_1564589025/sam_mask/35 assign label: [ 0, background, 1.00, 0.0007 ]
[2025-07-23 22:10:41,044] [enhance_semantic_masks.py:28] [INFO] /home/sweedal/FoodSAM/results/segmentations/dish_1564589025/sam_mask/36 assign label: [ 70, potato, 1.00, 0.0135 ]
[2025-07-23 22:10:41,045] [enhance_semantic_masks.py:28] [INFO] /home/sweedal/FoodSAM/results/segmentations/dish_1564589025/sam_mask/37 assign label: [ 0, background, 1.00, 0.0014 ]
[2025-07-23 22:10:41,046] [enhance_semantic_masks.py:28] [INFO] /home/sweedal/FoodSAM/results/segmentations/dish_1564589025/sam_mask/38 assign label: [ 70, potato, 1.00, 0.0141 ]
[2025-07-23 22:10:41,046] [enhance_semantic_masks.py:28] [INFO] /home/sweedal/FoodSAM/results/segmentations/dish_1564589025/sam_mask/39 assign label: [ 0, background, 1.00, 0.0005 ]
[2025-07-23 22:10:41,046] [enhance_semantic_masks.py:28] [INFO] /home/sweedal/FoodSAM/results/segmentations/dish_1564589025/sam_mask/40 assign label: [ 0, background, 1.00, 0.0003 ]
[2025-07-23 22:10:41,049] [enhance_semantic_masks.py:28] [INFO] /home/sweedal/FoodSAM/results/segmentations/dish_1564589025/sam_mask/41 assign label: [ 70, potato, 1.00, 0.0351 ]
[2025-07-23 22:10:41,049] [enhance_semantic_masks.py:28] [INFO] /home/sweedal/FoodSAM/results/segmentations/dish_1564589025/sam_mask/42 assign label: [ 0, background, 1.00, 0.0007 ]
[2025-07-23 22:10:41,050] [enhance_semantic_masks.py:28] [INFO] /home/sweedal/FoodSAM/results/segmentations/dish_1564589025/sam_mask/43 assign label: [ 70, potato, 1.00, 0.0141 ]
[2025-07-23 22:10:41,068] [enhance_semantic_masks.py:28] [INFO] /home/sweedal/FoodSAM/results/segmentations/dish_1561148481/sam_mask/0 assign label: [ 0, background, 1.00, 0.1732 ]
[2025-07-23 22:10:41,081] [enhance_semantic_masks.py:28] [INFO] /home/sweedal/FoodSAM/results/segmentations/dish_1561148481/sam_mask/1 assign label: [ 0, background, 1.00, 0.1613 ]
[2025-07-23 22:10:41,085] [enhance_semantic_masks.py:28] [INFO] /home/sweedal/FoodSAM/results/segmentations/dish_1561148481/sam_mask/2 assign label: [ 61, pizza, 0.83, 0.0499 ]
[2025-07-23 22:10:41,085] [enhance_semantic_masks.py:28] [INFO] /home/sweedal/FoodSAM/results/segmentations/dish_1561148481/sam_mask/3 assign label: [ 0, background, 1.00, 0.0071 ]
[2025-07-23 22:10:41,086] [enhance_semantic_masks.py:28] [INFO] /home/sweedal/FoodSAM/results/segmentations/dish_1561148481/sam_mask/4 assign label: [ 82, cucumber, 0.65, 0.0058 ]
[2025-07-23 22:10:41,086] [enhance_semantic_masks.py:28] [INFO] /home/sweedal/FoodSAM/results/segmentations/dish_1561148481/sam_mask/5 assign label: [ 0, background, 1.00, 0.0095 ]
[2025-07-23 22:10:41,092] [enhance_semantic_masks.py:28] [INFO] /home/sweedal/FoodSAM/results/segmentations/dish_1561148481/sam_mask/6 assign label: [ 89, cilantro mint, 0.79, 0.0758 ]
[2025-07-23 22:10:41,095] [enhance_semantic_masks.py:28] [INFO] /home/sweedal/FoodSAM/results/segmentations/dish_1561148481/sam_mask/7 assign label: [ 0, background, 1.00, 0.0399 ]
[2025-07-23 22:10:41,096] [enhance_semantic_masks.py:28] [INFO] /home/sweedal/FoodSAM/results/segmentations/dish_1561148481/sam_mask/8 assign label: [ 0, background, 1.00, 0.0072 ]
[2025-07-23 22:10:41,097] [enhance_semantic_masks.py:28] [INFO] /home/sweedal/FoodSAM/results/segmentations/dish_1561148481/sam_mask/9 assign label: [ 67, pie, 0.99, 0.0260 ]
[2025-07-23 22:10:41,098] [enhance_semantic_masks.py:28] [INFO] /home/sweedal/FoodSAM/results/segmentations/dish_1561148481/sam_mask/10 assign label: [ 77, rape, 0.79, 0.0083 ]
[2025-07-23 22:10:41,098] [enhance_semantic_masks.py:28] [INFO] /home/sweedal/FoodSAM/results/segmentations/dish_1561148481/sam_mask/11 assign label: [ 0, background, 1.00, 0.0068 ]
[2025-07-23 22:10:41,099] [enhance_semantic_masks.py:28] [INFO] /home/sweedal/FoodSAM/results/segmentations/dish_1561148481/sam_mask/12 assign label: [ 67, pie, 0.76, 0.0032 ]
[2025-07-23 22:10:41,099] [enhance_semantic_masks.py:28] [INFO] /home/sweedal/FoodSAM/results/segmentations/dish_1561148481/sam_mask/13 assign label: [ 0, background, 1.00, 0.0029 ]
[2025-07-23 22:10:41,106] [enhance_semantic_masks.py:28] [INFO] /home/sweedal/FoodSAM/results/segmentations/dish_1561148481/sam_mask/14 assign label: [ 0, background, 1.00, 0.0892 ]
[2025-07-23 22:10:41,120] [enhance_semantic_masks.py:28] [INFO] /home/sweedal/FoodSAM/results/segmentations/dish_1561148481/sam_mask/15 assign label: [ 0, background, 1.00, 0.1815 ]
[2025-07-23 22:10:41,120] [enhance_semantic_masks.py:28] [INFO] /home/sweedal/FoodSAM/results/segmentations/dish_1561148481/sam_mask/16 assign label: [ 67, pie, 0.99, 0.0046 ]
[2025-07-23 22:10:41,122] [enhance_semantic_masks.py:28] [INFO] /home/sweedal/FoodSAM/results/segmentations/dish_1561148481/sam_mask/17 assign label: [ 0, background, 1.00, 0.0203 ]
[2025-07-23 22:10:41,122] [enhance_semantic_masks.py:28] [INFO] /home/sweedal/FoodSAM/results/segmentations/dish_1561148481/sam_mask/18 assign label: [ 89, cilantro mint, 1.00, 0.0005 ]
[2025-07-23 22:10:41,122] [enhance_semantic_masks.py:28] [INFO] /home/sweedal/FoodSAM/results/segmentations/dish_1561148481/sam_mask/19 assign label: [ 0, background, 0.98, 0.0070 ]
[2025-07-23 22:10:41,123] [enhance_semantic_masks.py:28] [INFO] /home/sweedal/FoodSAM/results/segmentations/dish_1561148481/sam_mask/20 assign label: [ 61, pizza, 0.69, 0.0006 ]
[2025-07-23 22:10:41,123] [enhance_semantic_masks.py:28] [INFO] /home/sweedal/FoodSAM/results/segmentations/dish_1561148481/sam_mask/21 assign label: [ 67, pie, 0.77, 0.0010 ]
[2025-07-23 22:10:41,123] [enhance_semantic_masks.py:28] [INFO] /home/sweedal/FoodSAM/results/segmentations/dish_1561148481/sam_mask/22 assign label: [ 0, background, 1.00, 0.0017 ]
[2025-07-23 22:10:41,123] [enhance_semantic_masks.py:28] [INFO] /home/sweedal/FoodSAM/results/segmentations/dish_1561148481/sam_mask/23 assign label: [ 0, background, 1.00, 0.0018 ]
[2025-07-23 22:10:41,124] [enhance_semantic_masks.py:28] [INFO] /home/sweedal/FoodSAM/results/segmentations/dish_1561148481/sam_mask/24 assign label: [ 67, pie, 1.00, 0.0010 ]
[2025-07-23 22:10:41,125] [enhance_semantic_masks.py:28] [INFO] /home/sweedal/FoodSAM/results/segmentations/dish_1561148481/sam_mask/25 assign label: [ 67, pie, 0.99, 0.0267 ]
[2025-07-23 22:10:41,127] [enhance_semantic_masks.py:28] [INFO] /home/sweedal/FoodSAM/results/segmentations/dish_1561148481/sam_mask/26 assign label: [ 67, pie, 0.96, 0.0260 ]
[2025-07-23 22:10:41,128] [enhance_semantic_masks.py:28] [INFO] /home/sweedal/FoodSAM/results/segmentations/dish_1561148481/sam_mask/27 assign label: [ 67, pie, 0.92, 0.0062 ]
[2025-07-23 22:10:41,128] [enhance_semantic_masks.py:28] [INFO] /home/sweedal/FoodSAM/results/segmentations/dish_1561148481/sam_mask/28 assign label: [ 0, background, 1.00, 0.0021 ]
[2025-07-23 22:10:41,142] [enhance_semantic_masks.py:28] [INFO] /home/sweedal/FoodSAM/results/segmentations/dish_1561148481/sam_mask/29 assign label: [ 0, background, 1.00, 0.1803 ]
[2025-07-23 22:10:41,143] [enhance_semantic_masks.py:28] [INFO] /home/sweedal/FoodSAM/results/segmentations/dish_1561148481/sam_mask/30 assign label: [ 82, cucumber, 0.53, 0.0072 ]
[2025-07-23 22:10:41,143] [enhance_semantic_masks.py:28] [INFO] /home/sweedal/FoodSAM/results/segmentations/dish_1561148481/sam_mask/31 assign label: [ 0, background, 1.00, 0.0082 ]
[2025-07-23 22:10:41,144] [enhance_semantic_masks.py:28] [INFO] /home/sweedal/FoodSAM/results/segmentations/dish_1561148481/sam_mask/32 assign label: [ 0, background, 1.00, 0.0010 ]
[2025-07-23 22:10:41,149] [enhance_semantic_masks.py:28] [INFO] /home/sweedal/FoodSAM/results/segmentations/dish_1561148481/sam_mask/33 assign label: [ 89, cilantro mint, 0.80, 0.0747 ]
[2025-07-23 22:10:41,149] [enhance_semantic_masks.py:28] [INFO] /home/sweedal/FoodSAM/results/segmentations/dish_1561148481/sam_mask/34 assign label: [ 89, cilantro mint, 0.58, 0.0008 ]
[2025-07-23 22:10:41,150] [enhance_semantic_masks.py:28] [INFO] /home/sweedal/FoodSAM/results/segmentations/dish_1561148481/sam_mask/35 assign label: [ 0, background, 1.00, 0.0019 ]
[2025-07-23 22:10:41,150] [enhance_semantic_masks.py:28] [INFO] /home/sweedal/FoodSAM/results/segmentations/dish_1561148481/sam_mask/36 assign label: [ 0, background, 1.00, 0.0107 ]
[2025-07-23 22:10:41,151] [enhance_semantic_masks.py:28] [INFO] /home/sweedal/FoodSAM/results/segmentations/dish_1561148481/sam_mask/37 assign label: [ 89, cilantro mint, 1.00, 0.0008 ]
[2025-07-23 22:10:41,151] [enhance_semantic_masks.py:28] [INFO] /home/sweedal/FoodSAM/results/segmentations/dish_1561148481/sam_mask/38 assign label: [ 89, cilantro mint, 1.00, 0.0014 ]
[2025-07-23 22:10:41,152] [enhance_semantic_masks.py:28] [INFO] /home/sweedal/FoodSAM/results/segmentations/dish_1561148481/sam_mask/39 assign label: [ 0, background, 1.00, 0.0108 ]
[2025-07-23 22:10:41,152] [enhance_semantic_masks.py:28] [INFO] /home/sweedal/FoodSAM/results/segmentations/dish_1561148481/sam_mask/40 assign label: [ 67, pie, 0.96, 0.0008 ]
[2025-07-23 22:10:41,153] [enhance_semantic_masks.py:28] [INFO] /home/sweedal/FoodSAM/results/segmentations/dish_1561148481/sam_mask/41 assign label: [ 67, pie, 0.97, 0.0194 ]
[2025-07-23 22:10:41,154] [enhance_semantic_masks.py:28] [INFO] /home/sweedal/FoodSAM/results/segmentations/dish_1561148481/sam_mask/42 assign label: [ 0, background, 0.99, 0.0006 ]
[2025-07-23 22:10:41,154] [enhance_semantic_masks.py:28] [INFO] /home/sweedal/FoodSAM/results/segmentations/dish_1561148481/sam_mask/43 assign label: [ 0, background, 1.00, 0.0009 ]
[2025-07-23 22:10:41,154] [enhance_semantic_masks.py:28] [INFO] /home/sweedal/FoodSAM/results/segmentations/dish_1561148481/sam_mask/44 assign label: [ 0, background, 1.00, 0.0003 ]
[2025-07-23 22:10:41,154] [enhance_semantic_masks.py:28] [INFO] /home/sweedal/FoodSAM/results/segmentations/dish_1561148481/sam_mask/45 assign label: [ 0, background, 1.00, 0.0027 ]
[2025-07-23 22:10:41,155] [enhance_semantic_masks.py:28] [INFO] /home/sweedal/FoodSAM/results/segmentations/dish_1561148481/sam_mask/46 assign label: [ 0, background, 0.97, 0.0017 ]
[2025-07-23 22:10:41,155] [enhance_semantic_masks.py:28] [INFO] /home/sweedal/FoodSAM/results/segmentations/dish_1561148481/sam_mask/47 assign label: [ 67, pie, 1.00, 0.0006 ]
[2025-07-23 22:10:41,155] [enhance_semantic_masks.py:28] [INFO] /home/sweedal/FoodSAM/results/segmentations/dish_1561148481/sam_mask/48 assign label: [ 67, pie, 0.78, 0.0014 ]
[2025-07-23 22:10:41,156] [enhance_semantic_masks.py:28] [INFO] /home/sweedal/FoodSAM/results/segmentations/dish_1561148481/sam_mask/49 assign label: [ 0, background, 1.00, 0.0013 ]
[2025-07-23 22:10:41,156] [enhance_semantic_masks.py:28] [INFO] /home/sweedal/FoodSAM/results/segmentations/dish_1561148481/sam_mask/50 assign label: [ 0, background, 1.00, 0.0053 ]
[2025-07-23 22:10:41,156] [enhance_semantic_masks.py:28] [INFO] /home/sweedal/FoodSAM/results/segmentations/dish_1561148481/sam_mask/51 assign label: [ 0, background, 0.98, 0.0071 ]
[2025-07-23 22:10:41,157] [enhance_semantic_masks.py:28] [INFO] /home/sweedal/FoodSAM/results/segmentations/dish_1561148481/sam_mask/52 assign label: [ 67, pie, 0.81, 0.0016 ]
[2025-07-23 22:10:41,159] [enhance_semantic_masks.py:28] [INFO] /home/sweedal/FoodSAM/results/segmentations/dish_1561148481/sam_mask/53 assign label: [ 67, pie, 0.98, 0.0337 ]
[2025-07-23 22:10:41,160] [enhance_semantic_masks.py:28] [INFO] /home/sweedal/FoodSAM/results/segmentations/dish_1561148481/sam_mask/54 assign label: [ 0, background, 1.00, 0.0012 ]
[2025-07-23 22:10:41,160] [enhance_semantic_masks.py:28] [INFO] /home/sweedal/FoodSAM/results/segmentations/dish_1561148481/sam_mask/55 assign label: [ 89, cilantro mint, 0.83, 0.0008 ]
[2025-07-23 22:10:41,160] [enhance_semantic_masks.py:28] [INFO] /home/sweedal/FoodSAM/results/segmentations/dish_1561148481/sam_mask/56 assign label: [ 0, background, 1.00, 0.0070 ]
[2025-07-23 22:10:41,160] [enhance_semantic_masks.py:28] [INFO] /home/sweedal/FoodSAM/results/segmentations/dish_1561148481/sam_mask/57 assign label: [ 0, background, 0.75, 0.0007 ]
[2025-07-23 22:10:41,166] [enhance_semantic_masks.py:28] [INFO] /home/sweedal/FoodSAM/results/segmentations/dish_1561148481/sam_mask/58 assign label: [ 0, background, 1.00, 0.0740 ]
[2025-07-23 22:10:41,166] [enhance_semantic_masks.py:28] [INFO] /home/sweedal/FoodSAM/results/segmentations/dish_1561148481/sam_mask/59 assign label: [ 0, background, 0.82, 0.0012 ]
[2025-07-23 22:10:41,167] [enhance_semantic_masks.py:28] [INFO] /home/sweedal/FoodSAM/results/segmentations/dish_1561148481/sam_mask/60 assign label: [ 0, background, 1.00, 0.0041 ]
[2025-07-23 22:10:41,170] [enhance_semantic_masks.py:28] [INFO] /home/sweedal/FoodSAM/results/segmentations/dish_1561148481/sam_mask/61 assign label: [ 0, background, 1.00, 0.0484 ]
[2025-07-23 22:10:41,170] [enhance_semantic_masks.py:28] [INFO] /home/sweedal/FoodSAM/results/segmentations/dish_1561148481/sam_mask/62 assign label: [ 89, cilantro mint, 1.00, 0.0007 ]
[2025-07-23 22:10:41,171] [enhance_semantic_masks.py:28] [INFO] /home/sweedal/FoodSAM/results/segmentations/dish_1561148481/sam_mask/63 assign label: [ 89, cilantro mint, 1.00, 0.0011 ]
[2025-07-23 22:10:41,171] [enhance_semantic_masks.py:28] [INFO] /home/sweedal/FoodSAM/results/segmentations/dish_1561148481/sam_mask/64 assign label: [ 89, cilantro mint, 1.00, 0.0007 ]
[2025-07-23 22:10:41,171] [enhance_semantic_masks.py:28] [INFO] /home/sweedal/FoodSAM/results/segmentations/dish_1561148481/sam_mask/65 assign label: [ 0, background, 1.00, 0.0028 ]
[2025-07-23 22:10:41,171] [enhance_semantic_masks.py:28] [INFO] /home/sweedal/FoodSAM/results/segmentations/dish_1561148481/sam_mask/66 assign label: [ 89, cilantro mint, 1.00, 0.0018 ]
[2025-07-23 22:10:41,172] [enhance_semantic_masks.py:28] [INFO] /home/sweedal/FoodSAM/results/segmentations/dish_1561148481/sam_mask/67 assign label: [ 0, background, 1.00, 0.0114 ]
[2025-07-23 22:10:41,173] [enhance_semantic_masks.py:28] [INFO] /home/sweedal/FoodSAM/results/segmentations/dish_1561148481/sam_mask/68 assign label: [ 89, cilantro mint, 0.74, 0.0013 ]
[2025-07-23 22:10:41,173] [enhance_semantic_masks.py:28] [INFO] /home/sweedal/FoodSAM/results/segmentations/dish_1561148481/sam_mask/69 assign label: [ 0, background, 1.00, 0.0088 ]
[2025-07-23 22:10:41,173] [enhance_semantic_masks.py:28] [INFO] /home/sweedal/FoodSAM/results/segmentations/dish_1561148481/sam_mask/70 assign label: [ 67, pie, 0.81, 0.0003 ]
[2025-07-23 22:10:41,174] [enhance_semantic_masks.py:28] [INFO] /home/sweedal/FoodSAM/results/segmentations/dish_1561148481/sam_mask/71 assign label: [ 0, background, 0.64, 0.0013 ]
[2025-07-23 22:10:41,174] [enhance_semantic_masks.py:28] [INFO] /home/sweedal/FoodSAM/results/segmentations/dish_1561148481/sam_mask/72 assign label: [ 67, pie, 0.61, 0.0044 ]
[2025-07-23 22:10:41,188] [enhance_semantic_masks.py:28] [INFO] /home/sweedal/FoodSAM/results/segmentations/dish_1561492182/sam_mask/0 assign label: [ 89, cilantro mint, 0.80, 0.1289 ]
[2025-07-23 22:10:41,196] [enhance_semantic_masks.py:28] [INFO] /home/sweedal/FoodSAM/results/segmentations/dish_1561492182/sam_mask/1 assign label: [ 66, rice, 0.97, 0.1109 ]
[2025-07-23 22:10:41,218] [enhance_semantic_masks.py:28] [INFO] /home/sweedal/FoodSAM/results/segmentations/dish_1561492182/sam_mask/2 assign label: [ 66, rice, 0.45, 0.2437 ]
[2025-07-23 22:10:41,250] [enhance_semantic_masks.py:28] [INFO] /home/sweedal/FoodSAM/results/segmentations/dish_1561492182/sam_mask/3 assign label: [ 0, background, 0.99, 0.3848 ]
[2025-07-23 22:10:41,257] [enhance_semantic_masks.py:28] [INFO] /home/sweedal/FoodSAM/results/segmentations/dish_1561492182/sam_mask/4 assign label: [ 0, background, 1.00, 0.1038 ]
[2025-07-23 22:10:41,258] [enhance_semantic_masks.py:28] [INFO] /home/sweedal/FoodSAM/results/segmentations/dish_1561492182/sam_mask/5 assign label: [ 0, background, 1.00, 0.0096 ]
[2025-07-23 22:10:41,260] [enhance_semantic_masks.py:28] [INFO] /home/sweedal/FoodSAM/results/segmentations/dish_1561492182/sam_mask/6 assign label: [ 0, background, 1.00, 0.0341 ]
[2025-07-23 22:10:41,261] [enhance_semantic_masks.py:28] [INFO] /home/sweedal/FoodSAM/results/segmentations/dish_1561492182/sam_mask/7 assign label: [ 0, background, 1.00, 0.0009 ]
[2025-07-23 22:10:41,261] [enhance_semantic_masks.py:28] [INFO] /home/sweedal/FoodSAM/results/segmentations/dish_1561492182/sam_mask/8 assign label: [ 0, background, 1.00, 0.0039 ]
[2025-07-23 22:10:41,262] [enhance_semantic_masks.py:28] [INFO] /home/sweedal/FoodSAM/results/segmentations/dish_1561492182/sam_mask/9 assign label: [ 77, rape, 0.94, 0.0074 ]
[2025-07-23 22:10:41,262] [enhance_semantic_masks.py:28] [INFO] /home/sweedal/FoodSAM/results/segmentations/dish_1561492182/sam_mask/10 assign label: [ 0, background, 1.00, 0.0041 ]
[2025-07-23 22:10:41,262] [enhance_semantic_masks.py:28] [INFO] /home/sweedal/FoodSAM/results/segmentations/dish_1561492182/sam_mask/11 assign label: [ 0, background, 1.00, 0.0024 ]
[2025-07-23 22:10:41,266] [enhance_semantic_masks.py:28] [INFO] /home/sweedal/FoodSAM/results/segmentations/dish_1561492182/sam_mask/12 assign label: [ 0, background, 1.00, 0.0567 ]
[2025-07-23 22:10:41,267] [enhance_semantic_masks.py:28] [INFO] /home/sweedal/FoodSAM/results/segmentations/dish_1561492182/sam_mask/13 assign label: [ 0, background, 1.00, 0.0040 ]
[2025-07-23 22:10:41,267] [enhance_semantic_masks.py:28] [INFO] /home/sweedal/FoodSAM/results/segmentations/dish_1561492182/sam_mask/14 assign label: [ 0, background, 1.00, 0.0019 ]
[2025-07-23 22:10:41,267] [enhance_semantic_masks.py:28] [INFO] /home/sweedal/FoodSAM/results/segmentations/dish_1561492182/sam_mask/15 assign label: [ 0, background, 1.00, 0.0007 ]
[2025-07-23 22:10:41,267] [enhance_semantic_masks.py:28] [INFO] /home/sweedal/FoodSAM/results/segmentations/dish_1561492182/sam_mask/16 assign label: [ 0, background, 1.00, 0.0002 ]
[2025-07-23 22:10:41,268] [enhance_semantic_masks.py:28] [INFO] /home/sweedal/FoodSAM/results/segmentations/dish_1561492182/sam_mask/17 assign label: [ 89, cilantro mint, 0.95, 0.0046 ]
[2025-07-23 22:10:41,268] [enhance_semantic_masks.py:28] [INFO] /home/sweedal/FoodSAM/results/segmentations/dish_1561492182/sam_mask/18 assign label: [ 0, background, 1.00, 0.0053 ]
[2025-07-23 22:10:41,269] [enhance_semantic_masks.py:28] [INFO] /home/sweedal/FoodSAM/results/segmentations/dish_1561492182/sam_mask/19 assign label: [ 89, cilantro mint, 1.00, 0.0098 ]
[2025-07-23 22:10:41,269] [enhance_semantic_masks.py:28] [INFO] /home/sweedal/FoodSAM/results/segmentations/dish_1561492182/sam_mask/20 assign label: [ 0, background, 0.64, 0.0010 ]
[2025-07-23 22:10:41,270] [enhance_semantic_masks.py:28] [INFO] /home/sweedal/FoodSAM/results/segmentations/dish_1561492182/sam_mask/21 assign label: [ 0, background, 1.00, 0.0041 ]
[2025-07-23 22:10:41,270] [enhance_semantic_masks.py:28] [INFO] /home/sweedal/FoodSAM/results/segmentations/dish_1561492182/sam_mask/22 assign label: [ 89, cilantro mint, 0.91, 0.0015 ]
[2025-07-23 22:10:41,270] [enhance_semantic_masks.py:28] [INFO] /home/sweedal/FoodSAM/results/segmentations/dish_1561492182/sam_mask/23 assign label: [ 0, background, 1.00, 0.0003 ]
[2025-07-23 22:10:41,271] [enhance_semantic_masks.py:28] [INFO] /home/sweedal/FoodSAM/results/segmentations/dish_1561492182/sam_mask/24 assign label: [ 89, cilantro mint, 1.00, 0.0047 ]
[2025-07-23 22:10:41,271] [enhance_semantic_masks.py:28] [INFO] /home/sweedal/FoodSAM/results/segmentations/dish_1561492182/sam_mask/25 assign label: [ 0, background, 1.00, 0.0010 ]
[2025-07-23 22:10:41,272] [enhance_semantic_masks.py:28] [INFO] /home/sweedal/FoodSAM/results/segmentations/dish_1561492182/sam_mask/26 assign label: [ 0, background, 1.00, 0.0079 ]
[2025-07-23 22:10:41,272] [enhance_semantic_masks.py:28] [INFO] /home/sweedal/FoodSAM/results/segmentations/dish_1561492182/sam_mask/27 assign label: [ 89, cilantro mint, 1.00, 0.0091 ]
[2025-07-23 22:10:41,274] [enhance_semantic_masks.py:28] [INFO] /home/sweedal/FoodSAM/results/segmentations/dish_1561492182/sam_mask/28 assign label: [ 0, background, 1.00, 0.0223 ]
[2025-07-23 22:10:41,275] [enhance_semantic_masks.py:28] [INFO] /home/sweedal/FoodSAM/results/segmentations/dish_1561492182/sam_mask/29 assign label: [ 89, cilantro mint, 1.00, 0.0090 ]
[2025-07-23 22:10:41,275] [enhance_semantic_masks.py:28] [INFO] /home/sweedal/FoodSAM/results/segmentations/dish_1561492182/sam_mask/30 assign label: [ 0, background, 1.00, 0.0098 ]
[2025-07-23 22:10:41,276] [enhance_semantic_masks.py:28] [INFO] /home/sweedal/FoodSAM/results/segmentations/dish_1561492182/sam_mask/31 assign label: [ 0, background, 0.94, 0.0055 ]
[2025-07-23 22:10:41,276] [enhance_semantic_masks.py:28] [INFO] /home/sweedal/FoodSAM/results/segmentations/dish_1561492182/sam_mask/32 assign label: [ 0, background, 1.00, 0.0002 ]
[2025-07-23 22:10:41,276] [enhance_semantic_masks.py:28] [INFO] /home/sweedal/FoodSAM/results/segmentations/dish_1561492182/sam_mask/33 assign label: [ 0, background, 1.00, 0.0022 ]
[2025-07-23 22:10:41,277] [enhance_semantic_masks.py:28] [INFO] /home/sweedal/FoodSAM/results/segmentations/dish_1561492182/sam_mask/34 assign label: [ 0, background, 1.00, 0.0089 ]
[2025-07-23 22:10:41,277] [enhance_semantic_masks.py:28] [INFO] /home/sweedal/FoodSAM/results/segmentations/dish_1561492182/sam_mask/35 assign label: [ 0, background, 1.00, 0.0030 ]
[2025-07-23 22:10:41,278] [enhance_semantic_masks.py:28] [INFO] /home/sweedal/FoodSAM/results/segmentations/dish_1561492182/sam_mask/36 assign label: [ 66, rice, 0.64, 0.0002 ]
[2025-07-23 22:10:41,278] [enhance_semantic_masks.py:28] [INFO] /home/sweedal/FoodSAM/results/segmentations/dish_1561492182/sam_mask/37 assign label: [ 0, background, 1.00, 0.0012 ]
[2025-07-23 22:10:41,278] [enhance_semantic_masks.py:28] [INFO] /home/sweedal/FoodSAM/results/segmentations/dish_1561492182/sam_mask/38 assign label: [ 66, rice, 0.91, 0.0009 ]
[2025-07-23 22:10:41,278] [enhance_semantic_masks.py:28] [INFO] /home/sweedal/FoodSAM/results/segmentations/dish_1561492182/sam_mask/39 assign label: [ 0, background, 0.95, 0.0005 ]
[2025-07-23 22:10:41,279] [enhance_semantic_masks.py:28] [INFO] /home/sweedal/FoodSAM/results/segmentations/dish_1561492182/sam_mask/40 assign label: [ 89, cilantro mint, 1.00, 0.0039 ]
[2025-07-23 22:10:41,279] [enhance_semantic_masks.py:28] [INFO] /home/sweedal/FoodSAM/results/segmentations/dish_1561492182/sam_mask/41 assign label: [ 0, background, 1.00, 0.0069 ]
[2025-07-23 22:10:41,279] [enhance_semantic_masks.py:28] [INFO] /home/sweedal/FoodSAM/results/segmentations/dish_1561492182/sam_mask/42 assign label: [ 0, background, 1.00, 0.0005 ]
[2025-07-23 22:10:41,280] [enhance_semantic_masks.py:28] [INFO] /home/sweedal/FoodSAM/results/segmentations/dish_1561492182/sam_mask/43 assign label: [ 89, cilantro mint, 1.00, 0.0017 ]
[2025-07-23 22:10:41,281] [enhance_semantic_masks.py:28] [INFO] /home/sweedal/FoodSAM/results/segmentations/dish_1561492182/sam_mask/44 assign label: [ 0, background, 0.96, 0.0122 ]
[2025-07-23 22:10:41,281] [enhance_semantic_masks.py:28] [INFO] /home/sweedal/FoodSAM/results/segmentations/dish_1561492182/sam_mask/45 assign label: [ 0, background, 1.00, 0.0072 ]
[2025-07-23 22:10:41,281] [enhance_semantic_masks.py:28] [INFO] /home/sweedal/FoodSAM/results/segmentations/dish_1561492182/sam_mask/46 assign label: [ 0, background, 1.00, 0.0027 ]
[2025-07-23 22:10:41,282] [enhance_semantic_masks.py:28] [INFO] /home/sweedal/FoodSAM/results/segmentations/dish_1561492182/sam_mask/47 assign label: [ 0, background, 1.00, 0.0047 ]
[2025-07-23 22:10:41,283] [enhance_semantic_masks.py:28] [INFO] /home/sweedal/FoodSAM/results/segmentations/dish_1561492182/sam_mask/48 assign label: [ 0, background, 1.00, 0.0189 ]
[2025-07-23 22:10:41,284] [enhance_semantic_masks.py:28] [INFO] /home/sweedal/FoodSAM/results/segmentations/dish_1561492182/sam_mask/49 assign label: [ 89, cilantro mint, 0.92, 0.0002 ]
[2025-07-23 22:10:41,284] [enhance_semantic_masks.py:28] [INFO] /home/sweedal/FoodSAM/results/segmentations/dish_1561492182/sam_mask/50 assign label: [ 89, cilantro mint, 0.72, 0.0010 ]
[2025-07-23 22:10:41,284] [enhance_semantic_masks.py:28] [INFO] /home/sweedal/FoodSAM/results/segmentations/dish_1561492182/sam_mask/51 assign label: [ 0, background, 1.00, 0.0033 ]
[2025-07-23 22:10:41,284] [enhance_semantic_masks.py:28] [INFO] /home/sweedal/FoodSAM/results/segmentations/dish_1561492182/sam_mask/52 assign label: [ 66, rice, 1.00, 0.0004 ]
[2025-07-23 22:10:41,285] [enhance_semantic_masks.py:28] [INFO] /home/sweedal/FoodSAM/results/segmentations/dish_1561492182/sam_mask/53 assign label: [ 89, cilantro mint, 0.61, 0.0011 ]
[2025-07-23 22:10:41,285] [enhance_semantic_masks.py:28] [INFO] /home/sweedal/FoodSAM/results/segmentations/dish_1561492182/sam_mask/54 assign label: [ 89, cilantro mint, 0.99, 0.0013 ]
[2025-07-23 22:10:41,285] [enhance_semantic_masks.py:28] [INFO] /home/sweedal/FoodSAM/results/segmentations/dish_1561492182/sam_mask/55 assign label: [ 0, background, 1.00, 0.0008 ]
[2025-07-23 22:10:41,285] [enhance_semantic_masks.py:28] [INFO] /home/sweedal/FoodSAM/results/segmentations/dish_1561492182/sam_mask/56 assign label: [ 0, background, 0.90, 0.0003 ]
[2025-07-23 22:10:41,285] [enhance_semantic_masks.py:28] [INFO] /home/sweedal/FoodSAM/results/segmentations/dish_1561492182/sam_mask/57 assign label: [ 66, rice, 0.67, 0.0003 ]
[2025-07-23 22:10:41,286] [enhance_semantic_masks.py:28] [INFO] /home/sweedal/FoodSAM/results/segmentations/dish_1561492182/sam_mask/58 assign label: [ 0, background, 1.00, 0.0008 ]
[2025-07-23 22:10:41,286] [enhance_semantic_masks.py:28] [INFO] /home/sweedal/FoodSAM/results/segmentations/dish_1561492182/sam_mask/59 assign label: [ 0, background, 1.00, 0.0018 ]
[2025-07-23 22:10:41,286] [enhance_semantic_masks.py:28] [INFO] /home/sweedal/FoodSAM/results/segmentations/dish_1561492182/sam_mask/60 assign label: [ 0, background, 1.00, 0.0037 ]
[2025-07-23 22:10:41,286] [enhance_semantic_masks.py:28] [INFO] /home/sweedal/FoodSAM/results/segmentations/dish_1561492182/sam_mask/61 assign label: [ 0, background, 1.00, 0.0020 ]
[2025-07-23 22:10:41,336] [enhance_semantic_masks.py:28] [INFO] /home/sweedal/FoodSAM/results/segmentations/dish_1563308323/sam_mask/0 assign label: [ 0, background, 1.00, 0.5262 ]
[2025-07-23 22:10:41,348] [enhance_semantic_masks.py:28] [INFO] /home/sweedal/FoodSAM/results/segmentations/dish_1563308323/sam_mask/1 assign label: [ 0, background, 1.00, 0.1430 ]
[2025-07-23 22:10:41,350] [enhance_semantic_masks.py:28] [INFO] /home/sweedal/FoodSAM/results/segmentations/dish_1563308323/sam_mask/2 assign label: [ 0, background, 0.99, 0.0330 ]
[2025-07-23 22:10:41,351] [enhance_semantic_masks.py:28] [INFO] /home/sweedal/FoodSAM/results/segmentations/dish_1563308323/sam_mask/3 assign label: [ 0, background, 1.00, 0.0137 ]
[2025-07-23 22:10:41,352] [enhance_semantic_masks.py:28] [INFO] /home/sweedal/FoodSAM/results/segmentations/dish_1563308323/sam_mask/4 assign label: [ 84, carrot, 1.00, 0.0080 ]
[2025-07-23 22:10:41,352] [enhance_semantic_masks.py:28] [INFO] /home/sweedal/FoodSAM/results/segmentations/dish_1563308323/sam_mask/5 assign label: [ 84, carrot, 0.99, 0.0077 ]
[2025-07-23 22:10:41,353] [enhance_semantic_masks.py:28] [INFO] /home/sweedal/FoodSAM/results/segmentations/dish_1563308323/sam_mask/6 assign label: [ 84, carrot, 0.98, 0.0035 ]
[2025-07-23 22:10:41,353] [enhance_semantic_masks.py:28] [INFO] /home/sweedal/FoodSAM/results/segmentations/dish_1563308323/sam_mask/7 assign label: [ 0, background, 1.00, 0.0056 ]
[2025-07-23 22:10:41,353] [enhance_semantic_masks.py:28] [INFO] /home/sweedal/FoodSAM/results/segmentations/dish_1563308323/sam_mask/8 assign label: [ 0, background, 0.41, 0.0010 ]
[2025-07-23 22:10:41,354] [enhance_semantic_masks.py:28] [INFO] /home/sweedal/FoodSAM/results/segmentations/dish_1563308323/sam_mask/9 assign label: [ 84, carrot, 1.00, 0.0039 ]
[2025-07-23 22:10:41,354] [enhance_semantic_masks.py:28] [INFO] /home/sweedal/FoodSAM/results/segmentations/dish_1563308323/sam_mask/10 assign label: [ 84, carrot, 1.00, 0.0039 ]
[2025-07-23 22:10:41,355] [enhance_semantic_masks.py:28] [INFO] /home/sweedal/FoodSAM/results/segmentations/dish_1563308323/sam_mask/11 assign label: [ 84, carrot, 1.00, 0.0076 ]
[2025-07-23 22:10:41,355] [enhance_semantic_masks.py:28] [INFO] /home/sweedal/FoodSAM/results/segmentations/dish_1563308323/sam_mask/12 assign label: [ 84, carrot, 1.00, 0.0052 ]
[2025-07-23 22:10:41,360] [enhance_semantic_masks.py:28] [INFO] /home/sweedal/FoodSAM/results/segmentations/dish_1563308323/sam_mask/13 assign label: [ 84, carrot, 1.00, 0.0676 ]
[2025-07-23 22:10:41,361] [enhance_semantic_masks.py:28] [INFO] /home/sweedal/FoodSAM/results/segmentations/dish_1563308323/sam_mask/14 assign label: [ 0, background, 1.00, 0.0058 ]
[2025-07-23 22:10:41,361] [enhance_semantic_masks.py:28] [INFO] /home/sweedal/FoodSAM/results/segmentations/dish_1563308323/sam_mask/15 assign label: [ 0, background, 1.00, 0.0006 ]
[2025-07-23 22:10:41,362] [enhance_semantic_masks.py:28] [INFO] /home/sweedal/FoodSAM/results/segmentations/dish_1563308323/sam_mask/16 assign label: [ 84, carrot, 0.99, 0.0126 ]
[2025-07-23 22:10:41,362] [enhance_semantic_masks.py:28] [INFO] /home/sweedal/FoodSAM/results/segmentations/dish_1563308323/sam_mask/17 assign label: [ 0, background, 1.00, 0.0035 ]
[2025-07-23 22:10:41,363] [enhance_semantic_masks.py:28] [INFO] /home/sweedal/FoodSAM/results/segmentations/dish_1563308323/sam_mask/18 assign label: [ 0, background, 1.00, 0.0046 ]
[2025-07-23 22:10:41,363] [enhance_semantic_masks.py:28] [INFO] /home/sweedal/FoodSAM/results/segmentations/dish_1563308323/sam_mask/19 assign label: [ 84, carrot, 1.00, 0.0104 ]
[2025-07-23 22:10:41,364] [enhance_semantic_masks.py:28] [INFO] /home/sweedal/FoodSAM/results/segmentations/dish_1563308323/sam_mask/20 assign label: [ 0, background, 1.00, 0.0009 ]
[2025-07-23 22:10:41,364] [enhance_semantic_masks.py:28] [INFO] /home/sweedal/FoodSAM/results/segmentations/dish_1563308323/sam_mask/21 assign label: [ 84, carrot, 0.99, 0.0117 ]
[2025-07-23 22:10:41,365] [enhance_semantic_masks.py:28] [INFO] /home/sweedal/FoodSAM/results/segmentations/dish_1563308323/sam_mask/22 assign label: [ 0, background, 1.00, 0.0022 ]
[2025-07-23 22:10:41,365] [enhance_semantic_masks.py:28] [INFO] /home/sweedal/FoodSAM/results/segmentations/dish_1563308323/sam_mask/23 assign label: [ 0, background, 1.00, 0.0028 ]
[2025-07-23 22:10:41,365] [enhance_semantic_masks.py:28] [INFO] /home/sweedal/FoodSAM/results/segmentations/dish_1563308323/sam_mask/24 assign label: [ 0, background, 1.00, 0.0026 ]
[2025-07-23 22:10:41,366] [enhance_semantic_masks.py:28] [INFO] /home/sweedal/FoodSAM/results/segmentations/dish_1563308323/sam_mask/25 assign label: [ 0, background, 1.00, 0.0084 ]
[2025-07-23 22:10:41,366] [enhance_semantic_masks.py:28] [INFO] /home/sweedal/FoodSAM/results/segmentations/dish_1563308323/sam_mask/26 assign label: [ 0, background, 1.00, 0.0010 ]
[2025-07-23 22:10:41,367] [enhance_semantic_masks.py:28] [INFO] /home/sweedal/FoodSAM/results/segmentations/dish_1563308323/sam_mask/27 assign label: [ 0, background, 1.00, 0.0020 ]
[2025-07-23 22:10:41,367] [enhance_semantic_masks.py:28] [INFO] /home/sweedal/FoodSAM/results/segmentations/dish_1563308323/sam_mask/28 assign label: [ 0, background, 1.00, 0.0056 ]
[2025-07-23 22:10:41,367] [enhance_semantic_masks.py:28] [INFO] /home/sweedal/FoodSAM/results/segmentations/dish_1563308323/sam_mask/29 assign label: [ 0, background, 1.00, 0.0014 ]
[2025-07-23 22:10:41,368] [enhance_semantic_masks.py:28] [INFO] /home/sweedal/FoodSAM/results/segmentations/dish_1563308323/sam_mask/30 assign label: [ 0, background, 1.00, 0.0056 ]
[2025-07-23 22:10:41,368] [enhance_semantic_masks.py:28] [INFO] /home/sweedal/FoodSAM/results/segmentations/dish_1563308323/sam_mask/31 assign label: [ 0, background, 1.00, 0.0020 ]
[2025-07-23 22:10:41,368] [enhance_semantic_masks.py:28] [INFO] /home/sweedal/FoodSAM/results/segmentations/dish_1563308323/sam_mask/32 assign label: [ 0, background, 1.00, 0.0016 ]
[2025-07-23 22:10:41,368] [enhance_semantic_masks.py:28] [INFO] /home/sweedal/FoodSAM/results/segmentations/dish_1563308323/sam_mask/33 assign label: [ 0, background, 1.00, 0.0009 ]
[2025-07-23 22:10:41,369] [enhance_semantic_masks.py:28] [INFO] /home/sweedal/FoodSAM/results/segmentations/dish_1563308323/sam_mask/34 assign label: [ 0, background, 1.00, 0.0010 ]
[2025-07-23 22:10:41,370] [enhance_semantic_masks.py:28] [INFO] /home/sweedal/FoodSAM/results/segmentations/dish_1563308323/sam_mask/35 assign label: [ 84, carrot, 1.00, 0.0136 ]
[2025-07-23 22:10:41,370] [enhance_semantic_masks.py:28] [INFO] /home/sweedal/FoodSAM/results/segmentations/dish_1563308323/sam_mask/36 assign label: [ 0, background, 1.00, 0.0026 ]
[2025-07-23 22:10:41,370] [enhance_semantic_masks.py:28] [INFO] /home/sweedal/FoodSAM/results/segmentations/dish_1563308323/sam_mask/37 assign label: [ 0, background, 1.00, 0.0033 ]
[2025-07-23 22:10:41,371] [enhance_semantic_masks.py:28] [INFO] /home/sweedal/FoodSAM/results/segmentations/dish_1563308323/sam_mask/38 assign label: [ 0, background, 1.00, 0.0024 ]
[2025-07-23 22:10:41,371] [enhance_semantic_masks.py:28] [INFO] /home/sweedal/FoodSAM/results/segmentations/dish_1563308323/sam_mask/39 assign label: [ 0, background, 1.00, 0.0016 ]
[2025-07-23 22:10:41,371] [enhance_semantic_masks.py:28] [INFO] /home/sweedal/FoodSAM/results/segmentations/dish_1563308323/sam_mask/40 assign label: [ 0, background, 1.00, 0.0024 ]
[2025-07-23 22:10:41,372] [enhance_semantic_masks.py:28] [INFO] /home/sweedal/FoodSAM/results/segmentations/dish_1563308323/sam_mask/41 assign label: [ 0, background, 1.00, 0.0011 ]
[2025-07-23 22:10:41,372] [enhance_semantic_masks.py:28] [INFO] /home/sweedal/FoodSAM/results/segmentations/dish_1563308323/sam_mask/42 assign label: [ 84, carrot, 1.00, 0.0004 ]
[2025-07-23 22:10:41,372] [enhance_semantic_masks.py:28] [INFO] /home/sweedal/FoodSAM/results/segmentations/dish_1563308323/sam_mask/43 assign label: [ 0, background, 1.00, 0.0032 ]
[2025-07-23 22:10:41,372] [enhance_semantic_masks.py:28] [INFO] /home/sweedal/FoodSAM/results/segmentations/dish_1563308323/sam_mask/44 assign label: [ 0, background, 1.00, 0.0033 ]
[2025-07-23 22:10:41,373] [enhance_semantic_masks.py:28] [INFO] /home/sweedal/FoodSAM/results/segmentations/dish_1563308323/sam_mask/45 assign label: [ 0, background, 1.00, 0.0025 ]
[2025-07-23 22:10:41,403] [enhance_semantic_masks.py:28] [INFO] /home/sweedal/FoodSAM/results/segmentations/dish_1558719401/sam_mask/0 assign label: [ 0, background, 1.00, 0.3347 ]
[2025-07-23 22:10:41,405] [enhance_semantic_masks.py:28] [INFO] /home/sweedal/FoodSAM/results/segmentations/dish_1558719401/sam_mask/1 assign label: [ 27, apricot, 0.57, 0.0249 ]
[2025-07-23 22:10:41,407] [enhance_semantic_masks.py:28] [INFO] /home/sweedal/FoodSAM/results/segmentations/dish_1558719401/sam_mask/2 assign label: [ 0, background, 1.00, 0.0260 ]
[2025-07-23 22:10:41,410] [enhance_semantic_masks.py:28] [INFO] /home/sweedal/FoodSAM/results/segmentations/dish_1558719401/sam_mask/3 assign label: [ 0, background, 1.00, 0.0460 ]
[2025-07-23 22:10:41,419] [enhance_semantic_masks.py:28] [INFO] /home/sweedal/FoodSAM/results/segmentations/dish_1558719401/sam_mask/4 assign label: [ 0, background, 1.00, 0.1154 ]
[2025-07-23 22:10:41,431] [enhance_semantic_masks.py:28] [INFO] /home/sweedal/FoodSAM/results/segmentations/dish_1558719401/sam_mask/5 assign label: [ 0, background, 0.94, 0.1570 ]
[2025-07-23 22:10:41,433] [enhance_semantic_masks.py:28] [INFO] /home/sweedal/FoodSAM/results/segmentations/dish_1558719401/sam_mask/6 assign label: [ 0, background, 1.00, 0.0228 ]
[2025-07-23 22:10:41,443] [enhance_semantic_masks.py:28] [INFO] /home/sweedal/FoodSAM/results/segmentations/dish_1558719401/sam_mask/7 assign label: [ 0, background, 1.00, 0.1395 ]
[2025-07-23 22:10:41,456] [enhance_semantic_masks.py:28] [INFO] /home/sweedal/FoodSAM/results/segmentations/dish_1558719401/sam_mask/8 assign label: [ 0, background, 0.94, 0.1573 ]
[2025-07-23 22:10:41,456] [enhance_semantic_masks.py:28] [INFO] /home/sweedal/FoodSAM/results/segmentations/dish_1558719401/sam_mask/9 assign label: [ 0, background, 1.00, 0.0013 ]
[2025-07-23 22:10:41,459] [enhance_semantic_masks.py:28] [INFO] /home/sweedal/FoodSAM/results/segmentations/dish_1558719401/sam_mask/10 assign label: [ 0, background, 1.00, 0.0319 ]
[2025-07-23 22:10:41,465] [enhance_semantic_masks.py:28] [INFO] /home/sweedal/FoodSAM/results/segmentations/dish_1558719401/sam_mask/11 assign label: [ 0, background, 1.00, 0.0912 ]
[2025-07-23 22:10:41,467] [enhance_semantic_masks.py:28] [INFO] /home/sweedal/FoodSAM/results/segmentations/dish_1558719401/sam_mask/12 assign label: [ 0, background, 1.00, 0.0261 ]
[2025-07-23 22:10:41,474] [enhance_semantic_masks.py:28] [INFO] /home/sweedal/FoodSAM/results/segmentations/dish_1558719401/sam_mask/13 assign label: [ 0, background, 1.00, 0.0913 ]
[2025-07-23 22:10:41,474] [enhance_semantic_masks.py:28] [INFO] /home/sweedal/FoodSAM/results/segmentations/dish_1558719401/sam_mask/14 assign label: [ 27, apricot, 0.79, 0.0110 ]
[2025-07-23 22:10:41,475] [enhance_semantic_masks.py:28] [INFO] /home/sweedal/FoodSAM/results/segmentations/dish_1558719401/sam_mask/15 assign label: [ 0, background, 1.00, 0.0041 ]
[2025-07-23 22:10:41,475] [enhance_semantic_masks.py:28] [INFO] /home/sweedal/FoodSAM/results/segmentations/dish_1558719401/sam_mask/16 assign label: [ 0, background, 1.00, 0.0020 ]
[2025-07-23 22:10:41,476] [enhance_semantic_masks.py:28] [INFO] /home/sweedal/FoodSAM/results/segmentations/dish_1558719401/sam_mask/17 assign label: [ 0, background, 1.00, 0.0071 ]
[2025-07-23 22:10:41,476] [enhance_semantic_masks.py:28] [INFO] /home/sweedal/FoodSAM/results/segmentations/dish_1558719401/sam_mask/18 assign label: [ 0, background, 1.00, 0.0008 ]
[2025-07-23 22:10:41,477] [enhance_semantic_masks.py:28] [INFO] /home/sweedal/FoodSAM/results/segmentations/dish_1558719401/sam_mask/19 assign label: [ 0, background, 0.99, 0.0206 ]
[2025-07-23 22:10:41,481] [enhance_semantic_masks.py:28] [INFO] /home/sweedal/FoodSAM/results/segmentations/dish_1558719401/sam_mask/20 assign label: [ 0, background, 1.00, 0.0541 ]
[2025-07-23 22:10:41,481] [enhance_semantic_masks.py:28] [INFO] /home/sweedal/FoodSAM/results/segmentations/dish_1558719401/sam_mask/21 assign label: [ 0, background, 1.00, 0.0010 ]
[2025-07-23 22:10:41,485] [enhance_semantic_masks.py:28] [INFO] /home/sweedal/FoodSAM/results/segmentations/dish_1558719401/sam_mask/22 assign label: [ 0, background, 1.00, 0.0467 ]
[2025-07-23 22:10:41,486] [enhance_semantic_masks.py:28] [INFO] /home/sweedal/FoodSAM/results/segmentations/dish_1558719401/sam_mask/23 assign label: [ 0, background, 1.00, 0.0132 ]
[2025-07-23 22:10:41,487] [enhance_semantic_masks.py:28] [INFO] /home/sweedal/FoodSAM/results/segmentations/dish_1558719401/sam_mask/24 assign label: [ 0, background, 1.00, 0.0185 ]
[2025-07-23 22:10:41,487] [enhance_semantic_masks.py:28] [INFO] /home/sweedal/FoodSAM/results/segmentations/dish_1558719401/sam_mask/25 assign label: [ 0, background, 1.00, 0.0048 ]
[2025-07-23 22:10:41,488] [enhance_semantic_masks.py:28] [INFO] /home/sweedal/FoodSAM/results/segmentations/dish_1558719401/sam_mask/26 assign label: [ 0, background, 1.00, 0.0008 ]
[2025-07-23 22:10:41,492] [enhance_semantic_masks.py:28] [INFO] /home/sweedal/FoodSAM/results/segmentations/dish_1562872396/sam_mask/0 assign label: [ 77, rape, 1.00, 0.0035 ]
[2025-07-23 22:10:41,530] [enhance_semantic_masks.py:28] [INFO] /home/sweedal/FoodSAM/results/segmentations/dish_1562872396/sam_mask/1 assign label: [ 0, background, 0.99, 0.4518 ]
[2025-07-23 22:10:41,544] [enhance_semantic_masks.py:28] [INFO] /home/sweedal/FoodSAM/results/segmentations/dish_1562872396/sam_mask/2 assign label: [ 0, background, 1.00, 0.1779 ]
[2025-07-23 22:10:41,557] [enhance_semantic_masks.py:28] [INFO] /home/sweedal/FoodSAM/results/segmentations/dish_1562872396/sam_mask/3 assign label: [ 0, background, 1.00, 0.1790 ]
[2025-07-23 22:10:41,559] [enhance_semantic_masks.py:28] [INFO] /home/sweedal/FoodSAM/results/segmentations/dish_1562872396/sam_mask/4 assign label: [ 77, rape, 1.00, 0.0212 ]
[2025-07-23 22:10:41,559] [enhance_semantic_masks.py:28] [INFO] /home/sweedal/FoodSAM/results/segmentations/dish_1562872396/sam_mask/5 assign label: [ 0, background, 1.00, 0.0009 ]
[2025-07-23 22:10:41,560] [enhance_semantic_masks.py:28] [INFO] /home/sweedal/FoodSAM/results/segmentations/dish_1562872396/sam_mask/6 assign label: [ 0, background, 1.00, 0.0030 ]
[2025-07-23 22:10:41,560] [enhance_semantic_masks.py:28] [INFO] /home/sweedal/FoodSAM/results/segmentations/dish_1562872396/sam_mask/7 assign label: [ 0, background, 1.00, 0.0094 ]
[2025-07-23 22:10:41,564] [enhance_semantic_masks.py:28] [INFO] /home/sweedal/FoodSAM/results/segmentations/dish_1562872396/sam_mask/8 assign label: [ 50, fried meat, 0.90, 0.0505 ]
[2025-07-23 22:10:41,566] [enhance_semantic_masks.py:28] [INFO] /home/sweedal/FoodSAM/results/segmentations/dish_1562872396/sam_mask/9 assign label: [ 47, pork, 0.62, 0.0290 ]
[2025-07-23 22:10:41,567] [enhance_semantic_masks.py:28] [INFO] /home/sweedal/FoodSAM/results/segmentations/dish_1562872396/sam_mask/10 assign label: [ 77, rape, 1.00, 0.0048 ]
[2025-07-23 22:10:41,570] [enhance_semantic_masks.py:28] [INFO] /home/sweedal/FoodSAM/results/segmentations/dish_1562872396/sam_mask/11 assign label: [ 50, fried meat, 0.90, 0.0506 ]
[2025-07-23 22:10:41,571] [enhance_semantic_masks.py:28] [INFO] /home/sweedal/FoodSAM/results/segmentations/dish_1562872396/sam_mask/12 assign label: [ 77, rape, 1.00, 0.0065 ]
[2025-07-23 22:10:41,571] [enhance_semantic_masks.py:28] [INFO] /home/sweedal/FoodSAM/results/segmentations/dish_1562872396/sam_mask/13 assign label: [ 77, rape, 1.00, 0.0024 ]
[2025-07-23 22:10:41,571] [enhance_semantic_masks.py:28] [INFO] /home/sweedal/FoodSAM/results/segmentations/dish_1562872396/sam_mask/14 assign label: [ 0, background, 1.00, 0.0018 ]
[2025-07-23 22:10:41,577] [enhance_semantic_masks.py:28] [INFO] /home/sweedal/FoodSAM/results/segmentations/dish_1562872396/sam_mask/15 assign label: [ 50, fried meat, 0.71, 0.0798 ]
[2025-07-23 22:10:41,580] [enhance_semantic_masks.py:28] [INFO] /home/sweedal/FoodSAM/results/segmentations/dish_1562872396/sam_mask/16 assign label: [ 0, background, 1.00, 0.0464 ]
[2025-07-23 22:10:41,581] [enhance_semantic_masks.py:28] [INFO] /home/sweedal/FoodSAM/results/segmentations/dish_1562872396/sam_mask/17 assign label: [ 0, background, 1.00, 0.0009 ]
[2025-07-23 22:10:41,581] [enhance_semantic_masks.py:28] [INFO] /home/sweedal/FoodSAM/results/segmentations/dish_1562872396/sam_mask/18 assign label: [ 0, background, 1.00, 0.0023 ]
[2025-07-23 22:10:41,581] [enhance_semantic_masks.py:28] [INFO] /home/sweedal/FoodSAM/results/segmentations/dish_1562872396/sam_mask/19 assign label: [ 0, background, 1.00, 0.0019 ]
[2025-07-23 22:10:41,582] [enhance_semantic_masks.py:28] [INFO] /home/sweedal/FoodSAM/results/segmentations/dish_1562872396/sam_mask/20 assign label: [ 0, background, 1.00, 0.0011 ]
[2025-07-23 22:10:41,582] [enhance_semantic_masks.py:28] [INFO] /home/sweedal/FoodSAM/results/segmentations/dish_1562872396/sam_mask/21 assign label: [ 0, background, 1.00, 0.0031 ]
[2025-07-23 22:10:41,582] [enhance_semantic_masks.py:28] [INFO] /home/sweedal/FoodSAM/results/segmentations/dish_1562872396/sam_mask/22 assign label: [ 77, rape, 0.85, 0.0010 ]
[2025-07-23 22:10:41,583] [enhance_semantic_masks.py:28] [INFO] /home/sweedal/FoodSAM/results/segmentations/dish_1562872396/sam_mask/23 assign label: [ 77, rape, 1.00, 0.0076 ]
[2025-07-23 22:10:41,584] [enhance_semantic_masks.py:28] [INFO] /home/sweedal/FoodSAM/results/segmentations/dish_1562872396/sam_mask/24 assign label: [ 77, rape, 1.00, 0.0127 ]
[2025-07-23 22:10:41,590] [enhance_semantic_masks.py:28] [INFO] /home/sweedal/FoodSAM/results/segmentations/dish_1562872396/sam_mask/25 assign label: [ 50, fried meat, 0.71, 0.0795 ]
[2025-07-23 22:10:41,590] [enhance_semantic_masks.py:28] [INFO] /home/sweedal/FoodSAM/results/segmentations/dish_1562872396/sam_mask/26 assign label: [ 77, rape, 1.00, 0.0007 ]
[2025-07-23 22:10:41,590] [enhance_semantic_masks.py:28] [INFO] /home/sweedal/FoodSAM/results/segmentations/dish_1562872396/sam_mask/27 assign label: [ 50, fried meat, 0.67, 0.0059 ]
[2025-07-23 22:10:41,591] [enhance_semantic_masks.py:28] [INFO] /home/sweedal/FoodSAM/results/segmentations/dish_1562872396/sam_mask/28 assign label: [ 0, background, 1.00, 0.0021 ]
[2025-07-23 22:10:41,591] [enhance_semantic_masks.py:28] [INFO] /home/sweedal/FoodSAM/results/segmentations/dish_1562872396/sam_mask/29 assign label: [ 0, background, 1.00, 0.0054 ]
[2025-07-23 22:10:41,592] [enhance_semantic_masks.py:28] [INFO] /home/sweedal/FoodSAM/results/segmentations/dish_1562872396/sam_mask/30 assign label: [ 0, background, 1.00, 0.0165 ]
[2025-07-23 22:10:41,593] [enhance_semantic_masks.py:28] [INFO] /home/sweedal/FoodSAM/results/segmentations/dish_1562872396/sam_mask/31 assign label: [ 77, rape, 1.00, 0.0062 ]
[2025-07-23 22:10:41,593] [enhance_semantic_masks.py:28] [INFO] /home/sweedal/FoodSAM/results/segmentations/dish_1562872396/sam_mask/32 assign label: [ 77, rape, 1.00, 0.0013 ]
[2025-07-23 22:10:41,593] [enhance_semantic_masks.py:28] [INFO] /home/sweedal/FoodSAM/results/segmentations/dish_1562872396/sam_mask/33 assign label: [ 50, fried meat, 0.79, 0.0063 ]
[2025-07-23 22:10:41,595] [enhance_semantic_masks.py:28] [INFO] /home/sweedal/FoodSAM/results/segmentations/dish_1562872396/sam_mask/34 assign label: [ 47, pork, 0.87, 0.0155 ]
[2025-07-23 22:10:41,595] [enhance_semantic_masks.py:28] [INFO] /home/sweedal/FoodSAM/results/segmentations/dish_1562872396/sam_mask/35 assign label: [ 77, rape, 1.00, 0.0107 ]
[2025-07-23 22:10:41,596] [enhance_semantic_masks.py:28] [INFO] /home/sweedal/FoodSAM/results/segmentations/dish_1562872396/sam_mask/36 assign label: [ 77, rape, 1.00, 0.0017 ]
[2025-07-23 22:10:41,596] [enhance_semantic_masks.py:28] [INFO] /home/sweedal/FoodSAM/results/segmentations/dish_1562872396/sam_mask/37 assign label: [ 77, rape, 1.00, 0.0012 ]
[2025-07-23 22:10:41,596] [enhance_semantic_masks.py:28] [INFO] /home/sweedal/FoodSAM/results/segmentations/dish_1562872396/sam_mask/38 assign label: [ 0, background, 1.00, 0.0011 ]
[2025-07-23 22:10:41,596] [enhance_semantic_masks.py:28] [INFO] /home/sweedal/FoodSAM/results/segmentations/dish_1562872396/sam_mask/39 assign label: [ 77, rape, 1.00, 0.0014 ]
[2025-07-23 22:10:41,598] [enhance_semantic_masks.py:28] [INFO] /home/sweedal/FoodSAM/results/segmentations/dish_1562872396/sam_mask/40 assign label: [ 77, rape, 1.00, 0.0218 ]
[2025-07-23 22:10:41,598] [enhance_semantic_masks.py:28] [INFO] /home/sweedal/FoodSAM/results/segmentations/dish_1562872396/sam_mask/41 assign label: [ 0, background, 1.00, 0.0005 ]
[2025-07-23 22:10:41,599] [enhance_semantic_masks.py:28] [INFO] /home/sweedal/FoodSAM/results/segmentations/dish_1562872396/sam_mask/42 assign label: [ 77, rape, 0.99, 0.0041 ]
[2025-07-23 22:10:41,600] [enhance_semantic_masks.py:28] [INFO] /home/sweedal/FoodSAM/results/segmentations/dish_1562872396/sam_mask/43 assign label: [ 77, rape, 1.00, 0.0149 ]
[2025-07-23 22:10:41,600] [enhance_semantic_masks.py:28] [INFO] /home/sweedal/FoodSAM/results/segmentations/dish_1562872396/sam_mask/44 assign label: [ 0, background, 1.00, 0.0017 ]
[2025-07-23 22:10:41,600] [enhance_semantic_masks.py:28] [INFO] /home/sweedal/FoodSAM/results/segmentations/dish_1562872396/sam_mask/45 assign label: [ 0, background, 1.00, 0.0007 ]
[2025-07-23 22:10:41,601] [enhance_semantic_masks.py:28] [INFO] /home/sweedal/FoodSAM/results/segmentations/dish_1562872396/sam_mask/46 assign label: [ 77, rape, 0.99, 0.0047 ]
[2025-07-23 22:10:41,601] [enhance_semantic_masks.py:28] [INFO] /home/sweedal/FoodSAM/results/segmentations/dish_1562872396/sam_mask/47 assign label: [ 0, background, 1.00, 0.0009 ]
[2025-07-23 22:10:41,631] [enhance_semantic_masks.py:28] [INFO] /home/sweedal/FoodSAM/results/segmentations/dish_1563465805/sam_mask/0 assign label: [ 0, background, 1.00, 0.3232 ]
[2025-07-23 22:10:41,646] [enhance_semantic_masks.py:28] [INFO] /home/sweedal/FoodSAM/results/segmentations/dish_1563465805/sam_mask/1 assign label: [ 0, background, 1.00, 0.1761 ]
[2025-07-23 22:10:41,647] [enhance_semantic_masks.py:28] [INFO] /home/sweedal/FoodSAM/results/segmentations/dish_1563465805/sam_mask/2 assign label: [ 78, ginger, 0.44, 0.0069 ]
[2025-07-23 22:10:41,661] [enhance_semantic_masks.py:28] [INFO] /home/sweedal/FoodSAM/results/segmentations/dish_1563465805/sam_mask/3 assign label: [ 0, background, 1.00, 0.1798 ]
[2025-07-23 22:10:41,661] [enhance_semantic_masks.py:28] [INFO] /home/sweedal/FoodSAM/results/segmentations/dish_1563465805/sam_mask/4 assign label: [ 70, potato, 0.94, 0.0081 ]
[2025-07-23 22:10:41,671] [enhance_semantic_masks.py:28] [INFO] /home/sweedal/FoodSAM/results/segmentations/dish_1563465805/sam_mask/5 assign label: [ 0, background, 1.00, 0.1271 ]
[2025-07-23 22:10:41,672] [enhance_semantic_masks.py:28] [INFO] /home/sweedal/FoodSAM/results/segmentations/dish_1563465805/sam_mask/6 assign label: [ 70, potato, 0.97, 0.0065 ]
[2025-07-23 22:10:41,672] [enhance_semantic_masks.py:28] [INFO] /home/sweedal/FoodSAM/results/segmentations/dish_1563465805/sam_mask/7 assign label: [ 70, potato, 0.99, 0.0081 ]
[2025-07-23 22:10:41,674] [enhance_semantic_masks.py:28] [INFO] /home/sweedal/FoodSAM/results/segmentations/dish_1563465805/sam_mask/8 assign label: [ 0, background, 1.00, 0.0233 ]
[2025-07-23 22:10:41,675] [enhance_semantic_masks.py:28] [INFO] /home/sweedal/FoodSAM/results/segmentations/dish_1563465805/sam_mask/9 assign label: [ 70, potato, 0.98, 0.0127 ]
[2025-07-23 22:10:41,675] [enhance_semantic_masks.py:28] [INFO] /home/sweedal/FoodSAM/results/segmentations/dish_1563465805/sam_mask/10 assign label: [ 0, background, 1.00, 0.0045 ]
[2025-07-23 22:10:41,678] [enhance_semantic_masks.py:28] [INFO] /home/sweedal/FoodSAM/results/segmentations/dish_1563465805/sam_mask/11 assign label: [ 0, background, 1.00, 0.0331 ]
[2025-07-23 22:10:41,678] [enhance_semantic_masks.py:28] [INFO] /home/sweedal/FoodSAM/results/segmentations/dish_1563465805/sam_mask/12 assign label: [ 0, background, 1.00, 0.0027 ]
[2025-07-23 22:10:41,679] [enhance_semantic_masks.py:28] [INFO] /home/sweedal/FoodSAM/results/segmentations/dish_1563465805/sam_mask/13 assign label: [ 70, potato, 0.97, 0.0045 ]
[2025-07-23 22:10:41,679] [enhance_semantic_masks.py:28] [INFO] /home/sweedal/FoodSAM/results/segmentations/dish_1563465805/sam_mask/14 assign label: [ 0, background, 1.00, 0.0068 ]
[2025-07-23 22:10:41,680] [enhance_semantic_masks.py:28] [INFO] /home/sweedal/FoodSAM/results/segmentations/dish_1563465805/sam_mask/15 assign label: [ 0, background, 1.00, 0.0119 ]
[2025-07-23 22:10:41,680] [enhance_semantic_masks.py:28] [INFO] /home/sweedal/FoodSAM/results/segmentations/dish_1563465805/sam_mask/16 assign label: [ 70, potato, 0.96, 0.0030 ]
[2025-07-23 22:10:41,690] [enhance_semantic_masks.py:28] [INFO] /home/sweedal/FoodSAM/results/segmentations/dish_1563465805/sam_mask/17 assign label: [ 0, background, 1.00, 0.1253 ]
[2025-07-23 22:10:41,691] [enhance_semantic_masks.py:28] [INFO] /home/sweedal/FoodSAM/results/segmentations/dish_1563465805/sam_mask/18 assign label: [ 0, background, 1.00, 0.0009 ]
[2025-07-23 22:10:41,691] [enhance_semantic_masks.py:28] [INFO] /home/sweedal/FoodSAM/results/segmentations/dish_1563465805/sam_mask/19 assign label: [ 0, background, 1.00, 0.0065 ]
[2025-07-23 22:10:41,691] [enhance_semantic_masks.py:28] [INFO] /home/sweedal/FoodSAM/results/segmentations/dish_1563465805/sam_mask/20 assign label: [ 0, background, 1.00, 0.0041 ]
[2025-07-23 22:10:41,692] [enhance_semantic_masks.py:28] [INFO] /home/sweedal/FoodSAM/results/segmentations/dish_1563465805/sam_mask/21 assign label: [ 0, background, 1.00, 0.0022 ]
[2025-07-23 22:10:41,692] [enhance_semantic_masks.py:28] [INFO] /home/sweedal/FoodSAM/results/segmentations/dish_1563465805/sam_mask/22 assign label: [ 0, background, 1.00, 0.0007 ]
[2025-07-23 22:10:41,692] [enhance_semantic_masks.py:28] [INFO] /home/sweedal/FoodSAM/results/segmentations/dish_1563465805/sam_mask/23 assign label: [ 0, background, 1.00, 0.0055 ]
[2025-07-23 22:10:41,696] [enhance_semantic_masks.py:28] [INFO] /home/sweedal/FoodSAM/results/segmentations/dish_1563465805/sam_mask/24 assign label: [ 0, background, 1.00, 0.0475 ]
[2025-07-23 22:10:41,696] [enhance_semantic_masks.py:28] [INFO] /home/sweedal/FoodSAM/results/segmentations/dish_1563465805/sam_mask/25 assign label: [ 0, background, 1.00, 0.0008 ]
[2025-07-23 22:10:41,696] [enhance_semantic_masks.py:28] [INFO] /home/sweedal/FoodSAM/results/segmentations/dish_1563465805/sam_mask/26 assign label: [ 0, background, 1.00, 0.0021 ]
[2025-07-23 22:10:41,697] [enhance_semantic_masks.py:28] [INFO] /home/sweedal/FoodSAM/results/segmentations/dish_1563465805/sam_mask/27 assign label: [ 70, potato, 0.97, 0.0046 ]
[2025-07-23 22:10:41,697] [enhance_semantic_masks.py:28] [INFO] /home/sweedal/FoodSAM/results/segmentations/dish_1563465805/sam_mask/28 assign label: [ 0, background, 1.00, 0.0109 ]
[2025-07-23 22:10:41,698] [enhance_semantic_masks.py:28] [INFO] /home/sweedal/FoodSAM/results/segmentations/dish_1563465805/sam_mask/29 assign label: [ 70, potato, 0.98, 0.0035 ]
[2025-07-23 22:10:41,698] [enhance_semantic_masks.py:28] [INFO] /home/sweedal/FoodSAM/results/segmentations/dish_1563465805/sam_mask/30 assign label: [ 0, background, 1.00, 0.0053 ]
[2025-07-23 22:10:41,699] [enhance_semantic_masks.py:28] [INFO] /home/sweedal/FoodSAM/results/segmentations/dish_1563465805/sam_mask/31 assign label: [ 0, background, 1.00, 0.0022 ]
[2025-07-23 22:10:41,699] [enhance_semantic_masks.py:28] [INFO] /home/sweedal/FoodSAM/results/segmentations/dish_1563465805/sam_mask/32 assign label: [ 0, background, 1.00, 0.0007 ]
[2025-07-23 22:10:41,699] [enhance_semantic_masks.py:28] [INFO] /home/sweedal/FoodSAM/results/segmentations/dish_1563465805/sam_mask/33 assign label: [ 0, background, 1.00, 0.0008 ]
[2025-07-23 22:10:41,699] [enhance_semantic_masks.py:28] [INFO] /home/sweedal/FoodSAM/results/segmentations/dish_1563465805/sam_mask/34 assign label: [ 0, background, 1.00, 0.0029 ]
[2025-07-23 22:10:41,700] [enhance_semantic_masks.py:28] [INFO] /home/sweedal/FoodSAM/results/segmentations/dish_1563465805/sam_mask/35 assign label: [ 0, background, 1.00, 0.0022 ]
[2025-07-23 22:10:41,700] [enhance_semantic_masks.py:28] [INFO] /home/sweedal/FoodSAM/results/segmentations/dish_1563465805/sam_mask/36 assign label: [ 0, background, 1.00, 0.0007 ]
[2025-07-23 22:10:41,700] [enhance_semantic_masks.py:28] [INFO] /home/sweedal/FoodSAM/results/segmentations/dish_1563465805/sam_mask/37 assign label: [ 0, background, 1.00, 0.0021 ]
[2025-07-23 22:10:41,700] [enhance_semantic_masks.py:28] [INFO] /home/sweedal/FoodSAM/results/segmentations/dish_1563465805/sam_mask/38 assign label: [ 0, background, 1.00, 0.0017 ]
[2025-07-23 22:10:41,701] [enhance_semantic_masks.py:28] [INFO] /home/sweedal/FoodSAM/results/segmentations/dish_1563465805/sam_mask/39 assign label: [ 70, potato, 0.98, 0.0129 ]
[2025-07-23 22:10:41,702] [enhance_semantic_masks.py:28] [INFO] /home/sweedal/FoodSAM/results/segmentations/dish_1563465805/sam_mask/40 assign label: [ 0, background, 1.00, 0.0111 ]
[2025-07-23 22:10:41,702] [enhance_semantic_masks.py:28] [INFO] /home/sweedal/FoodSAM/results/segmentations/dish_1563465805/sam_mask/41 assign label: [ 0, background, 1.00, 0.0007 ]
[2025-07-23 22:10:41,703] [enhance_semantic_masks.py:28] [INFO] /home/sweedal/FoodSAM/results/segmentations/dish_1563465805/sam_mask/42 assign label: [ 0, background, 1.00, 0.0008 ]
[2025-07-23 22:10:41,703] [enhance_semantic_masks.py:28] [INFO] /home/sweedal/FoodSAM/results/segmentations/dish_1563465805/sam_mask/43 assign label: [ 0, background, 1.00, 0.0006 ]
[2025-07-23 22:10:41,703] [enhance_semantic_masks.py:28] [INFO] /home/sweedal/FoodSAM/results/segmentations/dish_1563465805/sam_mask/44 assign label: [ 0, background, 1.00, 0.0012 ]
[2025-07-23 22:10:41,703] [enhance_semantic_masks.py:28] [INFO] /home/sweedal/FoodSAM/results/segmentations/dish_1563465805/sam_mask/45 assign label: [ 0, background, 1.00, 0.0031 ]
[2025-07-23 22:10:41,704] [enhance_semantic_masks.py:28] [INFO] /home/sweedal/FoodSAM/results/segmentations/dish_1563465805/sam_mask/46 assign label: [ 0, background, 1.00, 0.0025 ]
[2025-07-23 22:10:41,704] [enhance_semantic_masks.py:28] [INFO] /home/sweedal/FoodSAM/results/segmentations/dish_1563465805/sam_mask/47 assign label: [ 0, background, 1.00, 0.0006 ]
[2025-07-23 22:10:41,722] [enhance_semantic_masks.py:28] [INFO] /home/sweedal/FoodSAM/results/segmentations/dish_1561661479/sam_mask/0 assign label: [ 0, background, 1.00, 0.1417 ]
[2025-07-23 22:10:41,723] [enhance_semantic_masks.py:28] [INFO] /home/sweedal/FoodSAM/results/segmentations/dish_1561661479/sam_mask/1 assign label: [ 82, cucumber, 1.00, 0.0091 ]
[2025-07-23 22:10:41,761] [enhance_semantic_masks.py:28] [INFO] /home/sweedal/FoodSAM/results/segmentations/dish_1561661479/sam_mask/2 assign label: [ 0, background, 0.99, 0.4562 ]
[2025-07-23 22:10:41,762] [enhance_semantic_masks.py:28] [INFO] /home/sweedal/FoodSAM/results/segmentations/dish_1561661479/sam_mask/3 assign label: [ 47, pork, 0.96, 0.0051 ]
[2025-07-23 22:10:41,762] [enhance_semantic_masks.py:28] [INFO] /home/sweedal/FoodSAM/results/segmentations/dish_1561661479/sam_mask/4 assign label: [ 82, cucumber, 1.00, 0.0071 ]
[2025-07-23 22:10:41,763] [enhance_semantic_masks.py:28] [INFO] /home/sweedal/FoodSAM/results/segmentations/dish_1561661479/sam_mask/5 assign label: [ 47, pork, 0.96, 0.0088 ]
[2025-07-23 22:10:41,764] [enhance_semantic_masks.py:28] [INFO] /home/sweedal/FoodSAM/results/segmentations/dish_1561661479/sam_mask/6 assign label: [ 82, cucumber, 1.00, 0.0061 ]
[2025-07-23 22:10:41,764] [enhance_semantic_masks.py:28] [INFO] /home/sweedal/FoodSAM/results/segmentations/dish_1561661479/sam_mask/7 assign label: [ 47, pork, 0.66, 0.0070 ]
[2025-07-23 22:10:41,764] [enhance_semantic_masks.py:28] [INFO] /home/sweedal/FoodSAM/results/segmentations/dish_1561661479/sam_mask/8 assign label: [ 82, cucumber, 1.00, 0.0024 ]
[2025-07-23 22:10:41,765] [enhance_semantic_masks.py:28] [INFO] /home/sweedal/FoodSAM/results/segmentations/dish_1561661479/sam_mask/9 assign label: [ 82, cucumber, 1.00, 0.0094 ]
[2025-07-23 22:10:41,766] [enhance_semantic_masks.py:28] [INFO] /home/sweedal/FoodSAM/results/segmentations/dish_1561661479/sam_mask/10 assign label: [ 82, cucumber, 1.00, 0.0074 ]
[2025-07-23 22:10:41,777] [enhance_semantic_masks.py:28] [INFO] /home/sweedal/FoodSAM/results/segmentations/dish_1561661479/sam_mask/11 assign label: [ 0, background, 1.00, 0.1430 ]
[2025-07-23 22:10:41,778] [enhance_semantic_masks.py:28] [INFO] /home/sweedal/FoodSAM/results/segmentations/dish_1561661479/sam_mask/12 assign label: [ 0, background, 1.00, 0.0027 ]
[2025-07-23 22:10:41,778] [enhance_semantic_masks.py:28] [INFO] /home/sweedal/FoodSAM/results/segmentations/dish_1561661479/sam_mask/13 assign label: [ 82, cucumber, 1.00, 0.0058 ]
[2025-07-23 22:10:41,779] [enhance_semantic_masks.py:28] [INFO] /home/sweedal/FoodSAM/results/segmentations/dish_1561661479/sam_mask/14 assign label: [ 47, pork, 0.93, 0.0087 ]
[2025-07-23 22:10:41,780] [enhance_semantic_masks.py:28] [INFO] /home/sweedal/FoodSAM/results/segmentations/dish_1561661479/sam_mask/15 assign label: [ 47, pork, 0.83, 0.0179 ]
[2025-07-23 22:10:41,780] [enhance_semantic_masks.py:28] [INFO] /home/sweedal/FoodSAM/results/segmentations/dish_1561661479/sam_mask/16 assign label: [ 0, background, 1.00, 0.0006 ]
[2025-07-23 22:10:41,783] [enhance_semantic_masks.py:28] [INFO] /home/sweedal/FoodSAM/results/segmentations/dish_1561661479/sam_mask/17 assign label: [ 0, background, 1.00, 0.0311 ]
[2025-07-23 22:10:41,783] [enhance_semantic_masks.py:28] [INFO] /home/sweedal/FoodSAM/results/segmentations/dish_1561661479/sam_mask/18 assign label: [ 82, cucumber, 1.00, 0.0041 ]
[2025-07-23 22:10:41,784] [enhance_semantic_masks.py:28] [INFO] /home/sweedal/FoodSAM/results/segmentations/dish_1561661479/sam_mask/19 assign label: [ 0, background, 1.00, 0.0084 ]
[2025-07-23 22:10:41,785] [enhance_semantic_masks.py:28] [INFO] /home/sweedal/FoodSAM/results/segmentations/dish_1561661479/sam_mask/20 assign label: [ 47, pork, 0.83, 0.0158 ]
[2025-07-23 22:10:41,786] [enhance_semantic_masks.py:28] [INFO] /home/sweedal/FoodSAM/results/segmentations/dish_1561661479/sam_mask/21 assign label: [ 47, pork, 0.81, 0.0086 ]
[2025-07-23 22:10:41,786] [enhance_semantic_masks.py:28] [INFO] /home/sweedal/FoodSAM/results/segmentations/dish_1561661479/sam_mask/22 assign label: [ 0, background, 1.00, 0.0019 ]
[2025-07-23 22:10:41,787] [enhance_semantic_masks.py:28] [INFO] /home/sweedal/FoodSAM/results/segmentations/dish_1561661479/sam_mask/23 assign label: [ 0, background, 1.00, 0.0059 ]
[2025-07-23 22:10:41,788] [enhance_semantic_masks.py:28] [INFO] /home/sweedal/FoodSAM/results/segmentations/dish_1561661479/sam_mask/24 assign label: [ 47, pork, 0.96, 0.0139 ]
[2025-07-23 22:10:41,788] [enhance_semantic_masks.py:28] [INFO] /home/sweedal/FoodSAM/results/segmentations/dish_1561661479/sam_mask/25 assign label: [ 82, cucumber, 1.00, 0.0035 ]
[2025-07-23 22:10:41,788] [enhance_semantic_masks.py:28] [INFO] /home/sweedal/FoodSAM/results/segmentations/dish_1561661479/sam_mask/26 assign label: [ 0, background, 1.00, 0.0010 ]
[2025-07-23 22:10:41,789] [enhance_semantic_masks.py:28] [INFO] /home/sweedal/FoodSAM/results/segmentations/dish_1561661479/sam_mask/27 assign label: [ 47, pork, 0.83, 0.0158 ]
[2025-07-23 22:10:41,790] [enhance_semantic_masks.py:28] [INFO] /home/sweedal/FoodSAM/results/segmentations/dish_1561661479/sam_mask/28 assign label: [ 0, background, 1.00, 0.0021 ]
[2025-07-23 22:10:41,790] [enhance_semantic_masks.py:28] [INFO] /home/sweedal/FoodSAM/results/segmentations/dish_1561661479/sam_mask/29 assign label: [ 0, background, 1.00, 0.0035 ]
[2025-07-23 22:10:41,790] [enhance_semantic_masks.py:28] [INFO] /home/sweedal/FoodSAM/results/segmentations/dish_1561661479/sam_mask/30 assign label: [ 0, background, 1.00, 0.0019 ]
[2025-07-23 22:10:41,791] [enhance_semantic_masks.py:28] [INFO] /home/sweedal/FoodSAM/results/segmentations/dish_1561661479/sam_mask/31 assign label: [ 47, pork, 0.57, 0.0025 ]
[2025-07-23 22:10:41,792] [enhance_semantic_masks.py:28] [INFO] /home/sweedal/FoodSAM/results/segmentations/dish_1561661479/sam_mask/32 assign label: [ 47, pork, 0.86, 0.0175 ]
[2025-07-23 22:10:41,792] [enhance_semantic_masks.py:28] [INFO] /home/sweedal/FoodSAM/results/segmentations/dish_1561661479/sam_mask/33 assign label: [ 82, cucumber, 1.00, 0.0072 ]
[2025-07-23 22:10:41,793] [enhance_semantic_masks.py:28] [INFO] /home/sweedal/FoodSAM/results/segmentations/dish_1561661479/sam_mask/34 assign label: [ 47, pork, 0.71, 0.0027 ]
[2025-07-23 22:10:41,793] [enhance_semantic_masks.py:28] [INFO] /home/sweedal/FoodSAM/results/segmentations/dish_1561661479/sam_mask/35 assign label: [ 82, cucumber, 0.99, 0.0003 ]
[2025-07-23 22:10:41,793] [enhance_semantic_masks.py:28] [INFO] /home/sweedal/FoodSAM/results/segmentations/dish_1561661479/sam_mask/36 assign label: [ 47, pork, 0.76, 0.0026 ]
[2025-07-23 22:10:41,795] [enhance_semantic_masks.py:28] [INFO] /home/sweedal/FoodSAM/results/segmentations/dish_1561661479/sam_mask/37 assign label: [ 0, background, 1.00, 0.0184 ]
[2025-07-23 22:10:41,796] [enhance_semantic_masks.py:28] [INFO] /home/sweedal/FoodSAM/results/segmentations/dish_1561661479/sam_mask/38 assign label: [ 47, pork, 0.99, 0.0197 ]
[2025-07-23 22:10:41,797] [enhance_semantic_masks.py:28] [INFO] /home/sweedal/FoodSAM/results/segmentations/dish_1561661479/sam_mask/39 assign label: [ 0, background, 1.00, 0.0184 ]
[2025-07-23 22:10:41,798] [enhance_semantic_masks.py:28] [INFO] /home/sweedal/FoodSAM/results/segmentations/dish_1561661479/sam_mask/40 assign label: [ 47, pork, 0.68, 0.0002 ]
[2025-07-23 22:10:41,798] [enhance_semantic_masks.py:28] [INFO] /home/sweedal/FoodSAM/results/segmentations/dish_1561661479/sam_mask/41 assign label: [ 82, cucumber, 1.00, 0.0035 ]
[2025-07-23 22:10:41,798] [enhance_semantic_masks.py:28] [INFO] /home/sweedal/FoodSAM/results/segmentations/dish_1561661479/sam_mask/42 assign label: [ 0, background, 1.00, 0.0050 ]
[2025-07-23 22:10:41,799] [enhance_semantic_masks.py:28] [INFO] /home/sweedal/FoodSAM/results/segmentations/dish_1561661479/sam_mask/43 assign label: [ 0, background, 1.00, 0.0007 ]
[2025-07-23 22:10:41,799] [enhance_semantic_masks.py:28] [INFO] /home/sweedal/FoodSAM/results/segmentations/dish_1561661479/sam_mask/44 assign label: [ 47, pork, 0.91, 0.0066 ]
[2025-07-23 22:10:41,799] [enhance_semantic_masks.py:28] [INFO] /home/sweedal/FoodSAM/results/segmentations/dish_1561661479/sam_mask/45 assign label: [ 47, pork, 0.99, 0.0010 ]
[2025-07-23 22:10:41,800] [enhance_semantic_masks.py:28] [INFO] /home/sweedal/FoodSAM/results/segmentations/dish_1561661479/sam_mask/46 assign label: [ 0, background, 1.00, 0.0100 ]
[2025-07-23 22:10:41,804] [enhance_semantic_masks.py:28] [INFO] /home/sweedal/FoodSAM/results/segmentations/dish_1561661479/sam_mask/47 assign label: [ 0, background, 1.00, 0.0511 ]
[2025-07-23 22:10:41,804] [enhance_semantic_masks.py:28] [INFO] /home/sweedal/FoodSAM/results/segmentations/dish_1561661479/sam_mask/48 assign label: [ 0, background, 1.00, 0.0013 ]
[2025-07-23 22:10:41,804] [enhance_semantic_masks.py:28] [INFO] /home/sweedal/FoodSAM/results/segmentations/dish_1561661479/sam_mask/49 assign label: [ 0, background, 1.00, 0.0054 ]
[2025-07-23 22:10:41,805] [enhance_semantic_masks.py:28] [INFO] /home/sweedal/FoodSAM/results/segmentations/dish_1561661479/sam_mask/50 assign label: [ 0, background, 1.00, 0.0006 ]
[2025-07-23 22:10:41,805] [enhance_semantic_masks.py:28] [INFO] /home/sweedal/FoodSAM/results/segmentations/dish_1561661479/sam_mask/51 assign label: [ 0, background, 1.00, 0.0038 ]
[2025-07-23 22:10:41,805] [enhance_semantic_masks.py:28] [INFO] /home/sweedal/FoodSAM/results/segmentations/dish_1561661479/sam_mask/52 assign label: [ 82, cucumber, 0.75, 0.0017 ]
[2025-07-23 22:10:41,806] [enhance_semantic_masks.py:28] [INFO] /home/sweedal/FoodSAM/results/segmentations/dish_1561661479/sam_mask/53 assign label: [ 0, background, 1.00, 0.0011 ]
[2025-07-23 22:10:41,806] [enhance_semantic_masks.py:28] [INFO] /home/sweedal/FoodSAM/results/segmentations/dish_1561661479/sam_mask/54 assign label: [ 0, background, 1.00, 0.0001 ]
[2025-07-23 22:10:41,806] [enhance_semantic_masks.py:28] [INFO] /home/sweedal/FoodSAM/results/segmentations/dish_1561661479/sam_mask/55 assign label: [ 0, background, 1.00, 0.0005 ]
[2025-07-23 22:10:41,807] [enhance_semantic_masks.py:28] [INFO] /home/sweedal/FoodSAM/results/segmentations/dish_1561661479/sam_mask/56 assign label: [ 82, cucumber, 1.00, 0.0135 ]
[2025-07-23 22:10:41,807] [enhance_semantic_masks.py:28] [INFO] /home/sweedal/FoodSAM/results/segmentations/dish_1561661479/sam_mask/57 assign label: [ 0, background, 1.00, 0.0010 ]
[2025-07-23 22:10:41,807] [enhance_semantic_masks.py:28] [INFO] /home/sweedal/FoodSAM/results/segmentations/dish_1561661479/sam_mask/58 assign label: [ 0, background, 1.00, 0.0002 ]
[2025-07-23 22:10:41,808] [enhance_semantic_masks.py:28] [INFO] /home/sweedal/FoodSAM/results/segmentations/dish_1561661479/sam_mask/59 assign label: [ 82, cucumber, 1.00, 0.0121 ]
[2025-07-23 22:10:41,821] [enhance_semantic_masks.py:28] [INFO] /home/sweedal/FoodSAM/results/segmentations/dish_1564432238/sam_mask/0 assign label: [ 77, rape, 0.75, 0.0886 ]
[2025-07-23 22:10:41,834] [enhance_semantic_masks.py:28] [INFO] /home/sweedal/FoodSAM/results/segmentations/dish_1564432238/sam_mask/1 assign label: [ 0, background, 1.00, 0.1699 ]
[2025-07-23 22:10:41,838] [enhance_semantic_masks.py:28] [INFO] /home/sweedal/FoodSAM/results/segmentations/dish_1564432238/sam_mask/2 assign label: [ 67, pie, 0.79, 0.0551 ]
[2025-07-23 22:10:41,838] [enhance_semantic_masks.py:28] [INFO] /home/sweedal/FoodSAM/results/segmentations/dish_1564432238/sam_mask/3 assign label: [ 47, pork, 0.97, 0.0118 ]
[2025-07-23 22:10:41,839] [enhance_semantic_masks.py:28] [INFO] /home/sweedal/FoodSAM/results/segmentations/dish_1564432238/sam_mask/4 assign label: [ 40, pineapple, 0.98, 0.0094 ]
[2025-07-23 22:10:41,840] [enhance_semantic_masks.py:28] [INFO] /home/sweedal/FoodSAM/results/segmentations/dish_1564432238/sam_mask/5 assign label: [ 70, potato, 0.68, 0.0041 ]
[2025-07-23 22:10:41,861] [enhance_semantic_masks.py:28] [INFO] /home/sweedal/FoodSAM/results/segmentations/dish_1564432238/sam_mask/6 assign label: [ 0, background, 0.99, 0.2517 ]
[2025-07-23 22:10:41,867] [enhance_semantic_masks.py:28] [INFO] /home/sweedal/FoodSAM/results/segmentations/dish_1564432238/sam_mask/7 assign label: [ 47, pork, 0.98, 0.0919 ]
[2025-07-23 22:10:41,881] [enhance_semantic_masks.py:28] [INFO] /home/sweedal/FoodSAM/results/segmentations/dish_1564432238/sam_mask/8 assign label: [ 0, background, 1.00, 0.1704 ]
[2025-07-23 22:10:41,894] [enhance_semantic_masks.py:28] [INFO] /home/sweedal/FoodSAM/results/segmentations/dish_1564432238/sam_mask/9 assign label: [ 0, background, 1.00, 0.1708 ]
[2025-07-23 22:10:41,895] [enhance_semantic_masks.py:28] [INFO] /home/sweedal/FoodSAM/results/segmentations/dish_1564432238/sam_mask/10 assign label: [ 52, sauce, 0.79, 0.0124 ]
[2025-07-23 22:10:41,896] [enhance_semantic_masks.py:28] [INFO] /home/sweedal/FoodSAM/results/segmentations/dish_1564432238/sam_mask/11 assign label: [ 0, background, 1.00, 0.0162 ]
[2025-07-23 22:10:41,896] [enhance_semantic_masks.py:28] [INFO] /home/sweedal/FoodSAM/results/segmentations/dish_1564432238/sam_mask/12 assign label: [ 89, cilantro mint, 0.96, 0.0025 ]
[2025-07-23 22:10:41,897] [enhance_semantic_masks.py:28] [INFO] /home/sweedal/FoodSAM/results/segmentations/dish_1564432238/sam_mask/13 assign label: [ 72, cauliflower, 0.52, 0.0061 ]
[2025-07-23 22:10:41,898] [enhance_semantic_masks.py:28] [INFO] /home/sweedal/FoodSAM/results/segmentations/dish_1564432238/sam_mask/14 assign label: [ 40, pineapple, 0.88, 0.0073 ]
[2025-07-23 22:10:41,898] [enhance_semantic_masks.py:28] [INFO] /home/sweedal/FoodSAM/results/segmentations/dish_1564432238/sam_mask/15 assign label: [ 47, pork, 0.97, 0.0036 ]
[2025-07-23 22:10:41,898] [enhance_semantic_masks.py:28] [INFO] /home/sweedal/FoodSAM/results/segmentations/dish_1564432238/sam_mask/16 assign label: [ 47, pork, 0.94, 0.0040 ]
[2025-07-23 22:10:41,910] [enhance_semantic_masks.py:28] [INFO] /home/sweedal/FoodSAM/results/segmentations/dish_1564432238/sam_mask/17 assign label: [ 47, pork, 0.60, 0.1530 ]
[2025-07-23 22:10:41,911] [enhance_semantic_masks.py:28] [INFO] /home/sweedal/FoodSAM/results/segmentations/dish_1564432238/sam_mask/18 assign label: [ 72, cauliflower, 0.84, 0.0093 ]
[2025-07-23 22:10:41,912] [enhance_semantic_masks.py:28] [INFO] /home/sweedal/FoodSAM/results/segmentations/dish_1564432238/sam_mask/19 assign label: [ 67, pie, 1.00, 0.0129 ]
[2025-07-23 22:10:41,912] [enhance_semantic_masks.py:28] [INFO] /home/sweedal/FoodSAM/results/segmentations/dish_1564432238/sam_mask/20 assign label: [ 0, background, 1.00, 0.0073 ]
[2025-07-23 22:10:41,913] [enhance_semantic_masks.py:28] [INFO] /home/sweedal/FoodSAM/results/segmentations/dish_1564432238/sam_mask/21 assign label: [ 0, background, 1.00, 0.0029 ]
[2025-07-23 22:10:41,913] [enhance_semantic_masks.py:28] [INFO] /home/sweedal/FoodSAM/results/segmentations/dish_1564432238/sam_mask/22 assign label: [ 0, background, 1.00, 0.0087 ]
[2025-07-23 22:10:41,914] [enhance_semantic_masks.py:28] [INFO] /home/sweedal/FoodSAM/results/segmentations/dish_1564432238/sam_mask/23 assign label: [ 70, potato, 0.77, 0.0016 ]
[2025-07-23 22:10:41,914] [enhance_semantic_masks.py:28] [INFO] /home/sweedal/FoodSAM/results/segmentations/dish_1564432238/sam_mask/24 assign label: [ 70, potato, 1.00, 0.0081 ]
[2025-07-23 22:10:41,914] [enhance_semantic_masks.py:28] [INFO] /home/sweedal/FoodSAM/results/segmentations/dish_1564432238/sam_mask/25 assign label: [ 67, pie, 0.97, 0.0010 ]
[2025-07-23 22:10:41,915] [enhance_semantic_masks.py:28] [INFO] /home/sweedal/FoodSAM/results/segmentations/dish_1564432238/sam_mask/26 assign label: [ 77, rape, 0.98, 0.0038 ]
[2025-07-23 22:10:41,915] [enhance_semantic_masks.py:28] [INFO] /home/sweedal/FoodSAM/results/segmentations/dish_1564432238/sam_mask/27 assign label: [ 89, cilantro mint, 1.00, 0.0047 ]
[2025-07-23 22:10:41,923] [enhance_semantic_masks.py:28] [INFO] /home/sweedal/FoodSAM/results/segmentations/dish_1564432238/sam_mask/28 assign label: [ 0, background, 1.00, 0.1037 ]
[2025-07-23 22:10:41,923] [enhance_semantic_masks.py:28] [INFO] /home/sweedal/FoodSAM/results/segmentations/dish_1564432238/sam_mask/29 assign label: [ 77, rape, 1.00, 0.0013 ]
[2025-07-23 22:10:41,923] [enhance_semantic_masks.py:28] [INFO] /home/sweedal/FoodSAM/results/segmentations/dish_1564432238/sam_mask/30 assign label: [ 77, rape, 1.00, 0.0011 ]
[2025-07-23 22:10:41,924] [enhance_semantic_masks.py:28] [INFO] /home/sweedal/FoodSAM/results/segmentations/dish_1564432238/sam_mask/31 assign label: [ 67, pie, 0.88, 0.0039 ]
[2025-07-23 22:10:41,925] [enhance_semantic_masks.py:28] [INFO] /home/sweedal/FoodSAM/results/segmentations/dish_1564432238/sam_mask/32 assign label: [ 72, cauliflower, 0.85, 0.0116 ]
[2025-07-23 22:10:41,925] [enhance_semantic_masks.py:28] [INFO] /home/sweedal/FoodSAM/results/segmentations/dish_1564432238/sam_mask/33 assign label: [ 47, pork, 0.99, 0.0021 ]
[2025-07-23 22:10:41,925] [enhance_semantic_masks.py:28] [INFO] /home/sweedal/FoodSAM/results/segmentations/dish_1564432238/sam_mask/34 assign label: [ 47, pork, 0.54, 0.0005 ]
[2025-07-23 22:10:41,925] [enhance_semantic_masks.py:28] [INFO] /home/sweedal/FoodSAM/results/segmentations/dish_1564432238/sam_mask/35 assign label: [ 67, pie, 0.99, 0.0011 ]
[2025-07-23 22:10:41,926] [enhance_semantic_masks.py:28] [INFO] /home/sweedal/FoodSAM/results/segmentations/dish_1564432238/sam_mask/36 assign label: [ 0, background, 1.00, 0.0036 ]
[2025-07-23 22:10:41,926] [enhance_semantic_masks.py:28] [INFO] /home/sweedal/FoodSAM/results/segmentations/dish_1564432238/sam_mask/37 assign label: [ 47, pork, 1.00, 0.0045 ]
[2025-07-23 22:10:41,926] [enhance_semantic_masks.py:28] [INFO] /home/sweedal/FoodSAM/results/segmentations/dish_1564432238/sam_mask/38 assign label: [ 47, pork, 0.59, 0.0013 ]
[2025-07-23 22:10:41,927] [enhance_semantic_masks.py:28] [INFO] /home/sweedal/FoodSAM/results/segmentations/dish_1564432238/sam_mask/39 assign label: [ 0, background, 1.00, 0.0011 ]
[2025-07-23 22:10:41,933] [enhance_semantic_masks.py:28] [INFO] /home/sweedal/FoodSAM/results/segmentations/dish_1564432238/sam_mask/40 assign label: [ 77, rape, 0.75, 0.0900 ]
[2025-07-23 22:10:41,934] [enhance_semantic_masks.py:28] [INFO] /home/sweedal/FoodSAM/results/segmentations/dish_1564432238/sam_mask/41 assign label: [ 70, potato, 0.54, 0.0054 ]
[2025-07-23 22:10:41,934] [enhance_semantic_masks.py:28] [INFO] /home/sweedal/FoodSAM/results/segmentations/dish_1564432238/sam_mask/42 assign label: [ 0, background, 1.00, 0.0012 ]
[2025-07-23 22:10:41,934] [enhance_semantic_masks.py:28] [INFO] /home/sweedal/FoodSAM/results/segmentations/dish_1564432238/sam_mask/43 assign label: [ 67, pie, 0.86, 0.0013 ]
[2025-07-23 22:10:41,935] [enhance_semantic_masks.py:28] [INFO] /home/sweedal/FoodSAM/results/segmentations/dish_1564432238/sam_mask/44 assign label: [ 40, pineapple, 0.97, 0.0162 ]
[2025-07-23 22:10:41,936] [enhance_semantic_masks.py:28] [INFO] /home/sweedal/FoodSAM/results/segmentations/dish_1564432238/sam_mask/45 assign label: [ 0, background, 1.00, 0.0052 ]
[2025-07-23 22:10:41,943] [enhance_semantic_masks.py:28] [INFO] /home/sweedal/FoodSAM/results/segmentations/dish_1564432238/sam_mask/46 assign label: [ 0, background, 1.00, 0.1031 ]
[2025-07-23 22:10:41,944] [enhance_semantic_masks.py:28] [INFO] /home/sweedal/FoodSAM/results/segmentations/dish_1564432238/sam_mask/47 assign label: [ 47, pork, 1.00, 0.0025 ]
[2025-07-23 22:10:41,944] [enhance_semantic_masks.py:28] [INFO] /home/sweedal/FoodSAM/results/segmentations/dish_1564432238/sam_mask/48 assign label: [ 0, background, 0.90, 0.0052 ]
[2025-07-23 22:10:41,945] [enhance_semantic_masks.py:28] [INFO] /home/sweedal/FoodSAM/results/segmentations/dish_1564432238/sam_mask/49 assign label: [ 67, pie, 1.00, 0.0128 ]
[2025-07-23 22:10:41,945] [enhance_semantic_masks.py:28] [INFO] /home/sweedal/FoodSAM/results/segmentations/dish_1564432238/sam_mask/50 assign label: [ 47, pork, 1.00, 0.0036 ]
[2025-07-23 22:10:41,946] [enhance_semantic_masks.py:28] [INFO] /home/sweedal/FoodSAM/results/segmentations/dish_1564432238/sam_mask/51 assign label: [ 0, background, 1.00, 0.0021 ]
[2025-07-23 22:10:41,946] [enhance_semantic_masks.py:28] [INFO] /home/sweedal/FoodSAM/results/segmentations/dish_1564432238/sam_mask/52 assign label: [ 47, pork, 0.94, 0.0041 ]
[2025-07-23 22:10:41,947] [enhance_semantic_masks.py:28] [INFO] /home/sweedal/FoodSAM/results/segmentations/dish_1564432238/sam_mask/53 assign label: [ 40, pineapple, 0.95, 0.0061 ]
[2025-07-23 22:10:41,947] [enhance_semantic_masks.py:28] [INFO] /home/sweedal/FoodSAM/results/segmentations/dish_1564432238/sam_mask/54 assign label: [ 47, pork, 1.00, 0.0045 ]
[2025-07-23 22:10:41,947] [enhance_semantic_masks.py:28] [INFO] /home/sweedal/FoodSAM/results/segmentations/dish_1564432238/sam_mask/55 assign label: [ 89, cilantro mint, 0.83, 0.0008 ]
[2025-07-23 22:10:41,948] [enhance_semantic_masks.py:28] [INFO] /home/sweedal/FoodSAM/results/segmentations/dish_1564432238/sam_mask/56 assign label: [ 89, cilantro mint, 0.94, 0.0016 ]
[2025-07-23 22:10:41,948] [enhance_semantic_masks.py:28] [INFO] /home/sweedal/FoodSAM/results/segmentations/dish_1564432238/sam_mask/57 assign label: [ 47, pork, 1.00, 0.0038 ]
[2025-07-23 22:10:41,948] [enhance_semantic_masks.py:28] [INFO] /home/sweedal/FoodSAM/results/segmentations/dish_1564432238/sam_mask/58 assign label: [ 0, background, 1.00, 0.0005 ]
[2025-07-23 22:10:41,948] [enhance_semantic_masks.py:28] [INFO] /home/sweedal/FoodSAM/results/segmentations/dish_1564432238/sam_mask/59 assign label: [ 0, background, 1.00, 0.0018 ]
[2025-07-23 22:10:41,949] [enhance_semantic_masks.py:28] [INFO] /home/sweedal/FoodSAM/results/segmentations/dish_1564432238/sam_mask/60 assign label: [ 72, cauliflower, 0.87, 0.0021 ]
[2025-07-23 22:10:41,949] [enhance_semantic_masks.py:28] [INFO] /home/sweedal/FoodSAM/results/segmentations/dish_1564432238/sam_mask/61 assign label: [ 89, cilantro mint, 0.68, 0.0020 ]
[2025-07-23 22:10:41,949] [enhance_semantic_masks.py:28] [INFO] /home/sweedal/FoodSAM/results/segmentations/dish_1564432238/sam_mask/62 assign label: [ 0, background, 1.00, 0.0010 ]
[2025-07-23 22:10:41,950] [enhance_semantic_masks.py:28] [INFO] /home/sweedal/FoodSAM/results/segmentations/dish_1564432238/sam_mask/63 assign label: [ 77, rape, 1.00, 0.0012 ]
[2025-07-23 22:10:41,950] [enhance_semantic_masks.py:28] [INFO] /home/sweedal/FoodSAM/results/segmentations/dish_1564432238/sam_mask/64 assign label: [ 0, background, 1.00, 0.0020 ]
[2025-07-23 22:10:41,950] [enhance_semantic_masks.py:28] [INFO] /home/sweedal/FoodSAM/results/segmentations/dish_1564432238/sam_mask/65 assign label: [ 70, potato, 1.00, 0.0021 ]
[2025-07-23 22:10:41,951] [enhance_semantic_masks.py:28] [INFO] /home/sweedal/FoodSAM/results/segmentations/dish_1564432238/sam_mask/66 assign label: [ 70, potato, 0.85, 0.0153 ]
[2025-07-23 22:10:41,952] [enhance_semantic_masks.py:28] [INFO] /home/sweedal/FoodSAM/results/segmentations/dish_1564432238/sam_mask/67 assign label: [ 77, rape, 0.81, 0.0024 ]
[2025-07-23 22:10:41,952] [enhance_semantic_masks.py:28] [INFO] /home/sweedal/FoodSAM/results/segmentations/dish_1564432238/sam_mask/68 assign label: [ 0, background, 1.00, 0.0015 ]
[2025-07-23 22:10:41,952] [enhance_semantic_masks.py:28] [INFO] /home/sweedal/FoodSAM/results/segmentations/dish_1564432238/sam_mask/69 assign label: [ 70, potato, 1.00, 0.0008 ]
[2025-07-23 22:10:41,952] [enhance_semantic_masks.py:28] [INFO] /home/sweedal/FoodSAM/results/segmentations/dish_1564432238/sam_mask/70 assign label: [ 0, background, 1.00, 0.0032 ]
[2025-07-23 22:10:41,953] [enhance_semantic_masks.py:28] [INFO] /home/sweedal/FoodSAM/results/segmentations/dish_1564432238/sam_mask/71 assign label: [ 77, rape, 1.00, 0.0011 ]
[2025-07-23 22:10:41,953] [enhance_semantic_masks.py:28] [INFO] /home/sweedal/FoodSAM/results/segmentations/dish_1564432238/sam_mask/72 assign label: [ 47, pork, 1.00, 0.0007 ]
[2025-07-23 22:10:41,953] [enhance_semantic_masks.py:28] [INFO] /home/sweedal/FoodSAM/results/segmentations/dish_1564432238/sam_mask/73 assign label: [ 0, background, 1.00, 0.0005 ]
[2025-07-23 22:10:41,953] [enhance_semantic_masks.py:28] [INFO] /home/sweedal/FoodSAM/results/segmentations/dish_1564432238/sam_mask/74 assign label: [ 47, pork, 1.00, 0.0041 ]
[2025-07-23 22:10:41,954] [enhance_semantic_masks.py:28] [INFO] /home/sweedal/FoodSAM/results/segmentations/dish_1564432238/sam_mask/75 assign label: [ 0, background, 0.92, 0.0015 ]
[2025-07-23 22:10:41,954] [enhance_semantic_masks.py:28] [INFO] /home/sweedal/FoodSAM/results/segmentations/dish_1564432238/sam_mask/76 assign label: [ 77, rape, 1.00, 0.0051 ]
[2025-07-23 22:10:41,954] [enhance_semantic_masks.py:28] [INFO] /home/sweedal/FoodSAM/results/segmentations/dish_1564432238/sam_mask/77 assign label: [ 0, background, 1.00, 0.0008 ]
[2025-07-23 22:10:41,955] [enhance_semantic_masks.py:28] [INFO] /home/sweedal/FoodSAM/results/segmentations/dish_1564432238/sam_mask/78 assign label: [ 67, pie, 1.00, 0.0003 ]
[2025-07-23 22:10:41,955] [enhance_semantic_masks.py:28] [INFO] /home/sweedal/FoodSAM/results/segmentations/dish_1564432238/sam_mask/79 assign label: [ 47, pork, 0.96, 0.0011 ]
[2025-07-23 22:10:41,955] [enhance_semantic_masks.py:28] [INFO] /home/sweedal/FoodSAM/results/segmentations/dish_1564432238/sam_mask/80 assign label: [ 89, cilantro mint, 1.00, 0.0018 ]
[2025-07-23 22:10:41,955] [enhance_semantic_masks.py:28] [INFO] /home/sweedal/FoodSAM/results/segmentations/dish_1564432238/sam_mask/81 assign label: [ 89, cilantro mint, 0.83, 0.0012 ]
[2025-07-23 22:10:41,956] [enhance_semantic_masks.py:28] [INFO] /home/sweedal/FoodSAM/results/segmentations/dish_1564432238/sam_mask/82 assign label: [ 47, pork, 0.78, 0.0006 ]
[2025-07-23 22:10:41,956] [enhance_semantic_masks.py:28] [INFO] /home/sweedal/FoodSAM/results/segmentations/dish_1564432238/sam_mask/83 assign label: [ 0, background, 1.00, 0.0014 ]
[2025-07-23 22:10:41,956] [enhance_semantic_masks.py:28] [INFO] /home/sweedal/FoodSAM/results/segmentations/dish_1564432238/sam_mask/84 assign label: [ 70, potato, 0.98, 0.0060 ]
[2025-07-23 22:10:41,957] [enhance_semantic_masks.py:28] [INFO] /home/sweedal/FoodSAM/results/segmentations/dish_1564432238/sam_mask/85 assign label: [ 47, pork, 0.97, 0.0153 ]
[2025-07-23 22:10:41,958] [enhance_semantic_masks.py:28] [INFO] /home/sweedal/FoodSAM/results/segmentations/dish_1564432238/sam_mask/86 assign label: [ 40, pineapple, 0.98, 0.0101 ]
[2025-07-23 22:10:41,958] [enhance_semantic_masks.py:28] [INFO] /home/sweedal/FoodSAM/results/segmentations/dish_1564432238/sam_mask/87 assign label: [ 47, pork, 0.98, 0.0016 ]
[2025-07-23 22:10:41,959] [enhance_semantic_masks.py:28] [INFO] /home/sweedal/FoodSAM/results/segmentations/dish_1564432238/sam_mask/88 assign label: [ 70, potato, 0.84, 0.0072 ]
[2025-07-23 22:10:41,959] [enhance_semantic_masks.py:28] [INFO] /home/sweedal/FoodSAM/results/segmentations/dish_1564432238/sam_mask/89 assign label: [ 0, background, 1.00, 0.0005 ]
[2025-07-23 22:10:41,960] [enhance_semantic_masks.py:28] [INFO] /home/sweedal/FoodSAM/results/segmentations/dish_1564432238/sam_mask/90 assign label: [ 72, cauliflower, 0.84, 0.0117 ]
[2025-07-23 22:10:41,961] [enhance_semantic_masks.py:28] [INFO] /home/sweedal/FoodSAM/results/segmentations/dish_1564432238/sam_mask/91 assign label: [ 89, cilantro mint, 1.00, 0.0053 ]
[2025-07-23 22:10:41,961] [enhance_semantic_masks.py:28] [INFO] /home/sweedal/FoodSAM/results/segmentations/dish_1564432238/sam_mask/92 assign label: [ 47, pork, 1.00, 0.0010 ]
[2025-07-23 22:10:41,961] [enhance_semantic_masks.py:28] [INFO] /home/sweedal/FoodSAM/results/segmentations/dish_1564432238/sam_mask/93 assign label: [ 0, background, 1.00, 0.0045 ]
[2025-07-23 22:10:41,962] [enhance_semantic_masks.py:28] [INFO] /home/sweedal/FoodSAM/results/segmentations/dish_1564432238/sam_mask/94 assign label: [ 47, pork, 1.00, 0.0025 ]
[2025-07-23 22:10:41,962] [enhance_semantic_masks.py:28] [INFO] /home/sweedal/FoodSAM/results/segmentations/dish_1564432238/sam_mask/95 assign label: [ 47, pork, 1.00, 0.0037 ]
[2025-07-23 22:10:41,965] [enhance_semantic_masks.py:28] [INFO] /home/sweedal/FoodSAM/results/segmentations/dish_1564432238/sam_mask/96 assign label: [ 0, background, 1.00, 0.0368 ]
[2025-07-23 22:10:41,985] [enhance_semantic_masks.py:28] [INFO] /home/sweedal/FoodSAM/results/segmentations/dish_1563309315/sam_mask/0 assign label: [ 0, background, 1.00, 0.1775 ]
[2025-07-23 22:10:41,999] [enhance_semantic_masks.py:28] [INFO] /home/sweedal/FoodSAM/results/segmentations/dish_1563309315/sam_mask/1 assign label: [ 0, background, 1.00, 0.1786 ]
[2025-07-23 22:10:42,020] [enhance_semantic_masks.py:28] [INFO] /home/sweedal/FoodSAM/results/segmentations/dish_1563309315/sam_mask/2 assign label: [ 0, background, 0.99, 0.2459 ]
[2025-07-23 22:10:42,020] [enhance_semantic_masks.py:28] [INFO] /home/sweedal/FoodSAM/results/segmentations/dish_1563309315/sam_mask/3 assign label: [ 35, olives, 0.91, 0.0042 ]
[2025-07-23 22:10:42,024] [enhance_semantic_masks.py:28] [INFO] /home/sweedal/FoodSAM/results/segmentations/dish_1563309315/sam_mask/4 assign label: [ 48, chicken duck, 0.93, 0.0434 ]
[2025-07-23 22:10:42,027] [enhance_semantic_masks.py:28] [INFO] /home/sweedal/FoodSAM/results/segmentations/dish_1563309315/sam_mask/5 assign label: [ 48, chicken duck, 0.99, 0.0512 ]
[2025-07-23 22:10:42,029] [enhance_semantic_masks.py:28] [INFO] /home/sweedal/FoodSAM/results/segmentations/dish_1563309315/sam_mask/6 assign label: [ 0, background, 1.00, 0.0204 ]
[2025-07-23 22:10:42,029] [enhance_semantic_masks.py:28] [INFO] /home/sweedal/FoodSAM/results/segmentations/dish_1563309315/sam_mask/7 assign label: [ 0, background, 0.96, 0.0135 ]
[2025-07-23 22:10:42,030] [enhance_semantic_masks.py:28] [INFO] /home/sweedal/FoodSAM/results/segmentations/dish_1563309315/sam_mask/8 assign label: [ 48, chicken duck, 1.00, 0.0029 ]
[2025-07-23 22:10:42,031] [enhance_semantic_masks.py:28] [INFO] /home/sweedal/FoodSAM/results/segmentations/dish_1563309315/sam_mask/9 assign label: [ 80, lettuce, 1.00, 0.0174 ]
[2025-07-23 22:10:42,035] [enhance_semantic_masks.py:28] [INFO] /home/sweedal/FoodSAM/results/segmentations/dish_1563309315/sam_mask/10 assign label: [ 48, chicken duck, 0.85, 0.0461 ]
[2025-07-23 22:10:42,035] [enhance_semantic_masks.py:28] [INFO] /home/sweedal/FoodSAM/results/segmentations/dish_1563309315/sam_mask/11 assign label: [ 0, background, 1.00, 0.0027 ]
[2025-07-23 22:10:42,035] [enhance_semantic_masks.py:28] [INFO] /home/sweedal/FoodSAM/results/segmentations/dish_1563309315/sam_mask/12 assign label: [ 80, lettuce, 1.00, 0.0053 ]
[2025-07-23 22:10:42,036] [enhance_semantic_masks.py:28] [INFO] /home/sweedal/FoodSAM/results/segmentations/dish_1563309315/sam_mask/13 assign label: [ 80, lettuce, 1.00, 0.0060 ]
[2025-07-23 22:10:42,036] [enhance_semantic_masks.py:28] [INFO] /home/sweedal/FoodSAM/results/segmentations/dish_1563309315/sam_mask/14 assign label: [ 0, background, 1.00, 0.0034 ]
[2025-07-23 22:10:42,037] [enhance_semantic_masks.py:28] [INFO] /home/sweedal/FoodSAM/results/segmentations/dish_1563309315/sam_mask/15 assign label: [ 80, lettuce, 1.00, 0.0114 ]
[2025-07-23 22:10:42,037] [enhance_semantic_masks.py:28] [INFO] /home/sweedal/FoodSAM/results/segmentations/dish_1563309315/sam_mask/16 assign label: [ 0, background, 1.00, 0.0034 ]
[2025-07-23 22:10:42,038] [enhance_semantic_masks.py:28] [INFO] /home/sweedal/FoodSAM/results/segmentations/dish_1563309315/sam_mask/17 assign label: [ 80, lettuce, 0.88, 0.0013 ]
[2025-07-23 22:10:42,038] [enhance_semantic_masks.py:28] [INFO] /home/sweedal/FoodSAM/results/segmentations/dish_1563309315/sam_mask/18 assign label: [ 80, lettuce, 1.00, 0.0011 ]
[2025-07-23 22:10:42,038] [enhance_semantic_masks.py:28] [INFO] /home/sweedal/FoodSAM/results/segmentations/dish_1563309315/sam_mask/19 assign label: [ 80, lettuce, 1.00, 0.0026 ]
[2025-07-23 22:10:42,038] [enhance_semantic_masks.py:28] [INFO] /home/sweedal/FoodSAM/results/segmentations/dish_1563309315/sam_mask/20 assign label: [ 94, pepper, 0.50, 0.0016 ]
[2025-07-23 22:10:42,039] [enhance_semantic_masks.py:28] [INFO] /home/sweedal/FoodSAM/results/segmentations/dish_1563309315/sam_mask/21 assign label: [ 80, lettuce, 1.00, 0.0024 ]
[2025-07-23 22:10:42,039] [enhance_semantic_masks.py:28] [INFO] /home/sweedal/FoodSAM/results/segmentations/dish_1563309315/sam_mask/22 assign label: [ 48, chicken duck, 0.98, 0.0018 ]
[2025-07-23 22:10:42,040] [enhance_semantic_masks.py:28] [INFO] /home/sweedal/FoodSAM/results/segmentations/dish_1563309315/sam_mask/23 assign label: [ 80, lettuce, 1.00, 0.0129 ]
[2025-07-23 22:10:42,041] [enhance_semantic_masks.py:28] [INFO] /home/sweedal/FoodSAM/results/segmentations/dish_1563309315/sam_mask/24 assign label: [ 48, chicken duck, 0.99, 0.0207 ]
[2025-07-23 22:10:42,042] [enhance_semantic_masks.py:28] [INFO] /home/sweedal/FoodSAM/results/segmentations/dish_1563309315/sam_mask/25 assign label: [ 94, pepper, 0.75, 0.0087 ]
[2025-07-23 22:10:42,043] [enhance_semantic_masks.py:28] [INFO] /home/sweedal/FoodSAM/results/segmentations/dish_1563309315/sam_mask/26 assign label: [ 84, carrot, 0.76, 0.0047 ]
[2025-07-23 22:10:42,043] [enhance_semantic_masks.py:28] [INFO] /home/sweedal/FoodSAM/results/segmentations/dish_1563309315/sam_mask/27 assign label: [ 80, lettuce, 1.00, 0.0068 ]
[2025-07-23 22:10:42,044] [enhance_semantic_masks.py:28] [INFO] /home/sweedal/FoodSAM/results/segmentations/dish_1563309315/sam_mask/28 assign label: [ 84, carrot, 0.99, 0.0059 ]
[2025-07-23 22:10:42,044] [enhance_semantic_masks.py:28] [INFO] /home/sweedal/FoodSAM/results/segmentations/dish_1563309315/sam_mask/29 assign label: [ 48, chicken duck, 0.65, 0.0019 ]
[2025-07-23 22:10:42,044] [enhance_semantic_masks.py:28] [INFO] /home/sweedal/FoodSAM/results/segmentations/dish_1563309315/sam_mask/30 assign label: [ 80, lettuce, 1.00, 0.0048 ]
[2025-07-23 22:10:42,045] [enhance_semantic_masks.py:28] [INFO] /home/sweedal/FoodSAM/results/segmentations/dish_1563309315/sam_mask/31 assign label: [ 80, lettuce, 1.00, 0.0081 ]
[2025-07-23 22:10:42,048] [enhance_semantic_masks.py:28] [INFO] /home/sweedal/FoodSAM/results/segmentations/dish_1563309315/sam_mask/32 assign label: [ 0, background, 1.00, 0.0358 ]
[2025-07-23 22:10:42,048] [enhance_semantic_masks.py:28] [INFO] /home/sweedal/FoodSAM/results/segmentations/dish_1563309315/sam_mask/33 assign label: [ 80, lettuce, 0.99, 0.0060 ]
[2025-07-23 22:10:42,049] [enhance_semantic_masks.py:28] [INFO] /home/sweedal/FoodSAM/results/segmentations/dish_1563309315/sam_mask/34 assign label: [ 0, background, 0.93, 0.0029 ]
[2025-07-23 22:10:42,049] [enhance_semantic_masks.py:28] [INFO] /home/sweedal/FoodSAM/results/segmentations/dish_1563309315/sam_mask/35 assign label: [ 0, background, 1.00, 0.0055 ]
[2025-07-23 22:10:42,049] [enhance_semantic_masks.py:28] [INFO] /home/sweedal/FoodSAM/results/segmentations/dish_1563309315/sam_mask/36 assign label: [ 0, background, 1.00, 0.0023 ]
[2025-07-23 22:10:42,051] [enhance_semantic_masks.py:28] [INFO] /home/sweedal/FoodSAM/results/segmentations/dish_1563309315/sam_mask/37 assign label: [ 48, chicken duck, 0.76, 0.0218 ]
[2025-07-23 22:10:42,052] [enhance_semantic_masks.py:28] [INFO] /home/sweedal/FoodSAM/results/segmentations/dish_1563309315/sam_mask/38 assign label: [ 80, lettuce, 0.84, 0.0046 ]
[2025-07-23 22:10:42,052] [enhance_semantic_masks.py:28] [INFO] /home/sweedal/FoodSAM/results/segmentations/dish_1563309315/sam_mask/39 assign label: [ 80, lettuce, 0.68, 0.0042 ]
[2025-07-23 22:10:42,052] [enhance_semantic_masks.py:28] [INFO] /home/sweedal/FoodSAM/results/segmentations/dish_1563309315/sam_mask/40 assign label: [ 84, carrot, 0.66, 0.0022 ]
[2025-07-23 22:10:42,052] [enhance_semantic_masks.py:28] [INFO] /home/sweedal/FoodSAM/results/segmentations/dish_1563309315/sam_mask/41 assign label: [ 0, background, 1.00, 0.0001 ]
[2025-07-23 22:10:42,053] [enhance_semantic_masks.py:28] [INFO] /home/sweedal/FoodSAM/results/segmentations/dish_1563309315/sam_mask/42 assign label: [ 0, background, 1.00, 0.0011 ]
[2025-07-23 22:10:42,053] [enhance_semantic_masks.py:28] [INFO] /home/sweedal/FoodSAM/results/segmentations/dish_1563309315/sam_mask/43 assign label: [ 0, background, 1.00, 0.0016 ]
[2025-07-23 22:10:42,053] [enhance_semantic_masks.py:28] [INFO] /home/sweedal/FoodSAM/results/segmentations/dish_1563309315/sam_mask/44 assign label: [ 80, lettuce, 1.00, 0.0029 ]
[2025-07-23 22:10:42,054] [enhance_semantic_masks.py:28] [INFO] /home/sweedal/FoodSAM/results/segmentations/dish_1563309315/sam_mask/45 assign label: [ 48, chicken duck, 0.70, 0.0052 ]
[2025-07-23 22:10:42,054] [enhance_semantic_masks.py:28] [INFO] /home/sweedal/FoodSAM/results/segmentations/dish_1563309315/sam_mask/46 assign label: [ 80, lettuce, 0.91, 0.0071 ]
[2025-07-23 22:10:42,055] [enhance_semantic_masks.py:28] [INFO] /home/sweedal/FoodSAM/results/segmentations/dish_1563309315/sam_mask/47 assign label: [ 80, lettuce, 1.00, 0.0007 ]
[2025-07-23 22:10:42,055] [enhance_semantic_masks.py:28] [INFO] /home/sweedal/FoodSAM/results/segmentations/dish_1563309315/sam_mask/48 assign label: [ 80, lettuce, 1.00, 0.0049 ]
[2025-07-23 22:10:42,055] [enhance_semantic_masks.py:28] [INFO] /home/sweedal/FoodSAM/results/segmentations/dish_1563309315/sam_mask/49 assign label: [ 84, carrot, 0.99, 0.0053 ]
[2025-07-23 22:10:42,056] [enhance_semantic_masks.py:28] [INFO] /home/sweedal/FoodSAM/results/segmentations/dish_1563309315/sam_mask/50 assign label: [ 80, lettuce, 0.85, 0.0014 ]
[2025-07-23 22:10:42,056] [enhance_semantic_masks.py:28] [INFO] /home/sweedal/FoodSAM/results/segmentations/dish_1563309315/sam_mask/51 assign label: [ 0, background, 1.00, 0.0015 ]
[2025-07-23 22:10:42,056] [enhance_semantic_masks.py:28] [INFO] /home/sweedal/FoodSAM/results/segmentations/dish_1563309315/sam_mask/52 assign label: [ 80, lettuce, 1.00, 0.0011 ]
[2025-07-23 22:10:42,060] [enhance_semantic_masks.py:28] [INFO] /home/sweedal/FoodSAM/results/segmentations/dish_1563309315/sam_mask/53 assign label: [ 80, lettuce, 1.00, 0.0391 ]
[2025-07-23 22:10:42,070] [enhance_semantic_masks.py:28] [INFO] /home/sweedal/FoodSAM/results/segmentations/dish_1566922978/sam_mask/0 assign label: [ 24, egg, 0.93, 0.0944 ]
[2025-07-23 22:10:42,084] [enhance_semantic_masks.py:28] [INFO] /home/sweedal/FoodSAM/results/segmentations/dish_1566922978/sam_mask/1 assign label: [ 0, background, 1.00, 0.1774 ]
[2025-07-23 22:10:42,131] [enhance_semantic_masks.py:28] [INFO] /home/sweedal/FoodSAM/results/segmentations/dish_1566922978/sam_mask/2 assign label: [ 0, background, 1.00, 0.5266 ]
[2025-07-23 22:10:42,145] [enhance_semantic_masks.py:28] [INFO] /home/sweedal/FoodSAM/results/segmentations/dish_1566922978/sam_mask/3 assign label: [ 0, background, 1.00, 0.1788 ]
[2025-07-23 22:10:42,159] [enhance_semantic_masks.py:28] [INFO] /home/sweedal/FoodSAM/results/segmentations/dish_1566922978/sam_mask/4 assign label: [ 0, background, 1.00, 0.1793 ]
[2025-07-23 22:10:42,159] [enhance_semantic_masks.py:28] [INFO] /home/sweedal/FoodSAM/results/segmentations/dish_1566922978/sam_mask/5 assign label: [ 24, egg, 0.88, 0.0036 ]
[2025-07-23 22:10:42,160] [enhance_semantic_masks.py:28] [INFO] /home/sweedal/FoodSAM/results/segmentations/dish_1566922978/sam_mask/6 assign label: [ 0, background, 1.00, 0.0116 ]
[2025-07-23 22:10:42,161] [enhance_semantic_masks.py:28] [INFO] /home/sweedal/FoodSAM/results/segmentations/dish_1566922978/sam_mask/7 assign label: [ 0, background, 1.00, 0.0025 ]
[2025-07-23 22:10:42,162] [enhance_semantic_masks.py:28] [INFO] /home/sweedal/FoodSAM/results/segmentations/dish_1566922978/sam_mask/8 assign label: [ 0, background, 1.00, 0.0183 ]
[2025-07-23 22:10:42,162] [enhance_semantic_masks.py:28] [INFO] /home/sweedal/FoodSAM/results/segmentations/dish_1566922978/sam_mask/9 assign label: [ 24, egg, 1.00, 0.0037 ]
[2025-07-23 22:10:42,164] [enhance_semantic_masks.py:28] [INFO] /home/sweedal/FoodSAM/results/segmentations/dish_1566922978/sam_mask/10 assign label: [ 0, background, 1.00, 0.0184 ]
[2025-07-23 22:10:42,164] [enhance_semantic_masks.py:28] [INFO] /home/sweedal/FoodSAM/results/segmentations/dish_1566922978/sam_mask/11 assign label: [ 24, egg, 0.64, 0.0021 ]
[2025-07-23 22:10:42,164] [enhance_semantic_masks.py:28] [INFO] /home/sweedal/FoodSAM/results/segmentations/dish_1566922978/sam_mask/12 assign label: [ 0, background, 1.00, 0.0019 ]
[2025-07-23 22:10:42,165] [enhance_semantic_masks.py:28] [INFO] /home/sweedal/FoodSAM/results/segmentations/dish_1566922978/sam_mask/13 assign label: [ 0, background, 1.00, 0.0009 ]
[2025-07-23 22:10:42,165] [enhance_semantic_masks.py:28] [INFO] /home/sweedal/FoodSAM/results/segmentations/dish_1566922978/sam_mask/14 assign label: [ 0, background, 1.00, 0.0007 ]
[2025-07-23 22:10:42,165] [enhance_semantic_masks.py:28] [INFO] /home/sweedal/FoodSAM/results/segmentations/dish_1566922978/sam_mask/15 assign label: [ 0, background, 1.00, 0.0017 ]
[2025-07-23 22:10:42,165] [enhance_semantic_masks.py:28] [INFO] /home/sweedal/FoodSAM/results/segmentations/dish_1566922978/sam_mask/16 assign label: [ 24, egg, 0.98, 0.0017 ]
[2025-07-23 22:10:42,166] [enhance_semantic_masks.py:28] [INFO] /home/sweedal/FoodSAM/results/segmentations/dish_1566922978/sam_mask/17 assign label: [ 0, background, 1.00, 0.0075 ]
[2025-07-23 22:10:42,166] [enhance_semantic_masks.py:28] [INFO] /home/sweedal/FoodSAM/results/segmentations/dish_1566922978/sam_mask/18 assign label: [ 24, egg, 0.93, 0.0038 ]
[2025-07-23 22:10:42,167] [enhance_semantic_masks.py:28] [INFO] /home/sweedal/FoodSAM/results/segmentations/dish_1566922978/sam_mask/19 assign label: [ 24, egg, 0.99, 0.0053 ]
[2025-07-23 22:10:42,167] [enhance_semantic_masks.py:28] [INFO] /home/sweedal/FoodSAM/results/segmentations/dish_1566922978/sam_mask/20 assign label: [ 0, background, 1.00, 0.0031 ]
[2025-07-23 22:10:42,168] [enhance_semantic_masks.py:28] [INFO] /home/sweedal/FoodSAM/results/segmentations/dish_1566922978/sam_mask/21 assign label: [ 24, egg, 0.79, 0.0033 ]
[2025-07-23 22:10:42,168] [enhance_semantic_masks.py:28] [INFO] /home/sweedal/FoodSAM/results/segmentations/dish_1566922978/sam_mask/22 assign label: [ 0, background, 1.00, 0.0029 ]
[2025-07-23 22:10:42,168] [enhance_semantic_masks.py:28] [INFO] /home/sweedal/FoodSAM/results/segmentations/dish_1566922978/sam_mask/23 assign label: [ 24, egg, 1.00, 0.0013 ]
[2025-07-23 22:10:42,168] [enhance_semantic_masks.py:28] [INFO] /home/sweedal/FoodSAM/results/segmentations/dish_1566922978/sam_mask/24 assign label: [ 0, background, 1.00, 0.0021 ]
[2025-07-23 22:10:42,169] [enhance_semantic_masks.py:28] [INFO] /home/sweedal/FoodSAM/results/segmentations/dish_1566922978/sam_mask/25 assign label: [ 24, egg, 1.00, 0.0019 ]
[2025-07-23 22:10:42,169] [enhance_semantic_masks.py:28] [INFO] /home/sweedal/FoodSAM/results/segmentations/dish_1566922978/sam_mask/26 assign label: [ 0, background, 1.00, 0.0014 ]
[2025-07-23 22:10:42,170] [enhance_semantic_masks.py:28] [INFO] /home/sweedal/FoodSAM/results/segmentations/dish_1566922978/sam_mask/27 assign label: [ 24, egg, 0.91, 0.0075 ]
[2025-07-23 22:10:42,170] [enhance_semantic_masks.py:28] [INFO] /home/sweedal/FoodSAM/results/segmentations/dish_1566922978/sam_mask/28 assign label: [ 0, background, 1.00, 0.0053 ]
[2025-07-23 22:10:42,170] [enhance_semantic_masks.py:28] [INFO] /home/sweedal/FoodSAM/results/segmentations/dish_1566922978/sam_mask/29 assign label: [ 0, background, 1.00, 0.0005 ]
[2025-07-23 22:10:42,171] [enhance_semantic_masks.py:28] [INFO] /home/sweedal/FoodSAM/results/segmentations/dish_1566922978/sam_mask/30 assign label: [ 24, egg, 0.99, 0.0011 ]
[2025-07-23 22:10:42,171] [enhance_semantic_masks.py:28] [INFO] /home/sweedal/FoodSAM/results/segmentations/dish_1566922978/sam_mask/31 assign label: [ 24, egg, 1.00, 0.0014 ]
[2025-07-23 22:10:42,198] [enhance_semantic_masks.py:28] [INFO] /home/sweedal/FoodSAM/results/segmentations/dish_1558637698/sam_mask/0 assign label: [ 0, background, 0.96, 0.2765 ]
[2025-07-23 22:10:42,200] [enhance_semantic_masks.py:28] [INFO] /home/sweedal/FoodSAM/results/segmentations/dish_1558637698/sam_mask/1 assign label: [ 0, background, 1.00, 0.0261 ]
[2025-07-23 22:10:42,203] [enhance_semantic_masks.py:28] [INFO] /home/sweedal/FoodSAM/results/segmentations/dish_1558637698/sam_mask/2 assign label: [ 0, background, 1.00, 0.0461 ]
[2025-07-23 22:10:42,212] [enhance_semantic_masks.py:28] [INFO] /home/sweedal/FoodSAM/results/segmentations/dish_1558637698/sam_mask/3 assign label: [ 0, background, 1.00, 0.1152 ]
[2025-07-23 22:10:42,225] [enhance_semantic_masks.py:28] [INFO] /home/sweedal/FoodSAM/results/segmentations/dish_1558637698/sam_mask/4 assign label: [ 0, background, 1.00, 0.1639 ]
[2025-07-23 22:10:42,231] [enhance_semantic_masks.py:28] [INFO] /home/sweedal/FoodSAM/results/segmentations/dish_1558637698/sam_mask/5 assign label: [ 72, cauliflower, 1.00, 0.0794 ]
[2025-07-23 22:10:42,243] [enhance_semantic_masks.py:28] [INFO] /home/sweedal/FoodSAM/results/segmentations/dish_1558637698/sam_mask/6 assign label: [ 0, background, 1.00, 0.1391 ]
[2025-07-23 22:10:42,245] [enhance_semantic_masks.py:28] [INFO] /home/sweedal/FoodSAM/results/segmentations/dish_1558637698/sam_mask/7 assign label: [ 0, background, 1.00, 0.0299 ]
[2025-07-23 22:10:42,246] [enhance_semantic_masks.py:28] [INFO] /home/sweedal/FoodSAM/results/segmentations/dish_1558637698/sam_mask/8 assign label: [ 72, cauliflower, 1.00, 0.0110 ]
[2025-07-23 22:10:42,247] [enhance_semantic_masks.py:28] [INFO] /home/sweedal/FoodSAM/results/segmentations/dish_1558637698/sam_mask/9 assign label: [ 0, background, 1.00, 0.0215 ]
[2025-07-23 22:10:42,248] [enhance_semantic_masks.py:28] [INFO] /home/sweedal/FoodSAM/results/segmentations/dish_1558637698/sam_mask/10 assign label: [ 72, cauliflower, 1.00, 0.0037 ]
[2025-07-23 22:10:42,249] [enhance_semantic_masks.py:28] [INFO] /home/sweedal/FoodSAM/results/segmentations/dish_1558637698/sam_mask/11 assign label: [ 72, cauliflower, 1.00, 0.0129 ]
[2025-07-23 22:10:42,249] [enhance_semantic_masks.py:28] [INFO] /home/sweedal/FoodSAM/results/segmentations/dish_1558637698/sam_mask/12 assign label: [ 72, cauliflower, 1.00, 0.0018 ]
[2025-07-23 22:10:42,252] [enhance_semantic_masks.py:28] [INFO] /home/sweedal/FoodSAM/results/segmentations/dish_1558637698/sam_mask/13 assign label: [ 0, background, 1.00, 0.0508 ]
[2025-07-23 22:10:42,253] [enhance_semantic_masks.py:28] [INFO] /home/sweedal/FoodSAM/results/segmentations/dish_1558637698/sam_mask/14 assign label: [ 72, cauliflower, 1.00, 0.0061 ]
[2025-07-23 22:10:42,267] [enhance_semantic_masks.py:28] [INFO] /home/sweedal/FoodSAM/results/segmentations/dish_1558637698/sam_mask/15 assign label: [ 0, background, 1.00, 0.1650 ]
[2025-07-23 22:10:42,268] [enhance_semantic_masks.py:28] [INFO] /home/sweedal/FoodSAM/results/segmentations/dish_1558637698/sam_mask/16 assign label: [ 72, cauliflower, 1.00, 0.0145 ]
[2025-07-23 22:10:42,268] [enhance_semantic_masks.py:28] [INFO] /home/sweedal/FoodSAM/results/segmentations/dish_1558637698/sam_mask/17 assign label: [ 72, cauliflower, 1.00, 0.0015 ]
[2025-07-23 22:10:42,269] [enhance_semantic_masks.py:28] [INFO] /home/sweedal/FoodSAM/results/segmentations/dish_1558637698/sam_mask/18 assign label: [ 72, cauliflower, 1.00, 0.0139 ]
[2025-07-23 22:10:42,269] [enhance_semantic_masks.py:28] [INFO] /home/sweedal/FoodSAM/results/segmentations/dish_1558637698/sam_mask/19 assign label: [ 72, cauliflower, 1.00, 0.0070 ]
[2025-07-23 22:10:42,270] [enhance_semantic_masks.py:28] [INFO] /home/sweedal/FoodSAM/results/segmentations/dish_1558637698/sam_mask/20 assign label: [ 72, cauliflower, 1.00, 0.0009 ]
[2025-07-23 22:10:42,270] [enhance_semantic_masks.py:28] [INFO] /home/sweedal/FoodSAM/results/segmentations/dish_1558637698/sam_mask/21 assign label: [ 0, background, 1.00, 0.0044 ]
[2025-07-23 22:10:42,272] [enhance_semantic_masks.py:28] [INFO] /home/sweedal/FoodSAM/results/segmentations/dish_1558637698/sam_mask/22 assign label: [ 0, background, 1.00, 0.0235 ]
[2025-07-23 22:10:42,272] [enhance_semantic_masks.py:28] [INFO] /home/sweedal/FoodSAM/results/segmentations/dish_1558637698/sam_mask/23 assign label: [ 72, cauliflower, 1.00, 0.0034 ]
[2025-07-23 22:10:42,272] [enhance_semantic_masks.py:28] [INFO] /home/sweedal/FoodSAM/results/segmentations/dish_1558637698/sam_mask/24 assign label: [ 0, background, 1.00, 0.0019 ]
[2025-07-23 22:10:42,274] [enhance_semantic_masks.py:28] [INFO] /home/sweedal/FoodSAM/results/segmentations/dish_1558637698/sam_mask/25 assign label: [ 0, background, 1.00, 0.0236 ]
[2025-07-23 22:10:42,277] [enhance_semantic_masks.py:28] [INFO] /home/sweedal/FoodSAM/results/segmentations/dish_1558637698/sam_mask/26 assign label: [ 0, background, 1.00, 0.0399 ]
[2025-07-23 22:10:42,280] [enhance_semantic_masks.py:28] [INFO] /home/sweedal/FoodSAM/results/segmentations/dish_1558637698/sam_mask/27 assign label: [ 0, background, 1.00, 0.0399 ]
[2025-07-23 22:10:42,280] [enhance_semantic_masks.py:28] [INFO] /home/sweedal/FoodSAM/results/segmentations/dish_1558637698/sam_mask/28 assign label: [ 0, background, 1.00, 0.0049 ]
[2025-07-23 22:10:42,287] [enhance_semantic_masks.py:28] [INFO] /home/sweedal/FoodSAM/results/segmentations/dish_1558637698/sam_mask/29 assign label: [ 0, background, 1.00, 0.0874 ]
[2025-07-23 22:10:42,287] [enhance_semantic_masks.py:28] [INFO] /home/sweedal/FoodSAM/results/segmentations/dish_1558637698/sam_mask/30 assign label: [ 0, background, 1.00, 0.0008 ]
[2025-07-23 22:10:42,290] [enhance_semantic_masks.py:28] [INFO] /home/sweedal/FoodSAM/results/segmentations/dish_1558637698/sam_mask/31 assign label: [ 0, background, 1.00, 0.0465 ]
[2025-07-23 22:10:42,291] [enhance_semantic_masks.py:28] [INFO] /home/sweedal/FoodSAM/results/segmentations/dish_1558637698/sam_mask/32 assign label: [ 72, cauliflower, 1.00, 0.0064 ]
[2025-07-23 22:10:42,291] [enhance_semantic_masks.py:28] [INFO] /home/sweedal/FoodSAM/results/segmentations/dish_1558637698/sam_mask/33 assign label: [ 0, background, 1.00, 0.0009 ]
[2025-07-23 22:10:42,291] [enhance_semantic_masks.py:28] [INFO] /home/sweedal/FoodSAM/results/segmentations/dish_1558637698/sam_mask/34 assign label: [ 72, cauliflower, 1.00, 0.0041 ]
[2025-07-23 22:10:42,292] [enhance_semantic_masks.py:28] [INFO] /home/sweedal/FoodSAM/results/segmentations/dish_1558637698/sam_mask/35 assign label: [ 0, background, 1.00, 0.0135 ]
[2025-07-23 22:10:42,294] [enhance_semantic_masks.py:28] [INFO] /home/sweedal/FoodSAM/results/segmentations/dish_1558637698/sam_mask/36 assign label: [ 0, background, 1.00, 0.0203 ]
[2025-07-23 22:10:42,301] [enhance_semantic_masks.py:28] [INFO] /home/sweedal/FoodSAM/results/segmentations/dish_1562617370/sam_mask/0 assign label: [ 61, pizza, 0.73, 0.0565 ]
[2025-07-23 22:10:42,347] [enhance_semantic_masks.py:28] [INFO] /home/sweedal/FoodSAM/results/segmentations/dish_1562617370/sam_mask/1 assign label: [ 0, background, 1.00, 0.5226 ]
[2025-07-23 22:10:42,359] [enhance_semantic_masks.py:28] [INFO] /home/sweedal/FoodSAM/results/segmentations/dish_1562617370/sam_mask/2 assign label: [ 0, background, 1.00, 0.1551 ]
[2025-07-23 22:10:42,361] [enhance_semantic_masks.py:28] [INFO] /home/sweedal/FoodSAM/results/segmentations/dish_1562617370/sam_mask/3 assign label: [ 0, background, 1.00, 0.0188 ]
[2025-07-23 22:10:42,373] [enhance_semantic_masks.py:28] [INFO] /home/sweedal/FoodSAM/results/segmentations/dish_1562617370/sam_mask/4 assign label: [ 0, background, 1.00, 0.1562 ]
[2025-07-23 22:10:42,385] [enhance_semantic_masks.py:28] [INFO] /home/sweedal/FoodSAM/results/segmentations/dish_1562617370/sam_mask/5 assign label: [ 0, background, 1.00, 0.1561 ]
[2025-07-23 22:10:42,387] [enhance_semantic_masks.py:28] [INFO] /home/sweedal/FoodSAM/results/segmentations/dish_1562617370/sam_mask/6 assign label: [ 0, background, 1.00, 0.0237 ]
[2025-07-23 22:10:42,399] [enhance_semantic_masks.py:28] [INFO] /home/sweedal/FoodSAM/results/segmentations/dish_1562617370/sam_mask/7 assign label: [ 0, background, 1.00, 0.1564 ]
[2025-07-23 22:10:42,406] [enhance_semantic_masks.py:28] [INFO] /home/sweedal/FoodSAM/results/segmentations/dish_1562617370/sam_mask/8 assign label: [ 0, background, 1.00, 0.0913 ]
[2025-07-23 22:10:42,408] [enhance_semantic_masks.py:28] [INFO] /home/sweedal/FoodSAM/results/segmentations/dish_1562617370/sam_mask/9 assign label: [ 0, background, 1.00, 0.0306 ]
[2025-07-23 22:10:42,408] [enhance_semantic_masks.py:28] [INFO] /home/sweedal/FoodSAM/results/segmentations/dish_1562617370/sam_mask/10 assign label: [ 61, pizza, 0.93, 0.0015 ]
[2025-07-23 22:10:42,411] [enhance_semantic_masks.py:28] [INFO] /home/sweedal/FoodSAM/results/segmentations/dish_1562617370/sam_mask/11 assign label: [ 0, background, 1.00, 0.0412 ]
[2025-07-23 22:10:42,412] [enhance_semantic_masks.py:28] [INFO] /home/sweedal/FoodSAM/results/segmentations/dish_1562617370/sam_mask/12 assign label: [ 49, sausage, 0.90, 0.0139 ]
[2025-07-23 22:10:42,413] [enhance_semantic_masks.py:28] [INFO] /home/sweedal/FoodSAM/results/segmentations/dish_1562617370/sam_mask/13 assign label: [ 61, pizza, 0.74, 0.0025 ]
[2025-07-23 22:10:42,413] [enhance_semantic_masks.py:28] [INFO] /home/sweedal/FoodSAM/results/segmentations/dish_1562617370/sam_mask/14 assign label: [ 0, background, 1.00, 0.0041 ]
[2025-07-23 22:10:42,413] [enhance_semantic_masks.py:28] [INFO] /home/sweedal/FoodSAM/results/segmentations/dish_1562617370/sam_mask/15 assign label: [ 0, background, 1.00, 0.0009 ]
[2025-07-23 22:10:42,414] [enhance_semantic_masks.py:28] [INFO] /home/sweedal/FoodSAM/results/segmentations/dish_1562617370/sam_mask/16 assign label: [ 0, background, 1.00, 0.0037 ]
[2025-07-23 22:10:42,414] [enhance_semantic_masks.py:28] [INFO] /home/sweedal/FoodSAM/results/segmentations/dish_1562617370/sam_mask/17 assign label: [ 0, background, 1.00, 0.0009 ]
[2025-07-23 22:10:42,414] [enhance_semantic_masks.py:28] [INFO] /home/sweedal/FoodSAM/results/segmentations/dish_1562617370/sam_mask/18 assign label: [ 0, background, 1.00, 0.0008 ]
[2025-07-23 22:10:42,414] [enhance_semantic_masks.py:28] [INFO] /home/sweedal/FoodSAM/results/segmentations/dish_1562617370/sam_mask/19 assign label: [ 0, background, 1.00, 0.0021 ]
[2025-07-23 22:10:42,416] [enhance_semantic_masks.py:28] [INFO] /home/sweedal/FoodSAM/results/segmentations/dish_1562617370/sam_mask/20 assign label: [ 0, background, 1.00, 0.0059 ]
[2025-07-23 22:10:42,416] [enhance_semantic_masks.py:28] [INFO] /home/sweedal/FoodSAM/results/segmentations/dish_1562617370/sam_mask/21 assign label: [ 0, background, 1.00, 0.0091 ]
[2025-07-23 22:10:42,417] [enhance_semantic_masks.py:28] [INFO] /home/sweedal/FoodSAM/results/segmentations/dish_1562617370/sam_mask/22 assign label: [ 0, background, 1.00, 0.0006 ]
[2025-07-23 22:10:42,420] [enhance_semantic_masks.py:28] [INFO] /home/sweedal/FoodSAM/results/segmentations/dish_1562617370/sam_mask/23 assign label: [ 0, background, 1.00, 0.0419 ]
[2025-07-23 22:10:42,420] [enhance_semantic_masks.py:28] [INFO] /home/sweedal/FoodSAM/results/segmentations/dish_1562617370/sam_mask/24 assign label: [ 0, background, 1.00, 0.0019 ]
[2025-07-23 22:10:42,420] [enhance_semantic_masks.py:28] [INFO] /home/sweedal/FoodSAM/results/segmentations/dish_1562617370/sam_mask/25 assign label: [ 0, background, 1.00, 0.0006 ]
[2025-07-23 22:10:42,420] [enhance_semantic_masks.py:28] [INFO] /home/sweedal/FoodSAM/results/segmentations/dish_1562617370/sam_mask/26 assign label: [ 61, pizza, 1.00, 0.0002 ]
[2025-07-23 22:10:42,421] [enhance_semantic_masks.py:28] [INFO] /home/sweedal/FoodSAM/results/segmentations/dish_1562617370/sam_mask/27 assign label: [ 0, background, 1.00, 0.0010 ]
[2025-07-23 22:10:42,421] [enhance_semantic_masks.py:28] [INFO] /home/sweedal/FoodSAM/results/segmentations/dish_1562617370/sam_mask/28 assign label: [ 0, background, 1.00, 0.0002 ]
[2025-07-23 22:10:42,421] [enhance_semantic_masks.py:28] [INFO] /home/sweedal/FoodSAM/results/segmentations/dish_1562617370/sam_mask/29 assign label: [ 0, background, 0.96, 0.0014 ]
[2025-07-23 22:10:42,421] [enhance_semantic_masks.py:28] [INFO] /home/sweedal/FoodSAM/results/segmentations/dish_1562617370/sam_mask/30 assign label: [ 0, background, 1.00, 0.0016 ]
[2025-07-23 22:10:42,422] [enhance_semantic_masks.py:28] [INFO] /home/sweedal/FoodSAM/results/segmentations/dish_1562617370/sam_mask/31 assign label: [ 0, background, 1.00, 0.0018 ]
[2025-07-23 22:10:42,422] [enhance_semantic_masks.py:28] [INFO] /home/sweedal/FoodSAM/results/segmentations/dish_1562617370/sam_mask/32 assign label: [ 61, pizza, 1.00, 0.0004 ]
[2025-07-23 22:10:42,422] [enhance_semantic_masks.py:28] [INFO] /home/sweedal/FoodSAM/results/segmentations/dish_1562617370/sam_mask/33 assign label: [ 0, background, 1.00, 0.0014 ]
[2025-07-23 22:10:42,423] [enhance_semantic_masks.py:28] [INFO] /home/sweedal/FoodSAM/results/segmentations/dish_1562617370/sam_mask/34 assign label: [ 0, background, 1.00, 0.0022 ]
[2025-07-23 22:10:42,423] [enhance_semantic_masks.py:28] [INFO] /home/sweedal/FoodSAM/results/segmentations/dish_1562617370/sam_mask/35 assign label: [ 0, background, 1.00, 0.0015 ]
[2025-07-23 22:10:42,423] [enhance_semantic_masks.py:28] [INFO] /home/sweedal/FoodSAM/results/segmentations/dish_1562617370/sam_mask/36 assign label: [ 0, background, 1.00, 0.0015 ]
[2025-07-23 22:10:42,423] [enhance_semantic_masks.py:28] [INFO] /home/sweedal/FoodSAM/results/segmentations/dish_1562617370/sam_mask/37 assign label: [ 0, background, 1.00, 0.0013 ]
[2025-07-23 22:10:42,424] [enhance_semantic_masks.py:28] [INFO] /home/sweedal/FoodSAM/results/segmentations/dish_1562617370/sam_mask/38 assign label: [ 61, pizza, 1.00, 0.0002 ]
[2025-07-23 22:10:42,424] [enhance_semantic_masks.py:28] [INFO] /home/sweedal/FoodSAM/results/segmentations/dish_1562617370/sam_mask/39 assign label: [ 49, sausage, 0.69, 0.0033 ]
[2025-07-23 22:10:42,425] [enhance_semantic_masks.py:28] [INFO] /home/sweedal/FoodSAM/results/segmentations/dish_1562617370/sam_mask/40 assign label: [ 0, background, 1.00, 0.0015 ]
[2025-07-23 22:10:42,425] [enhance_semantic_masks.py:28] [INFO] /home/sweedal/FoodSAM/results/segmentations/dish_1562617370/sam_mask/41 assign label: [ 0, background, 1.00, 0.0007 ]
[2025-07-23 22:10:42,426] [enhance_semantic_masks.py:28] [INFO] /home/sweedal/FoodSAM/results/segmentations/dish_1562617370/sam_mask/42 assign label: [ 49, sausage, 0.69, 0.0034 ]
[2025-07-23 22:10:42,426] [enhance_semantic_masks.py:28] [INFO] /home/sweedal/FoodSAM/results/segmentations/dish_1562617370/sam_mask/43 assign label: [ 0, background, 1.00, 0.0011 ]
[2025-07-23 22:10:42,428] [enhance_semantic_masks.py:28] [INFO] /home/sweedal/FoodSAM/results/segmentations/dish_1562617370/sam_mask/44 assign label: [ 0, background, 1.00, 0.0287 ]
[2025-07-23 22:10:42,430] [enhance_semantic_masks.py:28] [INFO] /home/sweedal/FoodSAM/results/segmentations/dish_1562617370/sam_mask/45 assign label: [ 0, background, 1.00, 0.0287 ]
[2025-07-23 22:10:42,458] [enhance_semantic_masks.py:28] [INFO] /home/sweedal/FoodSAM/results/segmentations/dish_1558723926/sam_mask/0 assign label: [ 0, background, 0.99, 0.3047 ]
[2025-07-23 22:10:42,458] [enhance_semantic_masks.py:28] [INFO] /home/sweedal/FoodSAM/results/segmentations/dish_1558723926/sam_mask/1 assign label: [ 73, tomato, 1.00, 0.0079 ]
[2025-07-23 22:10:42,459] [enhance_semantic_masks.py:28] [INFO] /home/sweedal/FoodSAM/results/segmentations/dish_1558723926/sam_mask/2 assign label: [ 73, tomato, 1.00, 0.0067 ]
[2025-07-23 22:10:42,460] [enhance_semantic_masks.py:28] [INFO] /home/sweedal/FoodSAM/results/segmentations/dish_1558723926/sam_mask/3 assign label: [ 73, tomato, 1.00, 0.0071 ]
[2025-07-23 22:10:42,460] [enhance_semantic_masks.py:28] [INFO] /home/sweedal/FoodSAM/results/segmentations/dish_1558723926/sam_mask/4 assign label: [ 73, tomato, 1.00, 0.0069 ]
[2025-07-23 22:10:42,461] [enhance_semantic_masks.py:28] [INFO] /home/sweedal/FoodSAM/results/segmentations/dish_1558723926/sam_mask/5 assign label: [ 73, tomato, 1.00, 0.0061 ]
[2025-07-23 22:10:42,461] [enhance_semantic_masks.py:28] [INFO] /home/sweedal/FoodSAM/results/segmentations/dish_1558723926/sam_mask/6 assign label: [ 73, tomato, 1.00, 0.0072 ]
[2025-07-23 22:10:42,463] [enhance_semantic_masks.py:28] [INFO] /home/sweedal/FoodSAM/results/segmentations/dish_1558723926/sam_mask/7 assign label: [ 0, background, 1.00, 0.0254 ]
[2025-07-23 22:10:42,463] [enhance_semantic_masks.py:28] [INFO] /home/sweedal/FoodSAM/results/segmentations/dish_1558723926/sam_mask/8 assign label: [ 73, tomato, 1.00, 0.0067 ]
[2025-07-23 22:10:42,467] [enhance_semantic_masks.py:28] [INFO] /home/sweedal/FoodSAM/results/segmentations/dish_1558723926/sam_mask/9 assign label: [ 0, background, 1.00, 0.0458 ]
[2025-07-23 22:10:42,475] [enhance_semantic_masks.py:28] [INFO] /home/sweedal/FoodSAM/results/segmentations/dish_1558723926/sam_mask/10 assign label: [ 0, background, 1.00, 0.1152 ]
[2025-07-23 22:10:42,476] [enhance_semantic_masks.py:28] [INFO] /home/sweedal/FoodSAM/results/segmentations/dish_1558723926/sam_mask/11 assign label: [ 73, tomato, 1.00, 0.0056 ]
[2025-07-23 22:10:42,487] [enhance_semantic_masks.py:28] [INFO] /home/sweedal/FoodSAM/results/segmentations/dish_1558723926/sam_mask/12 assign label: [ 0, background, 1.00, 0.1388 ]
[2025-07-23 22:10:42,499] [enhance_semantic_masks.py:28] [INFO] /home/sweedal/FoodSAM/results/segmentations/dish_1558723926/sam_mask/13 assign label: [ 0, background, 1.00, 0.1544 ]
[2025-07-23 22:10:42,501] [enhance_semantic_masks.py:28] [INFO] /home/sweedal/FoodSAM/results/segmentations/dish_1558723926/sam_mask/14 assign label: [ 0, background, 1.00, 0.0264 ]
[2025-07-23 22:10:42,501] [enhance_semantic_masks.py:28] [INFO] /home/sweedal/FoodSAM/results/segmentations/dish_1558723926/sam_mask/15 assign label: [ 0, background, 1.00, 0.0090 ]
[2025-07-23 22:10:42,504] [enhance_semantic_masks.py:28] [INFO] /home/sweedal/FoodSAM/results/segmentations/dish_1558723926/sam_mask/16 assign label: [ 0, background, 1.00, 0.0350 ]
[2025-07-23 22:10:42,516] [enhance_semantic_masks.py:28] [INFO] /home/sweedal/FoodSAM/results/segmentations/dish_1558723926/sam_mask/17 assign label: [ 0, background, 1.00, 0.1546 ]
[2025-07-23 22:10:42,525] [enhance_semantic_masks.py:28] [INFO] /home/sweedal/FoodSAM/results/segmentations/dish_1558723926/sam_mask/18 assign label: [ 0, background, 1.00, 0.1166 ]
[2025-07-23 22:10:42,528] [enhance_semantic_masks.py:28] [INFO] /home/sweedal/FoodSAM/results/segmentations/dish_1558723926/sam_mask/19 assign label: [ 0, background, 1.00, 0.0490 ]
[2025-07-23 22:10:42,529] [enhance_semantic_masks.py:28] [INFO] /home/sweedal/FoodSAM/results/segmentations/dish_1558723926/sam_mask/20 assign label: [ 0, background, 1.00, 0.0025 ]
[2025-07-23 22:10:42,529] [enhance_semantic_masks.py:28] [INFO] /home/sweedal/FoodSAM/results/segmentations/dish_1558723926/sam_mask/21 assign label: [ 0, background, 1.00, 0.0020 ]
[2025-07-23 22:10:42,532] [enhance_semantic_masks.py:28] [INFO] /home/sweedal/FoodSAM/results/segmentations/dish_1558723926/sam_mask/22 assign label: [ 0, background, 1.00, 0.0411 ]
[2025-07-23 22:10:42,532] [enhance_semantic_masks.py:28] [INFO] /home/sweedal/FoodSAM/results/segmentations/dish_1558723926/sam_mask/23 assign label: [ 0, background, 1.00, 0.0067 ]
[2025-07-23 22:10:42,536] [enhance_semantic_masks.py:28] [INFO] /home/sweedal/FoodSAM/results/segmentations/dish_1558723926/sam_mask/24 assign label: [ 0, background, 1.00, 0.0463 ]
[2025-07-23 22:10:42,539] [enhance_semantic_masks.py:28] [INFO] /home/sweedal/FoodSAM/results/segmentations/dish_1558723926/sam_mask/25 assign label: [ 0, background, 1.00, 0.0496 ]
[2025-07-23 22:10:42,539] [enhance_semantic_masks.py:28] [INFO] /home/sweedal/FoodSAM/results/segmentations/dish_1558723926/sam_mask/26 assign label: [ 0, background, 1.00, 0.0033 ]
[2025-07-23 22:10:42,540] [enhance_semantic_masks.py:28] [INFO] /home/sweedal/FoodSAM/results/segmentations/dish_1558723926/sam_mask/27 assign label: [ 73, tomato, 1.00, 0.0147 ]
[2025-07-23 22:10:42,541] [enhance_semantic_masks.py:28] [INFO] /home/sweedal/FoodSAM/results/segmentations/dish_1558723926/sam_mask/28 assign label: [ 73, tomato, 1.00, 0.0147 ]
[2025-07-23 22:10:42,542] [enhance_semantic_masks.py:28] [INFO] /home/sweedal/FoodSAM/results/segmentations/dish_1558723926/sam_mask/29 assign label: [ 73, tomato, 1.00, 0.0069 ]
[2025-07-23 22:10:42,579] [enhance_semantic_masks.py:28] [INFO] /home/sweedal/FoodSAM/results/segmentations/dish_1566332085/sam_mask/0 assign label: [ 89, cilantro mint, 0.78, 0.3722 ]
[2025-07-23 22:10:42,593] [enhance_semantic_masks.py:28] [INFO] /home/sweedal/FoodSAM/results/segmentations/dish_1566332085/sam_mask/1 assign label: [ 0, background, 1.00, 0.1782 ]
[2025-07-23 22:10:42,608] [enhance_semantic_masks.py:28] [INFO] /home/sweedal/FoodSAM/results/segmentations/dish_1566332085/sam_mask/2 assign label: [ 0, background, 1.00, 0.1783 ]
[2025-07-23 22:10:42,610] [enhance_semantic_masks.py:28] [INFO] /home/sweedal/FoodSAM/results/segmentations/dish_1566332085/sam_mask/3 assign label: [ 89, cilantro mint, 1.00, 0.0292 ]
[2025-07-23 22:10:42,611] [enhance_semantic_masks.py:28] [INFO] /home/sweedal/FoodSAM/results/segmentations/dish_1566332085/sam_mask/4 assign label: [ 89, cilantro mint, 1.00, 0.0149 ]
[2025-07-23 22:10:42,612] [enhance_semantic_masks.py:28] [INFO] /home/sweedal/FoodSAM/results/segmentations/dish_1566332085/sam_mask/5 assign label: [ 89, cilantro mint, 1.00, 0.0069 ]
[2025-07-23 22:10:42,612] [enhance_semantic_masks.py:28] [INFO] /home/sweedal/FoodSAM/results/segmentations/dish_1566332085/sam_mask/6 assign label: [ 0, background, 1.00, 0.0070 ]
[2025-07-23 22:10:42,626] [enhance_semantic_masks.py:28] [INFO] /home/sweedal/FoodSAM/results/segmentations/dish_1566332085/sam_mask/7 assign label: [ 0, background, 1.00, 0.1792 ]
[2025-07-23 22:10:42,626] [enhance_semantic_masks.py:28] [INFO] /home/sweedal/FoodSAM/results/segmentations/dish_1566332085/sam_mask/8 assign label: [ 0, background, 1.00, 0.0008 ]
[2025-07-23 22:10:42,628] [enhance_semantic_masks.py:28] [INFO] /home/sweedal/FoodSAM/results/segmentations/dish_1566332085/sam_mask/9 assign label: [ 0, background, 1.00, 0.0240 ]
[2025-07-23 22:10:42,632] [enhance_semantic_masks.py:28] [INFO] /home/sweedal/FoodSAM/results/segmentations/dish_1566332085/sam_mask/10 assign label: [ 0, background, 1.00, 0.0564 ]
[2025-07-23 22:10:42,632] [enhance_semantic_masks.py:28] [INFO] /home/sweedal/FoodSAM/results/segmentations/dish_1566332085/sam_mask/11 assign label: [ 89, cilantro mint, 1.00, 0.0084 ]
[2025-07-23 22:10:42,633] [enhance_semantic_masks.py:28] [INFO] /home/sweedal/FoodSAM/results/segmentations/dish_1566332085/sam_mask/12 assign label: [ 89, cilantro mint, 1.00, 0.0129 ]
[2025-07-23 22:10:42,634] [enhance_semantic_masks.py:28] [INFO] /home/sweedal/FoodSAM/results/segmentations/dish_1566332085/sam_mask/13 assign label: [ 82, cucumber, 0.80, 0.0050 ]
[2025-07-23 22:10:42,634] [enhance_semantic_masks.py:28] [INFO] /home/sweedal/FoodSAM/results/segmentations/dish_1566332085/sam_mask/14 assign label: [ 89, cilantro mint, 1.00, 0.0021 ]
[2025-07-23 22:10:42,636] [enhance_semantic_masks.py:28] [INFO] /home/sweedal/FoodSAM/results/segmentations/dish_1566332085/sam_mask/15 assign label: [ 89, cilantro mint, 1.00, 0.0290 ]
[2025-07-23 22:10:42,637] [enhance_semantic_masks.py:28] [INFO] /home/sweedal/FoodSAM/results/segmentations/dish_1566332085/sam_mask/16 assign label: [ 89, cilantro mint, 1.00, 0.0048 ]
[2025-07-23 22:10:42,637] [enhance_semantic_masks.py:28] [INFO] /home/sweedal/FoodSAM/results/segmentations/dish_1566332085/sam_mask/17 assign label: [ 82, cucumber, 1.00, 0.0062 ]
[2025-07-23 22:10:42,638] [enhance_semantic_masks.py:28] [INFO] /home/sweedal/FoodSAM/results/segmentations/dish_1566332085/sam_mask/18 assign label: [ 82, cucumber, 0.94, 0.0060 ]
[2025-07-23 22:10:42,638] [enhance_semantic_masks.py:28] [INFO] /home/sweedal/FoodSAM/results/segmentations/dish_1566332085/sam_mask/19 assign label: [ 89, cilantro mint, 1.00, 0.0056 ]
[2025-07-23 22:10:42,639] [enhance_semantic_masks.py:28] [INFO] /home/sweedal/FoodSAM/results/segmentations/dish_1566332085/sam_mask/20 assign label: [ 89, cilantro mint, 1.00, 0.0061 ]
[2025-07-23 22:10:42,639] [enhance_semantic_masks.py:28] [INFO] /home/sweedal/FoodSAM/results/segmentations/dish_1566332085/sam_mask/21 assign label: [ 89, cilantro mint, 1.00, 0.0015 ]
[2025-07-23 22:10:42,639] [enhance_semantic_masks.py:28] [INFO] /home/sweedal/FoodSAM/results/segmentations/dish_1566332085/sam_mask/22 assign label: [ 82, cucumber, 0.86, 0.0039 ]
[2025-07-23 22:10:42,640] [enhance_semantic_masks.py:28] [INFO] /home/sweedal/FoodSAM/results/segmentations/dish_1566332085/sam_mask/23 assign label: [ 89, cilantro mint, 1.00, 0.0018 ]
[2025-07-23 22:10:42,641] [enhance_semantic_masks.py:28] [INFO] /home/sweedal/FoodSAM/results/segmentations/dish_1566332085/sam_mask/24 assign label: [ 89, cilantro mint, 1.00, 0.0149 ]
[2025-07-23 22:10:42,641] [enhance_semantic_masks.py:28] [INFO] /home/sweedal/FoodSAM/results/segmentations/dish_1566332085/sam_mask/25 assign label: [ 82, cucumber, 0.90, 0.0036 ]
[2025-07-23 22:10:42,641] [enhance_semantic_masks.py:28] [INFO] /home/sweedal/FoodSAM/results/segmentations/dish_1566332085/sam_mask/26 assign label: [ 89, cilantro mint, 0.98, 0.0021 ]
[2025-07-23 22:10:42,642] [enhance_semantic_masks.py:28] [INFO] /home/sweedal/FoodSAM/results/segmentations/dish_1566332085/sam_mask/27 assign label: [ 89, cilantro mint, 1.00, 0.0152 ]
[2025-07-23 22:10:42,643] [enhance_semantic_masks.py:28] [INFO] /home/sweedal/FoodSAM/results/segmentations/dish_1566332085/sam_mask/28 assign label: [ 82, cucumber, 0.80, 0.0023 ]
[2025-07-23 22:10:42,643] [enhance_semantic_masks.py:28] [INFO] /home/sweedal/FoodSAM/results/segmentations/dish_1566332085/sam_mask/29 assign label: [ 0, background, 1.00, 0.0007 ]
[2025-07-23 22:10:42,643] [enhance_semantic_masks.py:28] [INFO] /home/sweedal/FoodSAM/results/segmentations/dish_1566332085/sam_mask/30 assign label: [ 89, cilantro mint, 1.00, 0.0031 ]
[2025-07-23 22:10:42,644] [enhance_semantic_masks.py:28] [INFO] /home/sweedal/FoodSAM/results/segmentations/dish_1566332085/sam_mask/31 assign label: [ 0, background, 1.00, 0.0040 ]
[2025-07-23 22:10:42,645] [enhance_semantic_masks.py:28] [INFO] /home/sweedal/FoodSAM/results/segmentations/dish_1566332085/sam_mask/32 assign label: [ 82, cucumber, 0.96, 0.0105 ]
[2025-07-23 22:10:42,645] [enhance_semantic_masks.py:28] [INFO] /home/sweedal/FoodSAM/results/segmentations/dish_1566332085/sam_mask/33 assign label: [ 82, cucumber, 1.00, 0.0012 ]
[2025-07-23 22:10:42,645] [enhance_semantic_masks.py:28] [INFO] /home/sweedal/FoodSAM/results/segmentations/dish_1566332085/sam_mask/34 assign label: [ 82, cucumber, 0.94, 0.0034 ]
[2025-07-23 22:10:42,645] [enhance_semantic_masks.py:28] [INFO] /home/sweedal/FoodSAM/results/segmentations/dish_1566332085/sam_mask/35 assign label: [ 0, background, 1.00, 0.0013 ]
[2025-07-23 22:10:42,646] [enhance_semantic_masks.py:28] [INFO] /home/sweedal/FoodSAM/results/segmentations/dish_1566332085/sam_mask/36 assign label: [ 89, cilantro mint, 1.00, 0.0042 ]
[2025-07-23 22:10:42,646] [enhance_semantic_masks.py:28] [INFO] /home/sweedal/FoodSAM/results/segmentations/dish_1566332085/sam_mask/37 assign label: [ 82, cucumber, 0.91, 0.0028 ]
[2025-07-23 22:10:42,646] [enhance_semantic_masks.py:28] [INFO] /home/sweedal/FoodSAM/results/segmentations/dish_1566332085/sam_mask/38 assign label: [ 82, cucumber, 0.99, 0.0024 ]
[2025-07-23 22:10:42,651] [enhance_semantic_masks.py:28] [INFO] /home/sweedal/FoodSAM/results/segmentations/dish_1566332085/sam_mask/39 assign label: [ 0, background, 1.00, 0.0626 ]
[2025-07-23 22:10:42,652] [enhance_semantic_masks.py:28] [INFO] /home/sweedal/FoodSAM/results/segmentations/dish_1566332085/sam_mask/40 assign label: [ 89, cilantro mint, 1.00, 0.0078 ]
[2025-07-23 22:10:42,652] [enhance_semantic_masks.py:28] [INFO] /home/sweedal/FoodSAM/results/segmentations/dish_1566332085/sam_mask/41 assign label: [ 89, cilantro mint, 1.00, 0.0036 ]
[2025-07-23 22:10:42,652] [enhance_semantic_masks.py:28] [INFO] /home/sweedal/FoodSAM/results/segmentations/dish_1566332085/sam_mask/42 assign label: [ 89, cilantro mint, 0.99, 0.0032 ]
[2025-07-23 22:10:42,653] [enhance_semantic_masks.py:28] [INFO] /home/sweedal/FoodSAM/results/segmentations/dish_1566332085/sam_mask/43 assign label: [ 89, cilantro mint, 1.00, 0.0077 ]
[2025-07-23 22:10:42,653] [enhance_semantic_masks.py:28] [INFO] /home/sweedal/FoodSAM/results/segmentations/dish_1566332085/sam_mask/44 assign label: [ 89, cilantro mint, 1.00, 0.0024 ]
[2025-07-23 22:10:42,654] [enhance_semantic_masks.py:28] [INFO] /home/sweedal/FoodSAM/results/segmentations/dish_1566332085/sam_mask/45 assign label: [ 82, cucumber, 0.69, 0.0041 ]
[2025-07-23 22:10:42,654] [enhance_semantic_masks.py:28] [INFO] /home/sweedal/FoodSAM/results/segmentations/dish_1566332085/sam_mask/46 assign label: [ 89, cilantro mint, 1.00, 0.0097 ]
[2025-07-23 22:10:42,655] [enhance_semantic_masks.py:28] [INFO] /home/sweedal/FoodSAM/results/segmentations/dish_1566332085/sam_mask/47 assign label: [ 89, cilantro mint, 0.71, 0.0012 ]
[2025-07-23 22:10:42,655] [enhance_semantic_masks.py:28] [INFO] /home/sweedal/FoodSAM/results/segmentations/dish_1566332085/sam_mask/48 assign label: [ 89, cilantro mint, 1.00, 0.0047 ]
[2025-07-23 22:10:42,655] [enhance_semantic_masks.py:28] [INFO] /home/sweedal/FoodSAM/results/segmentations/dish_1566332085/sam_mask/49 assign label: [ 89, cilantro mint, 1.00, 0.0011 ]
[2025-07-23 22:10:42,656] [enhance_semantic_masks.py:28] [INFO] /home/sweedal/FoodSAM/results/segmentations/dish_1566332085/sam_mask/50 assign label: [ 0, background, 1.00, 0.0033 ]
[2025-07-23 22:10:42,656] [enhance_semantic_masks.py:28] [INFO] /home/sweedal/FoodSAM/results/segmentations/dish_1566332085/sam_mask/51 assign label: [ 89, cilantro mint, 1.00, 0.0023 ]
[2025-07-23 22:10:42,656] [enhance_semantic_masks.py:28] [INFO] /home/sweedal/FoodSAM/results/segmentations/dish_1566332085/sam_mask/52 assign label: [ 89, cilantro mint, 1.00, 0.0045 ]
[2025-07-23 22:10:42,657] [enhance_semantic_masks.py:28] [INFO] /home/sweedal/FoodSAM/results/segmentations/dish_1566332085/sam_mask/53 assign label: [ 0, background, 1.00, 0.0008 ]
[2025-07-23 22:10:42,657] [enhance_semantic_masks.py:28] [INFO] /home/sweedal/FoodSAM/results/segmentations/dish_1566332085/sam_mask/54 assign label: [ 89, cilantro mint, 1.00, 0.0046 ]
[2025-07-23 22:10:42,658] [enhance_semantic_masks.py:28] [INFO] /home/sweedal/FoodSAM/results/segmentations/dish_1566332085/sam_mask/55 assign label: [ 89, cilantro mint, 1.00, 0.0056 ]
[2025-07-23 22:10:42,658] [enhance_semantic_masks.py:28] [INFO] /home/sweedal/FoodSAM/results/segmentations/dish_1566332085/sam_mask/56 assign label: [ 82, cucumber, 0.89, 0.0073 ]
[2025-07-23 22:10:42,658] [enhance_semantic_masks.py:28] [INFO] /home/sweedal/FoodSAM/results/segmentations/dish_1566332085/sam_mask/57 assign label: [ 89, cilantro mint, 1.00, 0.0010 ]
[2025-07-23 22:10:42,659] [enhance_semantic_masks.py:28] [INFO] /home/sweedal/FoodSAM/results/segmentations/dish_1566332085/sam_mask/58 assign label: [ 0, background, 1.00, 0.0025 ]
[2025-07-23 22:10:42,659] [enhance_semantic_masks.py:28] [INFO] /home/sweedal/FoodSAM/results/segmentations/dish_1566332085/sam_mask/59 assign label: [ 89, cilantro mint, 0.84, 0.0034 ]
[2025-07-23 22:10:42,659] [enhance_semantic_masks.py:28] [INFO] /home/sweedal/FoodSAM/results/segmentations/dish_1566332085/sam_mask/60 assign label: [ 89, cilantro mint, 1.00, 0.0024 ]
[2025-07-23 22:10:42,660] [enhance_semantic_masks.py:28] [INFO] /home/sweedal/FoodSAM/results/segmentations/dish_1566332085/sam_mask/61 assign label: [ 89, cilantro mint, 0.99, 0.0016 ]
[2025-07-23 22:10:42,660] [enhance_semantic_masks.py:28] [INFO] /home/sweedal/FoodSAM/results/segmentations/dish_1566332085/sam_mask/62 assign label: [ 89, cilantro mint, 1.00, 0.0048 ]
[2025-07-23 22:10:42,662] [enhance_semantic_masks.py:28] [INFO] /home/sweedal/FoodSAM/results/segmentations/dish_1566332085/sam_mask/63 assign label: [ 89, cilantro mint, 1.00, 0.0220 ]
[2025-07-23 22:10:42,662] [enhance_semantic_masks.py:28] [INFO] /home/sweedal/FoodSAM/results/segmentations/dish_1566332085/sam_mask/64 assign label: [ 0, background, 1.00, 0.0060 ]
[2025-07-23 22:10:42,662] [enhance_semantic_masks.py:28] [INFO] /home/sweedal/FoodSAM/results/segmentations/dish_1566332085/sam_mask/65 assign label: [ 89, cilantro mint, 1.00, 0.0014 ]
[2025-07-23 22:10:42,663] [enhance_semantic_masks.py:28] [INFO] /home/sweedal/FoodSAM/results/segmentations/dish_1566332085/sam_mask/66 assign label: [ 0, background, 1.00, 0.0042 ]
[2025-07-23 22:10:42,663] [enhance_semantic_masks.py:28] [INFO] /home/sweedal/FoodSAM/results/segmentations/dish_1566332085/sam_mask/67 assign label: [ 82, cucumber, 0.79, 0.0008 ]
[2025-07-23 22:10:42,664] [enhance_semantic_masks.py:28] [INFO] /home/sweedal/FoodSAM/results/segmentations/dish_1566332085/sam_mask/68 assign label: [ 89, cilantro mint, 1.00, 0.0100 ]
[2025-07-23 22:10:42,664] [enhance_semantic_masks.py:28] [INFO] /home/sweedal/FoodSAM/results/segmentations/dish_1566332085/sam_mask/69 assign label: [ 0, background, 1.00, 0.0017 ]
[2025-07-23 22:10:42,664] [enhance_semantic_masks.py:28] [INFO] /home/sweedal/FoodSAM/results/segmentations/dish_1566332085/sam_mask/70 assign label: [ 82, cucumber, 1.00, 0.0027 ]
[2025-07-23 22:10:42,665] [enhance_semantic_masks.py:28] [INFO] /home/sweedal/FoodSAM/results/segmentations/dish_1566332085/sam_mask/71 assign label: [ 82, cucumber, 1.00, 0.0021 ]
[2025-07-23 22:10:42,665] [enhance_semantic_masks.py:28] [INFO] /home/sweedal/FoodSAM/results/segmentations/dish_1566332085/sam_mask/72 assign label: [ 89, cilantro mint, 0.92, 0.0002 ]
[2025-07-23 22:10:42,666] [enhance_semantic_masks.py:28] [INFO] /home/sweedal/FoodSAM/results/segmentations/dish_1566332085/sam_mask/73 assign label: [ 82, cucumber, 0.87, 0.0127 ]
[2025-07-23 22:10:42,666] [enhance_semantic_masks.py:28] [INFO] /home/sweedal/FoodSAM/results/segmentations/dish_1566332085/sam_mask/74 assign label: [ 0, background, 1.00, 0.0014 ]
[2025-07-23 22:10:42,667] [enhance_semantic_masks.py:28] [INFO] /home/sweedal/FoodSAM/results/segmentations/dish_1566332085/sam_mask/75 assign label: [ 89, cilantro mint, 1.00, 0.0031 ]
[2025-07-23 22:10:42,667] [enhance_semantic_masks.py:28] [INFO] /home/sweedal/FoodSAM/results/segmentations/dish_1566332085/sam_mask/76 assign label: [ 82, cucumber, 1.00, 0.0018 ]
[2025-07-23 22:10:42,668] [enhance_semantic_masks.py:28] [INFO] /home/sweedal/FoodSAM/results/segmentations/dish_1566332085/sam_mask/77 assign label: [ 89, cilantro mint, 1.00, 0.0022 ]
[2025-07-23 22:10:42,668] [enhance_semantic_masks.py:28] [INFO] /home/sweedal/FoodSAM/results/segmentations/dish_1566332085/sam_mask/78 assign label: [ 82, cucumber, 0.58, 0.0057 ]
[2025-07-23 22:10:42,669] [enhance_semantic_masks.py:28] [INFO] /home/sweedal/FoodSAM/results/segmentations/dish_1566332085/sam_mask/79 assign label: [ 0, background, 1.00, 0.0077 ]
[2025-07-23 22:10:42,669] [enhance_semantic_masks.py:28] [INFO] /home/sweedal/FoodSAM/results/segmentations/dish_1566332085/sam_mask/80 assign label: [ 89, cilantro mint, 0.78, 0.0009 ]
[2025-07-23 22:10:42,672] [enhance_semantic_masks.py:28] [INFO] /home/sweedal/FoodSAM/results/segmentations/dish_1566332085/sam_mask/81 assign label: [ 0, background, 1.00, 0.0473 ]
[2025-07-23 22:10:42,673] [enhance_semantic_masks.py:28] [INFO] /home/sweedal/FoodSAM/results/segmentations/dish_1566332085/sam_mask/82 assign label: [ 89, cilantro mint, 1.00, 0.0048 ]
[2025-07-23 22:10:42,673] [enhance_semantic_masks.py:28] [INFO] /home/sweedal/FoodSAM/results/segmentations/dish_1566332085/sam_mask/83 assign label: [ 89, cilantro mint, 1.00, 0.0010 ]
[2025-07-23 22:10:42,674] [enhance_semantic_masks.py:28] [INFO] /home/sweedal/FoodSAM/results/segmentations/dish_1566332085/sam_mask/84 assign label: [ 89, cilantro mint, 0.99, 0.0091 ]
[2025-07-23 22:10:42,674] [enhance_semantic_masks.py:28] [INFO] /home/sweedal/FoodSAM/results/segmentations/dish_1566332085/sam_mask/85 assign label: [ 0, background, 1.00, 0.0009 ]
[2025-07-23 22:10:42,674] [enhance_semantic_masks.py:28] [INFO] /home/sweedal/FoodSAM/results/segmentations/dish_1566332085/sam_mask/86 assign label: [ 89, cilantro mint, 1.00, 0.0010 ]
[2025-07-23 22:10:42,675] [enhance_semantic_masks.py:28] [INFO] /home/sweedal/FoodSAM/results/segmentations/dish_1566332085/sam_mask/87 assign label: [ 89, cilantro mint, 0.59, 0.0007 ]
[2025-07-23 22:10:42,676] [enhance_semantic_masks.py:28] [INFO] /home/sweedal/FoodSAM/results/segmentations/dish_1566332085/sam_mask/88 assign label: [ 89, cilantro mint, 1.00, 0.0179 ]
[2025-07-23 22:10:42,676] [enhance_semantic_masks.py:28] [INFO] /home/sweedal/FoodSAM/results/segmentations/dish_1566332085/sam_mask/89 assign label: [ 89, cilantro mint, 1.00, 0.0004 ]
[2025-07-23 22:10:42,676] [enhance_semantic_masks.py:28] [INFO] /home/sweedal/FoodSAM/results/segmentations/dish_1566332085/sam_mask/90 assign label: [ 89, cilantro mint, 1.00, 0.0009 ]
[2025-07-23 22:10:42,677] [enhance_semantic_masks.py:28] [INFO] /home/sweedal/FoodSAM/results/segmentations/dish_1566332085/sam_mask/91 assign label: [ 89, cilantro mint, 1.00, 0.0029 ]
[2025-07-23 22:10:42,677] [enhance_semantic_masks.py:28] [INFO] /home/sweedal/FoodSAM/results/segmentations/dish_1566332085/sam_mask/92 assign label: [ 82, cucumber, 1.00, 0.0044 ]
[2025-07-23 22:10:42,677] [enhance_semantic_masks.py:28] [INFO] /home/sweedal/FoodSAM/results/segmentations/dish_1566332085/sam_mask/93 assign label: [ 0, background, 1.00, 0.0019 ]
[2025-07-23 22:10:42,678] [enhance_semantic_masks.py:28] [INFO] /home/sweedal/FoodSAM/results/segmentations/dish_1566332085/sam_mask/94 assign label: [ 89, cilantro mint, 1.00, 0.0083 ]
[2025-07-23 22:10:42,678] [enhance_semantic_masks.py:28] [INFO] /home/sweedal/FoodSAM/results/segmentations/dish_1566332085/sam_mask/95 assign label: [ 89, cilantro mint, 0.98, 0.0007 ]
[2025-07-23 22:10:42,679] [enhance_semantic_masks.py:28] [INFO] /home/sweedal/FoodSAM/results/segmentations/dish_1566332085/sam_mask/96 assign label: [ 0, background, 1.00, 0.0032 ]
[2025-07-23 22:10:42,679] [enhance_semantic_masks.py:28] [INFO] /home/sweedal/FoodSAM/results/segmentations/dish_1566332085/sam_mask/97 assign label: [ 89, cilantro mint, 1.00, 0.0031 ]
[2025-07-23 22:10:42,679] [enhance_semantic_masks.py:28] [INFO] /home/sweedal/FoodSAM/results/segmentations/dish_1566332085/sam_mask/98 assign label: [ 89, cilantro mint, 1.00, 0.0025 ]
[2025-07-23 22:10:42,680] [enhance_semantic_masks.py:28] [INFO] /home/sweedal/FoodSAM/results/segmentations/dish_1566332085/sam_mask/99 assign label: [ 89, cilantro mint, 0.80, 0.0016 ]
[2025-07-23 22:10:42,680] [enhance_semantic_masks.py:28] [INFO] /home/sweedal/FoodSAM/results/segmentations/dish_1566332085/sam_mask/100 assign label: [ 89, cilantro mint, 1.00, 0.0079 ]
[2025-07-23 22:10:42,681] [enhance_semantic_masks.py:28] [INFO] /home/sweedal/FoodSAM/results/segmentations/dish_1566332085/sam_mask/101 assign label: [ 89, cilantro mint, 1.00, 0.0040 ]
[2025-07-23 22:10:42,681] [enhance_semantic_masks.py:28] [INFO] /home/sweedal/FoodSAM/results/segmentations/dish_1566332085/sam_mask/102 assign label: [ 0, background, 1.00, 0.0019 ]
[2025-07-23 22:10:42,681] [enhance_semantic_masks.py:28] [INFO] /home/sweedal/FoodSAM/results/segmentations/dish_1566332085/sam_mask/103 assign label: [ 89, cilantro mint, 1.00, 0.0008 ]
[2025-07-23 22:10:42,681] [enhance_semantic_masks.py:28] [INFO] /home/sweedal/FoodSAM/results/segmentations/dish_1566332085/sam_mask/104 assign label: [ 89, cilantro mint, 1.00, 0.0008 ]
[2025-07-23 22:10:42,682] [enhance_semantic_masks.py:28] [INFO] /home/sweedal/FoodSAM/results/segmentations/dish_1566332085/sam_mask/105 assign label: [ 0, background, 1.00, 0.0009 ]
[2025-07-23 22:10:42,682] [enhance_semantic_masks.py:28] [INFO] /home/sweedal/FoodSAM/results/segmentations/dish_1566332085/sam_mask/106 assign label: [ 0, background, 1.00, 0.0009 ]
[2025-07-23 22:10:42,682] [enhance_semantic_masks.py:28] [INFO] /home/sweedal/FoodSAM/results/segmentations/dish_1566332085/sam_mask/107 assign label: [ 89, cilantro mint, 1.00, 0.0011 ]
[2025-07-23 22:10:42,682] [enhance_semantic_masks.py:28] [INFO] /home/sweedal/FoodSAM/results/segmentations/dish_1566332085/sam_mask/108 assign label: [ 89, cilantro mint, 1.00, 0.0004 ]
[2025-07-23 22:10:42,683] [enhance_semantic_masks.py:28] [INFO] /home/sweedal/FoodSAM/results/segmentations/dish_1566332085/sam_mask/109 assign label: [ 82, cucumber, 1.00, 0.0007 ]
[2025-07-23 22:10:42,683] [enhance_semantic_masks.py:28] [INFO] /home/sweedal/FoodSAM/results/segmentations/dish_1566332085/sam_mask/110 assign label: [ 0, background, 1.00, 0.0050 ]
[2025-07-23 22:10:42,684] [enhance_semantic_masks.py:28] [INFO] /home/sweedal/FoodSAM/results/segmentations/dish_1566332085/sam_mask/111 assign label: [ 89, cilantro mint, 1.00, 0.0067 ]
[2025-07-23 22:10:42,684] [enhance_semantic_masks.py:28] [INFO] /home/sweedal/FoodSAM/results/segmentations/dish_1566332085/sam_mask/112 assign label: [ 82, cucumber, 1.00, 0.0007 ]
[2025-07-23 22:10:42,684] [enhance_semantic_masks.py:28] [INFO] /home/sweedal/FoodSAM/results/segmentations/dish_1566332085/sam_mask/113 assign label: [ 89, cilantro mint, 1.00, 0.0014 ]
[2025-07-23 22:10:42,711] [enhance_semantic_masks.py:28] [INFO] /home/sweedal/FoodSAM/results/segmentations/dish_1562872914/sam_mask/0 assign label: [ 0, background, 1.00, 0.2818 ]
[2025-07-23 22:10:42,719] [enhance_semantic_masks.py:28] [INFO] /home/sweedal/FoodSAM/results/segmentations/dish_1562872914/sam_mask/1 assign label: [ 0, background, 1.00, 0.1065 ]
[2025-07-23 22:10:42,729] [enhance_semantic_masks.py:28] [INFO] /home/sweedal/FoodSAM/results/segmentations/dish_1562872914/sam_mask/2 assign label: [ 0, background, 1.00, 0.1215 ]
[2025-07-23 22:10:42,729] [enhance_semantic_masks.py:28] [INFO] /home/sweedal/FoodSAM/results/segmentations/dish_1562872914/sam_mask/3 assign label: [ 31, cherry, 0.79, 0.0067 ]
[2025-07-23 22:10:42,730] [enhance_semantic_masks.py:28] [INFO] /home/sweedal/FoodSAM/results/segmentations/dish_1562872914/sam_mask/4 assign label: [ 0, background, 1.00, 0.0011 ]
[2025-07-23 22:10:42,731] [enhance_semantic_masks.py:28] [INFO] /home/sweedal/FoodSAM/results/segmentations/dish_1562872914/sam_mask/5 assign label: [ 0, background, 1.00, 0.0269 ]
[2025-07-23 22:10:42,735] [enhance_semantic_masks.py:28] [INFO] /home/sweedal/FoodSAM/results/segmentations/dish_1562872914/sam_mask/6 assign label: [ 0, background, 1.00, 0.0476 ]
[2025-07-23 22:10:42,743] [enhance_semantic_masks.py:28] [INFO] /home/sweedal/FoodSAM/results/segmentations/dish_1562872914/sam_mask/7 assign label: [ 0, background, 1.00, 0.1078 ]
[2025-07-23 22:10:42,744] [enhance_semantic_masks.py:28] [INFO] /home/sweedal/FoodSAM/results/segmentations/dish_1562872914/sam_mask/8 assign label: [ 48, chicken duck, 0.91, 0.0107 ]
[2025-07-23 22:10:42,757] [enhance_semantic_masks.py:28] [INFO] /home/sweedal/FoodSAM/results/segmentations/dish_1562872914/sam_mask/9 assign label: [ 0, background, 1.00, 0.1681 ]
[2025-07-23 22:10:42,759] [enhance_semantic_masks.py:28] [INFO] /home/sweedal/FoodSAM/results/segmentations/dish_1562872914/sam_mask/10 assign label: [ 0, background, 1.00, 0.0291 ]
[2025-07-23 22:10:42,762] [enhance_semantic_masks.py:28] [INFO] /home/sweedal/FoodSAM/results/segmentations/dish_1562872914/sam_mask/11 assign label: [ 48, chicken duck, 0.68, 0.0490 ]
[2025-07-23 22:10:42,763] [enhance_semantic_masks.py:28] [INFO] /home/sweedal/FoodSAM/results/segmentations/dish_1562872914/sam_mask/12 assign label: [ 0, background, 1.00, 0.0096 ]
[2025-07-23 22:10:42,764] [enhance_semantic_masks.py:28] [INFO] /home/sweedal/FoodSAM/results/segmentations/dish_1562872914/sam_mask/13 assign label: [ 0, background, 1.00, 0.0053 ]
[2025-07-23 22:10:42,764] [enhance_semantic_masks.py:28] [INFO] /home/sweedal/FoodSAM/results/segmentations/dish_1562872914/sam_mask/14 assign label: [ 0, background, 1.00, 0.0022 ]
[2025-07-23 22:10:42,764] [enhance_semantic_masks.py:28] [INFO] /home/sweedal/FoodSAM/results/segmentations/dish_1562872914/sam_mask/15 assign label: [ 41, grape, 0.86, 0.0023 ]
[2025-07-23 22:10:42,765] [enhance_semantic_masks.py:28] [INFO] /home/sweedal/FoodSAM/results/segmentations/dish_1562872914/sam_mask/16 assign label: [ 41, grape, 0.62, 0.0031 ]
[2025-07-23 22:10:42,765] [enhance_semantic_masks.py:28] [INFO] /home/sweedal/FoodSAM/results/segmentations/dish_1562872914/sam_mask/17 assign label: [ 0, background, 1.00, 0.0004 ]
[2025-07-23 22:10:42,765] [enhance_semantic_masks.py:28] [INFO] /home/sweedal/FoodSAM/results/segmentations/dish_1562872914/sam_mask/18 assign label: [ 0, background, 1.00, 0.0043 ]
[2025-07-23 22:10:42,765] [enhance_semantic_masks.py:28] [INFO] /home/sweedal/FoodSAM/results/segmentations/dish_1562872914/sam_mask/19 assign label: [ 0, background, 1.00, 0.0009 ]
[2025-07-23 22:10:42,766] [enhance_semantic_masks.py:28] [INFO] /home/sweedal/FoodSAM/results/segmentations/dish_1562872914/sam_mask/20 assign label: [ 48, chicken duck, 0.99, 0.0031 ]
[2025-07-23 22:10:42,774] [enhance_semantic_masks.py:28] [INFO] /home/sweedal/FoodSAM/results/segmentations/dish_1562872914/sam_mask/21 assign label: [ 48, chicken duck, 0.64, 0.0746 ]
[2025-07-23 22:10:42,774] [enhance_semantic_masks.py:28] [INFO] /home/sweedal/FoodSAM/results/segmentations/dish_1562872914/sam_mask/22 assign label: [ 41, grape, 0.76, 0.0026 ]
[2025-07-23 22:10:42,774] [enhance_semantic_masks.py:28] [INFO] /home/sweedal/FoodSAM/results/segmentations/dish_1562872914/sam_mask/23 assign label: [ 0, background, 0.78, 0.0035 ]
[2025-07-23 22:10:42,778] [enhance_semantic_masks.py:28] [INFO] /home/sweedal/FoodSAM/results/segmentations/dish_1562872914/sam_mask/24 assign label: [ 0, background, 1.00, 0.0559 ]
[2025-07-23 22:10:42,783] [enhance_semantic_masks.py:28] [INFO] /home/sweedal/FoodSAM/results/segmentations/dish_1562872914/sam_mask/25 assign label: [ 0, background, 1.00, 0.0584 ]
[2025-07-23 22:10:42,783] [enhance_semantic_masks.py:28] [INFO] /home/sweedal/FoodSAM/results/segmentations/dish_1562872914/sam_mask/26 assign label: [ 41, grape, 0.47, 0.0040 ]
[2025-07-23 22:10:42,786] [enhance_semantic_masks.py:28] [INFO] /home/sweedal/FoodSAM/results/segmentations/dish_1562872914/sam_mask/27 assign label: [ 0, background, 1.00, 0.0484 ]
[2025-07-23 22:10:42,787] [enhance_semantic_masks.py:28] [INFO] /home/sweedal/FoodSAM/results/segmentations/dish_1562872914/sam_mask/28 assign label: [ 0, background, 1.00, 0.0006 ]
[2025-07-23 22:10:42,787] [enhance_semantic_masks.py:28] [INFO] /home/sweedal/FoodSAM/results/segmentations/dish_1562872914/sam_mask/29 assign label: [ 41, grape, 0.53, 0.0031 ]
[2025-07-23 22:10:42,800] [enhance_semantic_masks.py:28] [INFO] /home/sweedal/FoodSAM/results/segmentations/dish_1562872914/sam_mask/30 assign label: [ 0, background, 1.00, 0.1672 ]
[2025-07-23 22:10:42,813] [enhance_semantic_masks.py:28] [INFO] /home/sweedal/FoodSAM/results/segmentations/dish_1562872914/sam_mask/31 assign label: [ 0, background, 1.00, 0.1670 ]
[2025-07-23 22:10:42,814] [enhance_semantic_masks.py:28] [INFO] /home/sweedal/FoodSAM/results/segmentations/dish_1562872914/sam_mask/32 assign label: [ 0, background, 1.00, 0.0047 ]
[2025-07-23 22:10:42,814] [enhance_semantic_masks.py:28] [INFO] /home/sweedal/FoodSAM/results/segmentations/dish_1562872914/sam_mask/33 assign label: [ 31, cherry, 0.69, 0.0009 ]
[2025-07-23 22:10:42,814] [enhance_semantic_masks.py:28] [INFO] /home/sweedal/FoodSAM/results/segmentations/dish_1562872914/sam_mask/34 assign label: [ 0, background, 1.00, 0.0022 ]
[2025-07-23 22:10:42,815] [enhance_semantic_masks.py:28] [INFO] /home/sweedal/FoodSAM/results/segmentations/dish_1562872914/sam_mask/35 assign label: [ 48, chicken duck, 0.74, 0.0145 ]
[2025-07-23 22:10:42,816] [enhance_semantic_masks.py:28] [INFO] /home/sweedal/FoodSAM/results/segmentations/dish_1562872914/sam_mask/36 assign label: [ 0, background, 1.00, 0.0049 ]
[2025-07-23 22:10:42,816] [enhance_semantic_masks.py:28] [INFO] /home/sweedal/FoodSAM/results/segmentations/dish_1562872914/sam_mask/37 assign label: [ 0, background, 1.00, 0.0008 ]
[2025-07-23 22:10:42,816] [enhance_semantic_masks.py:28] [INFO] /home/sweedal/FoodSAM/results/segmentations/dish_1562872914/sam_mask/38 assign label: [ 0, background, 1.00, 0.0019 ]
[2025-07-23 22:10:42,817] [enhance_semantic_masks.py:28] [INFO] /home/sweedal/FoodSAM/results/segmentations/dish_1562872914/sam_mask/39 assign label: [ 9, cheese butter, 0.65, 0.0018 ]
[2025-07-23 22:10:42,817] [enhance_semantic_masks.py:28] [INFO] /home/sweedal/FoodSAM/results/segmentations/dish_1562872914/sam_mask/40 assign label: [ 0, background, 1.00, 0.0007 ]
[2025-07-23 22:10:42,817] [enhance_semantic_masks.py:28] [INFO] /home/sweedal/FoodSAM/results/segmentations/dish_1562872914/sam_mask/41 assign label: [ 48, chicken duck, 0.90, 0.0012 ]
[2025-07-23 22:10:42,817] [enhance_semantic_masks.py:28] [INFO] /home/sweedal/FoodSAM/results/segmentations/dish_1562872914/sam_mask/42 assign label: [ 48, chicken duck, 0.86, 0.0005 ]
[2025-07-23 22:10:42,818] [enhance_semantic_masks.py:28] [INFO] /home/sweedal/FoodSAM/results/segmentations/dish_1562872914/sam_mask/43 assign label: [ 0, background, 1.00, 0.0016 ]
[2025-07-23 22:10:42,820] [enhance_semantic_masks.py:28] [INFO] /home/sweedal/FoodSAM/results/segmentations/dish_1562872914/sam_mask/44 assign label: [ 0, background, 1.00, 0.0111 ]
[2025-07-23 22:10:42,820] [enhance_semantic_masks.py:28] [INFO] /home/sweedal/FoodSAM/results/segmentations/dish_1562872914/sam_mask/45 assign label: [ 0, background, 0.58, 0.0013 ]
[2025-07-23 22:10:42,820] [enhance_semantic_masks.py:28] [INFO] /home/sweedal/FoodSAM/results/segmentations/dish_1562872914/sam_mask/46 assign label: [ 41, grape, 0.60, 0.0013 ]
[2025-07-23 22:10:42,821] [enhance_semantic_masks.py:28] [INFO] /home/sweedal/FoodSAM/results/segmentations/dish_1562872914/sam_mask/47 assign label: [ 41, grape, 0.64, 0.0017 ]
[2025-07-23 22:10:42,821] [enhance_semantic_masks.py:28] [INFO] /home/sweedal/FoodSAM/results/segmentations/dish_1562872914/sam_mask/48 assign label: [ 0, background, 1.00, 0.0007 ]
[2025-07-23 22:10:42,825] [enhance_semantic_masks.py:28] [INFO] /home/sweedal/FoodSAM/results/segmentations/dish_1562872914/sam_mask/49 assign label: [ 48, chicken duck, 0.67, 0.0497 ]
[2025-07-23 22:10:42,826] [enhance_semantic_masks.py:28] [INFO] /home/sweedal/FoodSAM/results/segmentations/dish_1562872914/sam_mask/50 assign label: [ 48, chicken duck, 0.74, 0.0144 ]
[2025-07-23 22:10:42,826] [enhance_semantic_masks.py:28] [INFO] /home/sweedal/FoodSAM/results/segmentations/dish_1562872914/sam_mask/51 assign label: [ 0, background, 1.00, 0.0024 ]
[2025-07-23 22:10:42,827] [enhance_semantic_masks.py:28] [INFO] /home/sweedal/FoodSAM/results/segmentations/dish_1562872914/sam_mask/52 assign label: [ 48, chicken duck, 1.00, 0.0018 ]
[2025-07-23 22:10:42,827] [enhance_semantic_masks.py:28] [INFO] /home/sweedal/FoodSAM/results/segmentations/dish_1562872914/sam_mask/53 assign label: [ 9, cheese butter, 0.77, 0.0010 ]
[2025-07-23 22:10:42,827] [enhance_semantic_masks.py:28] [INFO] /home/sweedal/FoodSAM/results/segmentations/dish_1562872914/sam_mask/54 assign label: [ 0, background, 1.00, 0.0004 ]
[2025-07-23 22:10:42,827] [enhance_semantic_masks.py:28] [INFO] /home/sweedal/FoodSAM/results/segmentations/dish_1562872914/sam_mask/55 assign label: [ 0, background, 1.00, 0.0016 ]
[2025-07-23 22:10:42,828] [enhance_semantic_masks.py:28] [INFO] /home/sweedal/FoodSAM/results/segmentations/dish_1562872914/sam_mask/56 assign label: [ 41, grape, 0.77, 0.0063 ]
[2025-07-23 22:10:42,828] [enhance_semantic_masks.py:28] [INFO] /home/sweedal/FoodSAM/results/segmentations/dish_1562872914/sam_mask/57 assign label: [ 0, background, 1.00, 0.0011 ]
[2025-07-23 22:10:42,828] [enhance_semantic_masks.py:28] [INFO] /home/sweedal/FoodSAM/results/segmentations/dish_1562872914/sam_mask/58 assign label: [ 0, background, 1.00, 0.0004 ]
[2025-07-23 22:10:42,830] [enhance_semantic_masks.py:28] [INFO] /home/sweedal/FoodSAM/results/segmentations/dish_1562872914/sam_mask/59 assign label: [ 48, chicken duck, 0.35, 0.0101 ]
[2025-07-23 22:10:42,840] [enhance_semantic_masks.py:28] [INFO] /home/sweedal/FoodSAM/results/segmentations/dish_1565118067/sam_mask/0 assign label: [ 103, other ingredients, 0.81, 0.0781 ]
[2025-07-23 22:10:42,854] [enhance_semantic_masks.py:28] [INFO] /home/sweedal/FoodSAM/results/segmentations/dish_1565118067/sam_mask/1 assign label: [ 0, background, 1.00, 0.1751 ]
[2025-07-23 22:10:42,857] [enhance_semantic_masks.py:28] [INFO] /home/sweedal/FoodSAM/results/segmentations/dish_1565118067/sam_mask/2 assign label: [ 67, pie, 1.00, 0.0529 ]
[2025-07-23 22:10:42,865] [enhance_semantic_masks.py:28] [INFO] /home/sweedal/FoodSAM/results/segmentations/dish_1565118067/sam_mask/3 assign label: [ 67, pie, 1.00, 0.1105 ]
[2025-07-23 22:10:42,879] [enhance_semantic_masks.py:28] [INFO] /home/sweedal/FoodSAM/results/segmentations/dish_1565118067/sam_mask/4 assign label: [ 0, background, 1.00, 0.1760 ]
[2025-07-23 22:10:42,893] [enhance_semantic_masks.py:28] [INFO] /home/sweedal/FoodSAM/results/segmentations/dish_1565118067/sam_mask/5 assign label: [ 0, background, 0.99, 0.1878 ]
[2025-07-23 22:10:42,907] [enhance_semantic_masks.py:28] [INFO] /home/sweedal/FoodSAM/results/segmentations/dish_1565118067/sam_mask/6 assign label: [ 0, background, 1.00, 0.1772 ]
[2025-07-23 22:10:42,915] [enhance_semantic_masks.py:28] [INFO] /home/sweedal/FoodSAM/results/segmentations/dish_1565118067/sam_mask/7 assign label: [ 84, carrot, 0.98, 0.1048 ]
[2025-07-23 22:10:42,917] [enhance_semantic_masks.py:28] [INFO] /home/sweedal/FoodSAM/results/segmentations/dish_1565118067/sam_mask/8 assign label: [ 0, background, 1.00, 0.0174 ]
[2025-07-23 22:10:42,918] [enhance_semantic_masks.py:28] [INFO] /home/sweedal/FoodSAM/results/segmentations/dish_1565118067/sam_mask/9 assign label: [ 0, background, 1.00, 0.0213 ]
[2025-07-23 22:10:42,922] [enhance_semantic_masks.py:28] [INFO] /home/sweedal/FoodSAM/results/segmentations/dish_1565118067/sam_mask/10 assign label: [ 67, pie, 1.00, 0.0567 ]
[2025-07-23 22:10:42,923] [enhance_semantic_masks.py:28] [INFO] /home/sweedal/FoodSAM/results/segmentations/dish_1565118067/sam_mask/11 assign label: [ 84, carrot, 0.99, 0.0090 ]
[2025-07-23 22:10:42,923] [enhance_semantic_masks.py:28] [INFO] /home/sweedal/FoodSAM/results/segmentations/dish_1565118067/sam_mask/12 assign label: [ 94, pepper, 0.99, 0.0021 ]
[2025-07-23 22:10:42,923] [enhance_semantic_masks.py:28] [INFO] /home/sweedal/FoodSAM/results/segmentations/dish_1565118067/sam_mask/13 assign label: [ 0, background, 0.68, 0.0013 ]
[2025-07-23 22:10:42,923] [enhance_semantic_masks.py:28] [INFO] /home/sweedal/FoodSAM/results/segmentations/dish_1565118067/sam_mask/14 assign label: [ 67, pie, 0.49, 0.0019 ]
[2025-07-23 22:10:42,924] [enhance_semantic_masks.py:28] [INFO] /home/sweedal/FoodSAM/results/segmentations/dish_1565118067/sam_mask/15 assign label: [ 67, pie, 1.00, 0.0124 ]
[2025-07-23 22:10:42,925] [enhance_semantic_masks.py:28] [INFO] /home/sweedal/FoodSAM/results/segmentations/dish_1565118067/sam_mask/16 assign label: [ 84, carrot, 1.00, 0.0038 ]
[2025-07-23 22:10:42,925] [enhance_semantic_masks.py:28] [INFO] /home/sweedal/FoodSAM/results/segmentations/dish_1565118067/sam_mask/17 assign label: [ 84, carrot, 0.86, 0.0052 ]
[2025-07-23 22:10:42,925] [enhance_semantic_masks.py:28] [INFO] /home/sweedal/FoodSAM/results/segmentations/dish_1565118067/sam_mask/18 assign label: [ 67, pie, 0.98, 0.0016 ]
[2025-07-23 22:10:42,926] [enhance_semantic_masks.py:28] [INFO] /home/sweedal/FoodSAM/results/segmentations/dish_1565118067/sam_mask/19 assign label: [ 94, pepper, 0.97, 0.0047 ]
[2025-07-23 22:10:42,926] [enhance_semantic_masks.py:28] [INFO] /home/sweedal/FoodSAM/results/segmentations/dish_1565118067/sam_mask/20 assign label: [ 0, background, 0.88, 0.0016 ]
[2025-07-23 22:10:42,927] [enhance_semantic_masks.py:28] [INFO] /home/sweedal/FoodSAM/results/segmentations/dish_1565118067/sam_mask/21 assign label: [ 67, pie, 1.00, 0.0058 ]
[2025-07-23 22:10:42,927] [enhance_semantic_masks.py:28] [INFO] /home/sweedal/FoodSAM/results/segmentations/dish_1565118067/sam_mask/22 assign label: [ 0, background, 1.00, 0.0021 ]
[2025-07-23 22:10:42,927] [enhance_semantic_masks.py:28] [INFO] /home/sweedal/FoodSAM/results/segmentations/dish_1565118067/sam_mask/23 assign label: [ 84, carrot, 0.53, 0.0014 ]
[2025-07-23 22:10:42,930] [enhance_semantic_masks.py:28] [INFO] /home/sweedal/FoodSAM/results/segmentations/dish_1565118067/sam_mask/24 assign label: [ 67, pie, 1.00, 0.0387 ]
[2025-07-23 22:10:42,930] [enhance_semantic_masks.py:28] [INFO] /home/sweedal/FoodSAM/results/segmentations/dish_1565118067/sam_mask/25 assign label: [ 0, background, 1.00, 0.0026 ]
[2025-07-23 22:10:42,931] [enhance_semantic_masks.py:28] [INFO] /home/sweedal/FoodSAM/results/segmentations/dish_1565118067/sam_mask/26 assign label: [ 84, carrot, 0.66, 0.0140 ]
[2025-07-23 22:10:42,931] [enhance_semantic_masks.py:28] [INFO] /home/sweedal/FoodSAM/results/segmentations/dish_1565118067/sam_mask/27 assign label: [ 0, background, 1.00, 0.0008 ]
[2025-07-23 22:10:42,932] [enhance_semantic_masks.py:28] [INFO] /home/sweedal/FoodSAM/results/segmentations/dish_1565118067/sam_mask/28 assign label: [ 94, pepper, 1.00, 0.0065 ]
[2025-07-23 22:10:42,932] [enhance_semantic_masks.py:28] [INFO] /home/sweedal/FoodSAM/results/segmentations/dish_1565118067/sam_mask/29 assign label: [ 94, pepper, 0.61, 0.0016 ]
[2025-07-23 22:10:42,933] [enhance_semantic_masks.py:28] [INFO] /home/sweedal/FoodSAM/results/segmentations/dish_1565118067/sam_mask/30 assign label: [ 0, background, 1.00, 0.0047 ]
[2025-07-23 22:10:42,933] [enhance_semantic_masks.py:28] [INFO] /home/sweedal/FoodSAM/results/segmentations/dish_1565118067/sam_mask/31 assign label: [ 67, pie, 0.99, 0.0018 ]
[2025-07-23 22:10:42,933] [enhance_semantic_masks.py:28] [INFO] /home/sweedal/FoodSAM/results/segmentations/dish_1565118067/sam_mask/32 assign label: [ 84, carrot, 0.87, 0.0023 ]
[2025-07-23 22:10:42,934] [enhance_semantic_masks.py:28] [INFO] /home/sweedal/FoodSAM/results/segmentations/dish_1565118067/sam_mask/33 assign label: [ 84, carrot, 0.98, 0.0057 ]
[2025-07-23 22:10:42,934] [enhance_semantic_masks.py:28] [INFO] /home/sweedal/FoodSAM/results/segmentations/dish_1565118067/sam_mask/34 assign label: [ 94, pepper, 0.95, 0.0020 ]
[2025-07-23 22:10:42,934] [enhance_semantic_masks.py:28] [INFO] /home/sweedal/FoodSAM/results/segmentations/dish_1565118067/sam_mask/35 assign label: [ 0, background, 1.00, 0.0007 ]
[2025-07-23 22:10:42,935] [enhance_semantic_masks.py:28] [INFO] /home/sweedal/FoodSAM/results/segmentations/dish_1565118067/sam_mask/36 assign label: [ 84, carrot, 0.70, 0.0014 ]
[2025-07-23 22:10:42,935] [enhance_semantic_masks.py:28] [INFO] /home/sweedal/FoodSAM/results/segmentations/dish_1565118067/sam_mask/37 assign label: [ 67, pie, 1.00, 0.0021 ]
[2025-07-23 22:10:42,935] [enhance_semantic_masks.py:28] [INFO] /home/sweedal/FoodSAM/results/segmentations/dish_1565118067/sam_mask/38 assign label: [ 0, background, 1.00, 0.0005 ]
[2025-07-23 22:10:42,935] [enhance_semantic_masks.py:28] [INFO] /home/sweedal/FoodSAM/results/segmentations/dish_1565118067/sam_mask/39 assign label: [ 0, background, 1.00, 0.0008 ]
[2025-07-23 22:10:42,938] [enhance_semantic_masks.py:28] [INFO] /home/sweedal/FoodSAM/results/segmentations/dish_1565118067/sam_mask/40 assign label: [ 67, pie, 1.00, 0.0119 ]
[2025-07-23 22:10:42,938] [enhance_semantic_masks.py:28] [INFO] /home/sweedal/FoodSAM/results/segmentations/dish_1565118067/sam_mask/41 assign label: [ 67, pie, 0.97, 0.0014 ]
[2025-07-23 22:10:42,938] [enhance_semantic_masks.py:28] [INFO] /home/sweedal/FoodSAM/results/segmentations/dish_1565118067/sam_mask/42 assign label: [ 0, background, 0.56, 0.0010 ]
[2025-07-23 22:10:42,939] [enhance_semantic_masks.py:28] [INFO] /home/sweedal/FoodSAM/results/segmentations/dish_1565118067/sam_mask/43 assign label: [ 0, background, 1.00, 0.0030 ]
[2025-07-23 22:10:42,939] [enhance_semantic_masks.py:28] [INFO] /home/sweedal/FoodSAM/results/segmentations/dish_1565118067/sam_mask/44 assign label: [ 84, carrot, 1.00, 0.0013 ]
[2025-07-23 22:10:42,939] [enhance_semantic_masks.py:28] [INFO] /home/sweedal/FoodSAM/results/segmentations/dish_1565118067/sam_mask/45 assign label: [ 103, other ingredients, 1.00, 0.0008 ]
[2025-07-23 22:10:42,940] [enhance_semantic_masks.py:28] [INFO] /home/sweedal/FoodSAM/results/segmentations/dish_1565118067/sam_mask/46 assign label: [ 67, pie, 0.92, 0.0031 ]
[2025-07-23 22:10:42,940] [enhance_semantic_masks.py:28] [INFO] /home/sweedal/FoodSAM/results/segmentations/dish_1565118067/sam_mask/47 assign label: [ 94, pepper, 0.86, 0.0039 ]
[2025-07-23 22:10:42,940] [enhance_semantic_masks.py:28] [INFO] /home/sweedal/FoodSAM/results/segmentations/dish_1565118067/sam_mask/48 assign label: [ 84, carrot, 0.65, 0.0007 ]
[2025-07-23 22:10:42,940] [enhance_semantic_masks.py:28] [INFO] /home/sweedal/FoodSAM/results/segmentations/dish_1565118067/sam_mask/49 assign label: [ 94, pepper, 0.91, 0.0013 ]
[2025-07-23 22:10:42,941] [enhance_semantic_masks.py:28] [INFO] /home/sweedal/FoodSAM/results/segmentations/dish_1565118067/sam_mask/50 assign label: [ 67, pie, 0.99, 0.0033 ]
[2025-07-23 22:10:42,941] [enhance_semantic_masks.py:28] [INFO] /home/sweedal/FoodSAM/results/segmentations/dish_1565118067/sam_mask/51 assign label: [ 103, other ingredients, 0.96, 0.0013 ]
[2025-07-23 22:10:42,942] [enhance_semantic_masks.py:28] [INFO] /home/sweedal/FoodSAM/results/segmentations/dish_1565118067/sam_mask/52 assign label: [ 94, pepper, 0.92, 0.0075 ]
[2025-07-23 22:10:42,942] [enhance_semantic_masks.py:28] [INFO] /home/sweedal/FoodSAM/results/segmentations/dish_1565118067/sam_mask/53 assign label: [ 0, background, 1.00, 0.0005 ]
[2025-07-23 22:10:42,942] [enhance_semantic_masks.py:28] [INFO] /home/sweedal/FoodSAM/results/segmentations/dish_1565118067/sam_mask/54 assign label: [ 67, pie, 0.67, 0.0014 ]
[2025-07-23 22:10:42,943] [enhance_semantic_masks.py:28] [INFO] /home/sweedal/FoodSAM/results/segmentations/dish_1565118067/sam_mask/55 assign label: [ 84, carrot, 1.00, 0.0025 ]
[2025-07-23 22:10:42,943] [enhance_semantic_masks.py:28] [INFO] /home/sweedal/FoodSAM/results/segmentations/dish_1565118067/sam_mask/56 assign label: [ 103, other ingredients, 1.00, 0.0005 ]
[2025-07-23 22:10:42,943] [enhance_semantic_masks.py:28] [INFO] /home/sweedal/FoodSAM/results/segmentations/dish_1565118067/sam_mask/57 assign label: [ 84, carrot, 1.00, 0.0013 ]
[2025-07-23 22:10:42,944] [enhance_semantic_masks.py:28] [INFO] /home/sweedal/FoodSAM/results/segmentations/dish_1565118067/sam_mask/58 assign label: [ 0, background, 0.61, 0.0015 ]
[2025-07-23 22:10:42,944] [enhance_semantic_masks.py:28] [INFO] /home/sweedal/FoodSAM/results/segmentations/dish_1565118067/sam_mask/59 assign label: [ 94, pepper, 0.94, 0.0012 ]
[2025-07-23 22:10:42,944] [enhance_semantic_masks.py:28] [INFO] /home/sweedal/FoodSAM/results/segmentations/dish_1565118067/sam_mask/60 assign label: [ 67, pie, 0.90, 0.0003 ]
[2025-07-23 22:10:42,944] [enhance_semantic_masks.py:28] [INFO] /home/sweedal/FoodSAM/results/segmentations/dish_1565118067/sam_mask/61 assign label: [ 84, carrot, 0.86, 0.0005 ]
[2025-07-23 22:10:42,945] [enhance_semantic_masks.py:28] [INFO] /home/sweedal/FoodSAM/results/segmentations/dish_1565118067/sam_mask/62 assign label: [ 0, background, 1.00, 0.0010 ]
[2025-07-23 22:10:42,945] [enhance_semantic_masks.py:28] [INFO] /home/sweedal/FoodSAM/results/segmentations/dish_1565118067/sam_mask/63 assign label: [ 103, other ingredients, 1.00, 0.0005 ]
[2025-07-23 22:10:42,946] [enhance_semantic_masks.py:28] [INFO] /home/sweedal/FoodSAM/results/segmentations/dish_1565118067/sam_mask/64 assign label: [ 84, carrot, 0.76, 0.0051 ]
[2025-07-23 22:10:42,946] [enhance_semantic_masks.py:28] [INFO] /home/sweedal/FoodSAM/results/segmentations/dish_1565118067/sam_mask/65 assign label: [ 94, pepper, 0.98, 0.0040 ]
[2025-07-23 22:10:42,946] [enhance_semantic_masks.py:28] [INFO] /home/sweedal/FoodSAM/results/segmentations/dish_1565118067/sam_mask/66 assign label: [ 103, other ingredients, 0.55, 0.0030 ]
[2025-07-23 22:10:42,947] [enhance_semantic_masks.py:28] [INFO] /home/sweedal/FoodSAM/results/segmentations/dish_1565118067/sam_mask/67 assign label: [ 103, other ingredients, 1.00, 0.0004 ]
[2025-07-23 22:10:42,947] [enhance_semantic_masks.py:28] [INFO] /home/sweedal/FoodSAM/results/segmentations/dish_1565118067/sam_mask/68 assign label: [ 67, pie, 0.87, 0.0005 ]
[2025-07-23 22:10:42,965] [enhance_semantic_masks.py:28] [INFO] /home/sweedal/FoodSAM/results/segmentations/dish_1561493975/sam_mask/0 assign label: [ 89, cilantro mint, 1.00, 0.1864 ]
[2025-07-23 22:10:43,021] [enhance_semantic_masks.py:28] [INFO] /home/sweedal/FoodSAM/results/segmentations/dish_1561493975/sam_mask/1 assign label: [ 0, background, 0.69, 0.6343 ]
[2025-07-23 22:10:43,027] [enhance_semantic_masks.py:28] [INFO] /home/sweedal/FoodSAM/results/segmentations/dish_1561493975/sam_mask/2 assign label: [ 0, background, 1.00, 0.0699 ]
[2025-07-23 22:10:43,027] [enhance_semantic_masks.py:28] [INFO] /home/sweedal/FoodSAM/results/segmentations/dish_1561493975/sam_mask/3 assign label: [ 0, background, 1.00, 0.0057 ]
[2025-07-23 22:10:43,035] [enhance_semantic_masks.py:28] [INFO] /home/sweedal/FoodSAM/results/segmentations/dish_1561493975/sam_mask/4 assign label: [ 0, background, 1.00, 0.1033 ]
[2025-07-23 22:10:43,036] [enhance_semantic_masks.py:28] [INFO] /home/sweedal/FoodSAM/results/segmentations/dish_1561493975/sam_mask/5 assign label: [ 0, background, 1.00, 0.0046 ]
[2025-07-23 22:10:43,036] [enhance_semantic_masks.py:28] [INFO] /home/sweedal/FoodSAM/results/segmentations/dish_1561493975/sam_mask/6 assign label: [ 0, background, 1.00, 0.0006 ]
[2025-07-23 22:10:43,036] [enhance_semantic_masks.py:28] [INFO] /home/sweedal/FoodSAM/results/segmentations/dish_1561493975/sam_mask/7 assign label: [ 89, cilantro mint, 1.00, 0.0025 ]
[2025-07-23 22:10:43,037] [enhance_semantic_masks.py:28] [INFO] /home/sweedal/FoodSAM/results/segmentations/dish_1561493975/sam_mask/8 assign label: [ 0, background, 1.00, 0.0044 ]
[2025-07-23 22:10:43,050] [enhance_semantic_masks.py:28] [INFO] /home/sweedal/FoodSAM/results/segmentations/dish_1561493975/sam_mask/9 assign label: [ 0, background, 1.00, 0.1719 ]
[2025-07-23 22:10:43,051] [enhance_semantic_masks.py:28] [INFO] /home/sweedal/FoodSAM/results/segmentations/dish_1561493975/sam_mask/10 assign label: [ 0, background, 1.00, 0.0036 ]
[2025-07-23 22:10:43,051] [enhance_semantic_masks.py:28] [INFO] /home/sweedal/FoodSAM/results/segmentations/dish_1561493975/sam_mask/11 assign label: [ 0, background, 1.00, 0.0076 ]
[2025-07-23 22:10:43,052] [enhance_semantic_masks.py:28] [INFO] /home/sweedal/FoodSAM/results/segmentations/dish_1561493975/sam_mask/12 assign label: [ 89, cilantro mint, 1.00, 0.0023 ]
[2025-07-23 22:10:43,052] [enhance_semantic_masks.py:28] [INFO] /home/sweedal/FoodSAM/results/segmentations/dish_1561493975/sam_mask/13 assign label: [ 89, cilantro mint, 1.00, 0.0011 ]
[2025-07-23 22:10:43,053] [enhance_semantic_masks.py:28] [INFO] /home/sweedal/FoodSAM/results/segmentations/dish_1561493975/sam_mask/14 assign label: [ 0, background, 1.00, 0.0159 ]
[2025-07-23 22:10:43,054] [enhance_semantic_masks.py:28] [INFO] /home/sweedal/FoodSAM/results/segmentations/dish_1561493975/sam_mask/15 assign label: [ 89, cilantro mint, 1.00, 0.0026 ]
[2025-07-23 22:10:43,054] [enhance_semantic_masks.py:28] [INFO] /home/sweedal/FoodSAM/results/segmentations/dish_1561493975/sam_mask/16 assign label: [ 0, background, 1.00, 0.0022 ]
[2025-07-23 22:10:43,054] [enhance_semantic_masks.py:28] [INFO] /home/sweedal/FoodSAM/results/segmentations/dish_1561493975/sam_mask/17 assign label: [ 0, background, 1.00, 0.0014 ]
[2025-07-23 22:10:43,055] [enhance_semantic_masks.py:28] [INFO] /home/sweedal/FoodSAM/results/segmentations/dish_1561493975/sam_mask/18 assign label: [ 0, background, 1.00, 0.0021 ]
[2025-07-23 22:10:43,055] [enhance_semantic_masks.py:28] [INFO] /home/sweedal/FoodSAM/results/segmentations/dish_1561493975/sam_mask/19 assign label: [ 0, background, 1.00, 0.0039 ]
[2025-07-23 22:10:43,056] [enhance_semantic_masks.py:28] [INFO] /home/sweedal/FoodSAM/results/segmentations/dish_1561493975/sam_mask/20 assign label: [ 0, background, 1.00, 0.0092 ]
[2025-07-23 22:10:43,056] [enhance_semantic_masks.py:28] [INFO] /home/sweedal/FoodSAM/results/segmentations/dish_1561493975/sam_mask/21 assign label: [ 89, cilantro mint, 1.00, 0.0014 ]
[2025-07-23 22:10:43,056] [enhance_semantic_masks.py:28] [INFO] /home/sweedal/FoodSAM/results/segmentations/dish_1561493975/sam_mask/22 assign label: [ 89, cilantro mint, 1.00, 0.0013 ]
[2025-07-23 22:10:43,056] [enhance_semantic_masks.py:28] [INFO] /home/sweedal/FoodSAM/results/segmentations/dish_1561493975/sam_mask/23 assign label: [ 89, cilantro mint, 1.00, 0.0006 ]
[2025-07-23 22:10:43,057] [enhance_semantic_masks.py:28] [INFO] /home/sweedal/FoodSAM/results/segmentations/dish_1561493975/sam_mask/24 assign label: [ 89, cilantro mint, 0.92, 0.0009 ]
[2025-07-23 22:10:43,057] [enhance_semantic_masks.py:28] [INFO] /home/sweedal/FoodSAM/results/segmentations/dish_1561493975/sam_mask/25 assign label: [ 0, background, 1.00, 0.0016 ]
[2025-07-23 22:10:43,057] [enhance_semantic_masks.py:28] [INFO] /home/sweedal/FoodSAM/results/segmentations/dish_1561493975/sam_mask/26 assign label: [ 0, background, 1.00, 0.0022 ]
[2025-07-23 22:10:43,058] [enhance_semantic_masks.py:28] [INFO] /home/sweedal/FoodSAM/results/segmentations/dish_1561493975/sam_mask/27 assign label: [ 0, background, 1.00, 0.0074 ]
[2025-07-23 22:10:43,058] [enhance_semantic_masks.py:28] [INFO] /home/sweedal/FoodSAM/results/segmentations/dish_1561493975/sam_mask/28 assign label: [ 89, cilantro mint, 1.00, 0.0006 ]
[2025-07-23 22:10:43,058] [enhance_semantic_masks.py:28] [INFO] /home/sweedal/FoodSAM/results/segmentations/dish_1561493975/sam_mask/29 assign label: [ 0, background, 1.00, 0.0006 ]
[2025-07-23 22:10:43,059] [enhance_semantic_masks.py:28] [INFO] /home/sweedal/FoodSAM/results/segmentations/dish_1561493975/sam_mask/30 assign label: [ 89, cilantro mint, 0.98, 0.0023 ]
[2025-07-23 22:10:43,059] [enhance_semantic_masks.py:28] [INFO] /home/sweedal/FoodSAM/results/segmentations/dish_1561493975/sam_mask/31 assign label: [ 0, background, 1.00, 0.0007 ]
[2025-07-23 22:10:43,059] [enhance_semantic_masks.py:28] [INFO] /home/sweedal/FoodSAM/results/segmentations/dish_1561493975/sam_mask/32 assign label: [ 89, cilantro mint, 1.00, 0.0008 ]
[2025-07-23 22:10:43,059] [enhance_semantic_masks.py:28] [INFO] /home/sweedal/FoodSAM/results/segmentations/dish_1561493975/sam_mask/33 assign label: [ 89, cilantro mint, 1.00, 0.0023 ]
[2025-07-23 22:10:43,060] [enhance_semantic_masks.py:28] [INFO] /home/sweedal/FoodSAM/results/segmentations/dish_1561493975/sam_mask/34 assign label: [ 89, cilantro mint, 1.00, 0.0015 ]
[2025-07-23 22:10:43,060] [enhance_semantic_masks.py:28] [INFO] /home/sweedal/FoodSAM/results/segmentations/dish_1561493975/sam_mask/35 assign label: [ 89, cilantro mint, 1.00, 0.0009 ]
[2025-07-23 22:10:43,060] [enhance_semantic_masks.py:28] [INFO] /home/sweedal/FoodSAM/results/segmentations/dish_1561493975/sam_mask/36 assign label: [ 89, cilantro mint, 1.00, 0.0007 ]
[2025-07-23 22:10:43,061] [enhance_semantic_masks.py:28] [INFO] /home/sweedal/FoodSAM/results/segmentations/dish_1561493975/sam_mask/37 assign label: [ 0, background, 1.00, 0.0108 ]
[2025-07-23 22:10:43,062] [enhance_semantic_masks.py:28] [INFO] /home/sweedal/FoodSAM/results/segmentations/dish_1561493975/sam_mask/38 assign label: [ 0, background, 1.00, 0.0109 ]
[2025-07-23 22:10:43,062] [enhance_semantic_masks.py:28] [INFO] /home/sweedal/FoodSAM/results/segmentations/dish_1561493975/sam_mask/39 assign label: [ 0, background, 1.00, 0.0005 ]
[2025-07-23 22:10:43,062] [enhance_semantic_masks.py:28] [INFO] /home/sweedal/FoodSAM/results/segmentations/dish_1561493975/sam_mask/40 assign label: [ 89, cilantro mint, 1.00, 0.0009 ]
[2025-07-23 22:10:43,063] [enhance_semantic_masks.py:28] [INFO] /home/sweedal/FoodSAM/results/segmentations/dish_1561493975/sam_mask/41 assign label: [ 89, cilantro mint, 1.00, 0.0011 ]
[2025-07-23 22:10:43,063] [enhance_semantic_masks.py:28] [INFO] /home/sweedal/FoodSAM/results/segmentations/dish_1561493975/sam_mask/42 assign label: [ 0, background, 1.00, 0.0066 ]
[2025-07-23 22:10:43,063] [enhance_semantic_masks.py:28] [INFO] /home/sweedal/FoodSAM/results/segmentations/dish_1561493975/sam_mask/43 assign label: [ 89, cilantro mint, 0.89, 0.0007 ]
[2025-07-23 22:10:43,064] [enhance_semantic_masks.py:28] [INFO] /home/sweedal/FoodSAM/results/segmentations/dish_1561493975/sam_mask/44 assign label: [ 0, background, 1.00, 0.0026 ]
[2025-07-23 22:10:43,082] [enhance_semantic_masks.py:28] [INFO] /home/sweedal/FoodSAM/results/segmentations/dish_1566934401/sam_mask/0 assign label: [ 0, background, 1.00, 0.1790 ]
[2025-07-23 22:10:43,084] [enhance_semantic_masks.py:28] [INFO] /home/sweedal/FoodSAM/results/segmentations/dish_1566934401/sam_mask/1 assign label: [ 67, pie, 0.96, 0.0380 ]
[2025-07-23 22:10:43,121] [enhance_semantic_masks.py:28] [INFO] /home/sweedal/FoodSAM/results/segmentations/dish_1566934401/sam_mask/2 assign label: [ 0, background, 1.00, 0.4438 ]
[2025-07-23 22:10:43,135] [enhance_semantic_masks.py:28] [INFO] /home/sweedal/FoodSAM/results/segmentations/dish_1566934401/sam_mask/3 assign label: [ 0, background, 1.00, 0.1790 ]
[2025-07-23 22:10:43,140] [enhance_semantic_masks.py:28] [INFO] /home/sweedal/FoodSAM/results/segmentations/dish_1566934401/sam_mask/4 assign label: [ 54, fish, 0.83, 0.0629 ]
[2025-07-23 22:10:43,142] [enhance_semantic_masks.py:28] [INFO] /home/sweedal/FoodSAM/results/segmentations/dish_1566934401/sam_mask/5 assign label: [ 54, fish, 0.98, 0.0322 ]
[2025-07-23 22:10:43,143] [enhance_semantic_masks.py:28] [INFO] /home/sweedal/FoodSAM/results/segmentations/dish_1566934401/sam_mask/6 assign label: [ 0, background, 1.00, 0.0028 ]
[2025-07-23 22:10:43,143] [enhance_semantic_masks.py:28] [INFO] /home/sweedal/FoodSAM/results/segmentations/dish_1566934401/sam_mask/7 assign label: [ 0, background, 1.00, 0.0020 ]
[2025-07-23 22:10:43,143] [enhance_semantic_masks.py:28] [INFO] /home/sweedal/FoodSAM/results/segmentations/dish_1566934401/sam_mask/8 assign label: [ 67, pie, 1.00, 0.0013 ]
[2025-07-23 22:10:43,144] [enhance_semantic_masks.py:28] [INFO] /home/sweedal/FoodSAM/results/segmentations/dish_1566934401/sam_mask/9 assign label: [ 67, pie, 1.00, 0.0014 ]
[2025-07-23 22:10:43,144] [enhance_semantic_masks.py:28] [INFO] /home/sweedal/FoodSAM/results/segmentations/dish_1566934401/sam_mask/10 assign label: [ 103, other ingredients, 1.00, 0.0093 ]
[2025-07-23 22:10:43,145] [enhance_semantic_masks.py:28] [INFO] /home/sweedal/FoodSAM/results/segmentations/dish_1566934401/sam_mask/11 assign label: [ 103, other ingredients, 0.88, 0.0056 ]
[2025-07-23 22:10:43,145] [enhance_semantic_masks.py:28] [INFO] /home/sweedal/FoodSAM/results/segmentations/dish_1566934401/sam_mask/12 assign label: [ 103, other ingredients, 0.91, 0.0074 ]
[2025-07-23 22:10:43,146] [enhance_semantic_masks.py:28] [INFO] /home/sweedal/FoodSAM/results/segmentations/dish_1566934401/sam_mask/13 assign label: [ 103, other ingredients, 0.94, 0.0119 ]
[2025-07-23 22:10:43,146] [enhance_semantic_masks.py:28] [INFO] /home/sweedal/FoodSAM/results/segmentations/dish_1566934401/sam_mask/14 assign label: [ 103, other ingredients, 1.00, 0.0019 ]
[2025-07-23 22:10:43,148] [enhance_semantic_masks.py:28] [INFO] /home/sweedal/FoodSAM/results/segmentations/dish_1566934401/sam_mask/15 assign label: [ 54, fish, 0.69, 0.0264 ]
[2025-07-23 22:10:43,149] [enhance_semantic_masks.py:28] [INFO] /home/sweedal/FoodSAM/results/segmentations/dish_1566934401/sam_mask/16 assign label: [ 0, background, 1.00, 0.0007 ]
[2025-07-23 22:10:43,149] [enhance_semantic_masks.py:28] [INFO] /home/sweedal/FoodSAM/results/segmentations/dish_1566934401/sam_mask/17 assign label: [ 0, background, 1.00, 0.0009 ]
[2025-07-23 22:10:43,150] [enhance_semantic_masks.py:28] [INFO] /home/sweedal/FoodSAM/results/segmentations/dish_1566934401/sam_mask/18 assign label: [ 103, other ingredients, 1.00, 0.0139 ]
[2025-07-23 22:10:43,150] [enhance_semantic_masks.py:28] [INFO] /home/sweedal/FoodSAM/results/segmentations/dish_1566934401/sam_mask/19 assign label: [ 0, background, 1.00, 0.0017 ]
[2025-07-23 22:10:43,151] [enhance_semantic_masks.py:28] [INFO] /home/sweedal/FoodSAM/results/segmentations/dish_1566934401/sam_mask/20 assign label: [ 103, other ingredients, 0.87, 0.0064 ]
[2025-07-23 22:10:43,151] [enhance_semantic_masks.py:28] [INFO] /home/sweedal/FoodSAM/results/segmentations/dish_1566934401/sam_mask/21 assign label: [ 89, cilantro mint, 0.70, 0.0036 ]
[2025-07-23 22:10:43,151] [enhance_semantic_masks.py:28] [INFO] /home/sweedal/FoodSAM/results/segmentations/dish_1566934401/sam_mask/22 assign label: [ 103, other ingredients, 0.89, 0.0021 ]
[2025-07-23 22:10:43,152] [enhance_semantic_masks.py:28] [INFO] /home/sweedal/FoodSAM/results/segmentations/dish_1566934401/sam_mask/23 assign label: [ 9, cheese butter, 0.35, 0.0025 ]
[2025-07-23 22:10:43,152] [enhance_semantic_masks.py:28] [INFO] /home/sweedal/FoodSAM/results/segmentations/dish_1566934401/sam_mask/24 assign label: [ 0, background, 1.00, 0.0050 ]
[2025-07-23 22:10:43,152] [enhance_semantic_masks.py:28] [INFO] /home/sweedal/FoodSAM/results/segmentations/dish_1566934401/sam_mask/25 assign label: [ 67, pie, 1.00, 0.0016 ]
[2025-07-23 22:10:43,153] [enhance_semantic_masks.py:28] [INFO] /home/sweedal/FoodSAM/results/segmentations/dish_1566934401/sam_mask/26 assign label: [ 67, pie, 1.00, 0.0006 ]
[2025-07-23 22:10:43,153] [enhance_semantic_masks.py:28] [INFO] /home/sweedal/FoodSAM/results/segmentations/dish_1566934401/sam_mask/27 assign label: [ 103, other ingredients, 0.72, 0.0069 ]
[2025-07-23 22:10:43,154] [enhance_semantic_masks.py:28] [INFO] /home/sweedal/FoodSAM/results/segmentations/dish_1566934401/sam_mask/28 assign label: [ 103, other ingredients, 1.00, 0.0018 ]
[2025-07-23 22:10:43,155] [enhance_semantic_masks.py:28] [INFO] /home/sweedal/FoodSAM/results/segmentations/dish_1566934401/sam_mask/29 assign label: [ 67, pie, 0.99, 0.0120 ]
[2025-07-23 22:10:43,155] [enhance_semantic_masks.py:28] [INFO] /home/sweedal/FoodSAM/results/segmentations/dish_1566934401/sam_mask/30 assign label: [ 52, sauce, 0.55, 0.0080 ]
[2025-07-23 22:10:43,156] [enhance_semantic_masks.py:28] [INFO] /home/sweedal/FoodSAM/results/segmentations/dish_1566934401/sam_mask/31 assign label: [ 67, pie, 1.00, 0.0013 ]
[2025-07-23 22:10:43,156] [enhance_semantic_masks.py:28] [INFO] /home/sweedal/FoodSAM/results/segmentations/dish_1566934401/sam_mask/32 assign label: [ 67, pie, 0.45, 0.0017 ]
[2025-07-23 22:10:43,156] [enhance_semantic_masks.py:28] [INFO] /home/sweedal/FoodSAM/results/segmentations/dish_1566934401/sam_mask/33 assign label: [ 0, background, 1.00, 0.0022 ]
[2025-07-23 22:10:43,156] [enhance_semantic_masks.py:28] [INFO] /home/sweedal/FoodSAM/results/segmentations/dish_1566934401/sam_mask/34 assign label: [ 0, background, 0.58, 0.0002 ]
[2025-07-23 22:10:43,157] [enhance_semantic_masks.py:28] [INFO] /home/sweedal/FoodSAM/results/segmentations/dish_1566934401/sam_mask/35 assign label: [ 54, fish, 1.00, 0.0014 ]
[2025-07-23 22:10:43,157] [enhance_semantic_masks.py:28] [INFO] /home/sweedal/FoodSAM/results/segmentations/dish_1566934401/sam_mask/36 assign label: [ 0, background, 1.00, 0.0054 ]
[2025-07-23 22:10:43,157] [enhance_semantic_masks.py:28] [INFO] /home/sweedal/FoodSAM/results/segmentations/dish_1566934401/sam_mask/37 assign label: [ 103, other ingredients, 0.63, 0.0016 ]
[2025-07-23 22:10:43,158] [enhance_semantic_masks.py:28] [INFO] /home/sweedal/FoodSAM/results/segmentations/dish_1566934401/sam_mask/38 assign label: [ 103, other ingredients, 0.94, 0.0048 ]
[2025-07-23 22:10:43,159] [enhance_semantic_masks.py:28] [INFO] /home/sweedal/FoodSAM/results/segmentations/dish_1566934401/sam_mask/39 assign label: [ 103, other ingredients, 0.86, 0.0119 ]
[2025-07-23 22:10:43,159] [enhance_semantic_masks.py:28] [INFO] /home/sweedal/FoodSAM/results/segmentations/dish_1566934401/sam_mask/40 assign label: [ 67, pie, 0.44, 0.0015 ]
[2025-07-23 22:10:43,159] [enhance_semantic_masks.py:28] [INFO] /home/sweedal/FoodSAM/results/segmentations/dish_1566934401/sam_mask/41 assign label: [ 67, pie, 1.00, 0.0014 ]
[2025-07-23 22:10:43,159] [enhance_semantic_masks.py:28] [INFO] /home/sweedal/FoodSAM/results/segmentations/dish_1566934401/sam_mask/42 assign label: [ 103, other ingredients, 1.00, 0.0013 ]
[2025-07-23 22:10:43,160] [enhance_semantic_masks.py:28] [INFO] /home/sweedal/FoodSAM/results/segmentations/dish_1566934401/sam_mask/43 assign label: [ 103, other ingredients, 0.55, 0.0009 ]
[2025-07-23 22:10:43,161] [enhance_semantic_masks.py:28] [INFO] /home/sweedal/FoodSAM/results/segmentations/dish_1566934401/sam_mask/44 assign label: [ 0, background, 1.00, 0.0044 ]
[2025-07-23 22:10:43,161] [enhance_semantic_masks.py:28] [INFO] /home/sweedal/FoodSAM/results/segmentations/dish_1566934401/sam_mask/45 assign label: [ 67, pie, 1.00, 0.0005 ]
[2025-07-23 22:10:43,161] [enhance_semantic_masks.py:28] [INFO] /home/sweedal/FoodSAM/results/segmentations/dish_1566934401/sam_mask/46 assign label: [ 103, other ingredients, 0.93, 0.0034 ]
[2025-07-23 22:10:43,162] [enhance_semantic_masks.py:28] [INFO] /home/sweedal/FoodSAM/results/segmentations/dish_1566934401/sam_mask/47 assign label: [ 89, cilantro mint, 0.47, 0.0008 ]
[2025-07-23 22:10:43,163] [enhance_semantic_masks.py:28] [INFO] /home/sweedal/FoodSAM/results/segmentations/dish_1566934401/sam_mask/48 assign label: [ 103, other ingredients, 1.00, 0.0237 ]
[2025-07-23 22:10:43,164] [enhance_semantic_masks.py:28] [INFO] /home/sweedal/FoodSAM/results/segmentations/dish_1566934401/sam_mask/49 assign label: [ 89, cilantro mint, 0.42, 0.0028 ]
[2025-07-23 22:10:43,181] [enhance_semantic_masks.py:28] [INFO] /home/sweedal/FoodSAM/results/segmentations/dish_1562774159/sam_mask/0 assign label: [ 0, background, 1.00, 0.1761 ]
[2025-07-23 22:10:43,216] [enhance_semantic_masks.py:28] [INFO] /home/sweedal/FoodSAM/results/segmentations/dish_1562774159/sam_mask/1 assign label: [ 0, background, 0.99, 0.4126 ]
[2025-07-23 22:10:43,227] [enhance_semantic_masks.py:28] [INFO] /home/sweedal/FoodSAM/results/segmentations/dish_1562774159/sam_mask/2 assign label: [ 89, cilantro mint, 0.91, 0.1388 ]
[2025-07-23 22:10:43,241] [enhance_semantic_masks.py:28] [INFO] /home/sweedal/FoodSAM/results/segmentations/dish_1562774159/sam_mask/3 assign label: [ 0, background, 1.00, 0.1766 ]
[2025-07-23 22:10:43,242] [enhance_semantic_masks.py:28] [INFO] /home/sweedal/FoodSAM/results/segmentations/dish_1562774159/sam_mask/4 assign label: [ 30, strawberry, 0.96, 0.0097 ]
[2025-07-23 22:10:43,242] [enhance_semantic_masks.py:28] [INFO] /home/sweedal/FoodSAM/results/segmentations/dish_1562774159/sam_mask/5 assign label: [ 34, mango, 0.48, 0.0047 ]
[2025-07-23 22:10:43,242] [enhance_semantic_masks.py:28] [INFO] /home/sweedal/FoodSAM/results/segmentations/dish_1562774159/sam_mask/6 assign label: [ 34, mango, 0.89, 0.0053 ]
[2025-07-23 22:10:43,243] [enhance_semantic_masks.py:28] [INFO] /home/sweedal/FoodSAM/results/segmentations/dish_1562774159/sam_mask/7 assign label: [ 34, mango, 0.48, 0.0047 ]
[2025-07-23 22:10:43,243] [enhance_semantic_masks.py:28] [INFO] /home/sweedal/FoodSAM/results/segmentations/dish_1562774159/sam_mask/8 assign label: [ 32, blueberry, 0.99, 0.0019 ]
[2025-07-23 22:10:43,244] [enhance_semantic_masks.py:28] [INFO] /home/sweedal/FoodSAM/results/segmentations/dish_1562774159/sam_mask/9 assign label: [ 34, mango, 0.67, 0.0049 ]
[2025-07-23 22:10:43,244] [enhance_semantic_masks.py:28] [INFO] /home/sweedal/FoodSAM/results/segmentations/dish_1562774159/sam_mask/10 assign label: [ 30, strawberry, 0.96, 0.0097 ]
[2025-07-23 22:10:43,245] [enhance_semantic_masks.py:28] [INFO] /home/sweedal/FoodSAM/results/segmentations/dish_1562774159/sam_mask/11 assign label: [ 32, blueberry, 0.91, 0.0013 ]
[2025-07-23 22:10:43,245] [enhance_semantic_masks.py:28] [INFO] /home/sweedal/FoodSAM/results/segmentations/dish_1562774159/sam_mask/12 assign label: [ 0, background, 1.00, 0.0017 ]
[2025-07-23 22:10:43,246] [enhance_semantic_masks.py:28] [INFO] /home/sweedal/FoodSAM/results/segmentations/dish_1562774159/sam_mask/13 assign label: [ 34, mango, 0.72, 0.0099 ]
[2025-07-23 22:10:43,246] [enhance_semantic_masks.py:28] [INFO] /home/sweedal/FoodSAM/results/segmentations/dish_1562774159/sam_mask/14 assign label: [ 30, strawberry, 0.89, 0.0076 ]
[2025-07-23 22:10:43,247] [enhance_semantic_masks.py:28] [INFO] /home/sweedal/FoodSAM/results/segmentations/dish_1562774159/sam_mask/15 assign label: [ 89, cilantro mint, 1.00, 0.0036 ]
[2025-07-23 22:10:43,247] [enhance_semantic_masks.py:28] [INFO] /home/sweedal/FoodSAM/results/segmentations/dish_1562774159/sam_mask/16 assign label: [ 43, melon, 0.89, 0.0048 ]
[2025-07-23 22:10:43,248] [enhance_semantic_masks.py:28] [INFO] /home/sweedal/FoodSAM/results/segmentations/dish_1562774159/sam_mask/17 assign label: [ 34, mango, 0.79, 0.0074 ]
[2025-07-23 22:10:43,248] [enhance_semantic_masks.py:28] [INFO] /home/sweedal/FoodSAM/results/segmentations/dish_1562774159/sam_mask/18 assign label: [ 0, background, 0.76, 0.0006 ]
[2025-07-23 22:10:43,248] [enhance_semantic_masks.py:28] [INFO] /home/sweedal/FoodSAM/results/segmentations/dish_1562774159/sam_mask/19 assign label: [ 89, cilantro mint, 1.00, 0.0046 ]
[2025-07-23 22:10:43,249] [enhance_semantic_masks.py:28] [INFO] /home/sweedal/FoodSAM/results/segmentations/dish_1562774159/sam_mask/20 assign label: [ 89, cilantro mint, 1.00, 0.0035 ]
[2025-07-23 22:10:43,249] [enhance_semantic_masks.py:28] [INFO] /home/sweedal/FoodSAM/results/segmentations/dish_1562774159/sam_mask/21 assign label: [ 0, background, 1.00, 0.0010 ]
[2025-07-23 22:10:43,250] [enhance_semantic_masks.py:28] [INFO] /home/sweedal/FoodSAM/results/segmentations/dish_1562774159/sam_mask/22 assign label: [ 89, cilantro mint, 1.00, 0.0140 ]
[2025-07-23 22:10:43,250] [enhance_semantic_masks.py:28] [INFO] /home/sweedal/FoodSAM/results/segmentations/dish_1562774159/sam_mask/23 assign label: [ 0, background, 1.00, 0.0017 ]
[2025-07-23 22:10:43,250] [enhance_semantic_masks.py:28] [INFO] /home/sweedal/FoodSAM/results/segmentations/dish_1562774159/sam_mask/24 assign label: [ 89, cilantro mint, 1.00, 0.0006 ]
[2025-07-23 22:10:43,251] [enhance_semantic_masks.py:28] [INFO] /home/sweedal/FoodSAM/results/segmentations/dish_1562774159/sam_mask/25 assign label: [ 0, background, 1.00, 0.0021 ]
[2025-07-23 22:10:43,252] [enhance_semantic_masks.py:28] [INFO] /home/sweedal/FoodSAM/results/segmentations/dish_1562774159/sam_mask/26 assign label: [ 0, background, 1.00, 0.0125 ]
[2025-07-23 22:10:43,252] [enhance_semantic_masks.py:28] [INFO] /home/sweedal/FoodSAM/results/segmentations/dish_1562774159/sam_mask/27 assign label: [ 34, mango, 0.78, 0.0102 ]
[2025-07-23 22:10:43,253] [enhance_semantic_masks.py:28] [INFO] /home/sweedal/FoodSAM/results/segmentations/dish_1562774159/sam_mask/28 assign label: [ 32, blueberry, 0.91, 0.0017 ]
[2025-07-23 22:10:43,253] [enhance_semantic_masks.py:28] [INFO] /home/sweedal/FoodSAM/results/segmentations/dish_1562774159/sam_mask/29 assign label: [ 89, cilantro mint, 1.00, 0.0028 ]
[2025-07-23 22:10:43,253] [enhance_semantic_masks.py:28] [INFO] /home/sweedal/FoodSAM/results/segmentations/dish_1562774159/sam_mask/30 assign label: [ 89, cilantro mint, 1.00, 0.0046 ]
[2025-07-23 22:10:43,254] [enhance_semantic_masks.py:28] [INFO] /home/sweedal/FoodSAM/results/segmentations/dish_1562774159/sam_mask/31 assign label: [ 34, mango, 0.78, 0.0102 ]
[2025-07-23 22:10:43,254] [enhance_semantic_masks.py:28] [INFO] /home/sweedal/FoodSAM/results/segmentations/dish_1562774159/sam_mask/32 assign label: [ 0, background, 1.00, 0.0012 ]
[2025-07-23 22:10:43,255] [enhance_semantic_masks.py:28] [INFO] /home/sweedal/FoodSAM/results/segmentations/dish_1562774159/sam_mask/33 assign label: [ 89, cilantro mint, 0.66, 0.0004 ]
[2025-07-23 22:10:43,255] [enhance_semantic_masks.py:28] [INFO] /home/sweedal/FoodSAM/results/segmentations/dish_1562774159/sam_mask/34 assign label: [ 32, blueberry, 0.49, 0.0017 ]
[2025-07-23 22:10:43,255] [enhance_semantic_masks.py:28] [INFO] /home/sweedal/FoodSAM/results/segmentations/dish_1562774159/sam_mask/35 assign label: [ 89, cilantro mint, 1.00, 0.0037 ]
[2025-07-23 22:10:43,256] [enhance_semantic_masks.py:28] [INFO] /home/sweedal/FoodSAM/results/segmentations/dish_1562774159/sam_mask/36 assign label: [ 89, cilantro mint, 1.00, 0.0106 ]
[2025-07-23 22:10:43,256] [enhance_semantic_masks.py:28] [INFO] /home/sweedal/FoodSAM/results/segmentations/dish_1562774159/sam_mask/37 assign label: [ 89, cilantro mint, 1.00, 0.0017 ]
[2025-07-23 22:10:43,256] [enhance_semantic_masks.py:28] [INFO] /home/sweedal/FoodSAM/results/segmentations/dish_1562774159/sam_mask/38 assign label: [ 89, cilantro mint, 1.00, 0.0017 ]
[2025-07-23 22:10:43,257] [enhance_semantic_masks.py:28] [INFO] /home/sweedal/FoodSAM/results/segmentations/dish_1562774159/sam_mask/39 assign label: [ 0, background, 1.00, 0.0047 ]
[2025-07-23 22:10:43,258] [enhance_semantic_masks.py:28] [INFO] /home/sweedal/FoodSAM/results/segmentations/dish_1562774159/sam_mask/40 assign label: [ 0, background, 1.00, 0.0108 ]
[2025-07-23 22:10:43,258] [enhance_semantic_masks.py:28] [INFO] /home/sweedal/FoodSAM/results/segmentations/dish_1562774159/sam_mask/41 assign label: [ 32, blueberry, 0.96, 0.0033 ]
[2025-07-23 22:10:43,259] [enhance_semantic_masks.py:28] [INFO] /home/sweedal/FoodSAM/results/segmentations/dish_1562774159/sam_mask/42 assign label: [ 89, cilantro mint, 1.00, 0.0090 ]
[2025-07-23 22:10:43,259] [enhance_semantic_masks.py:28] [INFO] /home/sweedal/FoodSAM/results/segmentations/dish_1562774159/sam_mask/43 assign label: [ 89, cilantro mint, 1.00, 0.0017 ]
[2025-07-23 22:10:43,259] [enhance_semantic_masks.py:28] [INFO] /home/sweedal/FoodSAM/results/segmentations/dish_1562774159/sam_mask/44 assign label: [ 0, background, 1.00, 0.0007 ]
[2025-07-23 22:10:43,260] [enhance_semantic_masks.py:28] [INFO] /home/sweedal/FoodSAM/results/segmentations/dish_1562774159/sam_mask/45 assign label: [ 0, background, 1.00, 0.0036 ]
[2025-07-23 22:10:43,260] [enhance_semantic_masks.py:28] [INFO] /home/sweedal/FoodSAM/results/segmentations/dish_1562774159/sam_mask/46 assign label: [ 0, background, 1.00, 0.0026 ]
[2025-07-23 22:10:43,260] [enhance_semantic_masks.py:28] [INFO] /home/sweedal/FoodSAM/results/segmentations/dish_1562774159/sam_mask/47 assign label: [ 43, melon, 0.94, 0.0010 ]
[2025-07-23 22:10:43,261] [enhance_semantic_masks.py:28] [INFO] /home/sweedal/FoodSAM/results/segmentations/dish_1562774159/sam_mask/48 assign label: [ 0, background, 1.00, 0.0030 ]
[2025-07-23 22:10:43,262] [enhance_semantic_masks.py:28] [INFO] /home/sweedal/FoodSAM/results/segmentations/dish_1562774159/sam_mask/49 assign label: [ 43, melon, 0.54, 0.0097 ]
[2025-07-23 22:10:43,262] [enhance_semantic_masks.py:28] [INFO] /home/sweedal/FoodSAM/results/segmentations/dish_1562774159/sam_mask/50 assign label: [ 89, cilantro mint, 1.00, 0.0008 ]
[2025-07-23 22:10:43,265] [enhance_semantic_masks.py:28] [INFO] /home/sweedal/FoodSAM/results/segmentations/dish_1562774159/sam_mask/51 assign label: [ 0, background, 1.00, 0.0492 ]
[2025-07-23 22:10:43,269] [enhance_semantic_masks.py:28] [INFO] /home/sweedal/FoodSAM/results/segmentations/dish_1562774159/sam_mask/52 assign label: [ 0, background, 1.00, 0.0493 ]
[2025-07-23 22:10:43,269] [enhance_semantic_masks.py:28] [INFO] /home/sweedal/FoodSAM/results/segmentations/dish_1562774159/sam_mask/53 assign label: [ 89, cilantro mint, 0.92, 0.0012 ]
[2025-07-23 22:10:43,269] [enhance_semantic_masks.py:28] [INFO] /home/sweedal/FoodSAM/results/segmentations/dish_1562774159/sam_mask/54 assign label: [ 32, blueberry, 0.73, 0.0006 ]
[2025-07-23 22:10:43,269] [enhance_semantic_masks.py:28] [INFO] /home/sweedal/FoodSAM/results/segmentations/dish_1562774159/sam_mask/55 assign label: [ 89, cilantro mint, 0.54, 0.0011 ]
[2025-07-23 22:10:43,270] [enhance_semantic_masks.py:28] [INFO] /home/sweedal/FoodSAM/results/segmentations/dish_1562774159/sam_mask/56 assign label: [ 32, blueberry, 0.72, 0.0016 ]
[2025-07-23 22:10:43,270] [enhance_semantic_masks.py:28] [INFO] /home/sweedal/FoodSAM/results/segmentations/dish_1562774159/sam_mask/57 assign label: [ 89, cilantro mint, 1.00, 0.0075 ]
[2025-07-23 22:10:43,271] [enhance_semantic_masks.py:28] [INFO] /home/sweedal/FoodSAM/results/segmentations/dish_1562774159/sam_mask/58 assign label: [ 89, cilantro mint, 1.00, 0.0011 ]
[2025-07-23 22:10:43,271] [enhance_semantic_masks.py:28] [INFO] /home/sweedal/FoodSAM/results/segmentations/dish_1562774159/sam_mask/59 assign label: [ 0, background, 1.00, 0.0008 ]
[2025-07-23 22:10:43,271] [enhance_semantic_masks.py:28] [INFO] /home/sweedal/FoodSAM/results/segmentations/dish_1562774159/sam_mask/60 assign label: [ 32, blueberry, 1.00, 0.0011 ]
[2025-07-23 22:10:43,271] [enhance_semantic_masks.py:28] [INFO] /home/sweedal/FoodSAM/results/segmentations/dish_1562774159/sam_mask/61 assign label: [ 89, cilantro mint, 1.00, 0.0014 ]
[2025-07-23 22:10:43,275] [enhance_semantic_masks.py:28] [INFO] /home/sweedal/FoodSAM/results/segmentations/dish_1562774159/sam_mask/62 assign label: [ 0, background, 1.00, 0.0490 ]
[2025-07-23 22:10:43,275] [enhance_semantic_masks.py:28] [INFO] /home/sweedal/FoodSAM/results/segmentations/dish_1562774159/sam_mask/63 assign label: [ 0, background, 0.47, 0.0012 ]
[2025-07-23 22:10:43,275] [enhance_semantic_masks.py:28] [INFO] /home/sweedal/FoodSAM/results/segmentations/dish_1562774159/sam_mask/64 assign label: [ 32, blueberry, 0.96, 0.0033 ]
[2025-07-23 22:10:44,915] [semantic.py:310] [INFO] enhance semantic masks done!

[2025-07-23 22:10:44,915] [semantic.py:317] [INFO] The results saved in /home/sweedal/FoodSAM/results/segmentations!

